{
    "expt_args": {
        "save_dir": "all_expt_logs/expt_logs_sim_compsel_backwardbugfixed_cameraready_half",
        "exp_name": "137",
        "num_nodes": 4,
        "num_tgt_prior": 5,
        "obs_noise_mean": 0.0,
        "obs_noise_var": 1.0,
        "obs_noise_gamma_shape": null,
        "noise_type": "gaussian",
        "max_edge_strength": 1.0,
        "graph_sparsity_method": "adj_dense_prop",
        "adj_dense_prop": 0.8,
        "num_parents": null,
        "new_noise_mean": 1.0,
        "mix_samples": 32768,
        "stage2_samples": 32768,
        "gmm_tol": 0.001,
        "intv_type": "do",
        "new_noise_var": null,
        "dtype": "simulation",
        "cutoff_drop_ratio": 0.07,
        "intv_targets": [
            0,
            3
        ]
    },
    "intv_args_dict": {
        "0": {
            "intv_type": "do",
            "inode": 0,
            "new_mui": 1.0,
            "new_vari": null,
            "noise_type": "gaussian",
            "obs_noise_gamma_shape": null,
            "true_params": {
                "Si": [
                    [
                        1e-09,
                        5.158406126895225e-10,
                        -3.7365186390857084e-10,
                        9.283553158655164e-10
                    ],
                    [
                        5.158406126895225e-10,
                        1.0000000002660916,
                        -0.7243552655922662,
                        0.2748088907481524
                    ],
                    [
                        -3.7365186390857084e-10,
                        -0.7243552655922662,
                        1.5246905506516266,
                        0.30971179665514215
                    ],
                    [
                        9.283553158655164e-10,
                        0.2748088907481524,
                        0.30971179665514215,
                        1.3343679222375415
                    ]
                ],
                "mui": [
                    1.0,
                    0.5158406126895225,
                    -0.3736518639085708,
                    0.9283553158655163
                ],
                "Ai": [
                    [
                        0.0,
                        0.0,
                        0.0,
                        0.0
                    ],
                    [
                        0.5158406126895225,
                        0.0,
                        0.0,
                        0.0
                    ],
                    [
                        -0.0,
                        -0.7243552653995213,
                        0.0,
                        0.0
                    ],
                    [
                        0.786597729536489,
                        0.6433398891050103,
                        0.5087710636471682,
                        0.0
                    ]
                ]
            },
            "est_params": {
                "mui": [
                    1.0000007186519781,
                    0.5120604936712654,
                    -0.3768157201758531,
                    0.9251268197468371
                ],
                "Si": [
                    [
                        1.0135766149279667e-06,
                        4.4056099220947624e-07,
                        6.933298535091682e-07,
                        1.5630421326885762e-06
                    ],
                    [
                        4.4056099220947624e-07,
                        1.022991898180704,
                        -0.7501632488573282,
                        0.2846466720617368
                    ],
                    [
                        6.933298535091684e-07,
                        -0.7501632488573282,
                        1.5532991794314963,
                        0.2905494688859411
                    ],
                    [
                        1.5630421326885762e-06,
                        0.2846466720617368,
                        0.2905494688859411,
                        1.3430097157329914
                    ]
                ]
            },
            "est_tgt": [
                0,
                2,
                3
            ],
            "oracle_est_tgt": [
                0,
                2,
                3
            ]
        },
        "3": {
            "intv_type": "do",
            "inode": 3,
            "new_mui": 1.0,
            "new_vari": null,
            "noise_type": "gaussian",
            "obs_noise_gamma_shape": null,
            "true_params": {
                "Si": [
                    [
                        1.0,
                        0.5158406126895225,
                        -0.3736518639085708,
                        0.0
                    ],
                    [
                        0.5158406126895225,
                        1.266091537699902,
                        -0.9171000718107005,
                        0.0
                    ],
                    [
                        -0.3736518639085708,
                        -0.9171000718107005,
                        1.6643062659143602,
                        0.0
                    ],
                    [
                        0.0,
                        0.0,
                        0.0,
                        1e-09
                    ]
                ],
                "mui": [
                    0.0,
                    0.0,
                    0.0,
                    1.0
                ],
                "Ai": [
                    [
                        0.0,
                        0.0,
                        0.0,
                        0.0
                    ],
                    [
                        0.5158406126895225,
                        0.0,
                        0.0,
                        0.0
                    ],
                    [
                        -0.0,
                        -0.7243552653995213,
                        0.0,
                        0.0
                    ],
                    [
                        0.0,
                        0.0,
                        0.0,
                        0.0
                    ]
                ]
            },
            "est_params": {
                "mui": [
                    0.001519911664133197,
                    0.0016957548096490037,
                    -0.011932453091091236,
                    1.000000517119199
                ],
                "Si": [
                    [
                        0.9698863480541651,
                        0.4964864822786965,
                        -0.3557688407966471,
                        -1.132839770141207e-06
                    ],
                    [
                        0.4964864822786965,
                        1.2420375214244874,
                        -0.8902267745967387,
                        -1.6965578514237294e-06
                    ],
                    [
                        -0.35576884079664717,
                        -0.8902267745967387,
                        1.6305672987671103,
                        6.66415781440424e-07
                    ],
                    [
                        -1.1328397701412074e-06,
                        -1.696557851423729e-06,
                        6.664157814404243e-07,
                        1.0140224887175424e-06
                    ]
                ]
            },
            "est_tgt": [
                0,
                1,
                3
            ],
            "oracle_est_tgt": [
                0,
                1,
                3
            ]
        },
        "obs": {
            "intv_type": "obs",
            "noise_type": "gaussian",
            "obs_noise_gamma_shape": null,