{
    "expt_args": {
        "save_dir": "all_expt_logs/expt_logs_sim_compsel_backwardbugfixed_cameraready_half",
        "exp_name": "133",
        "num_nodes": 4,
        "num_tgt_prior": 5,
        "obs_noise_mean": 0.0,
        "obs_noise_var": 1.0,
        "obs_noise_gamma_shape": null,
        "noise_type": "gaussian",
        "max_edge_strength": 1.0,
        "graph_sparsity_method": "adj_dense_prop",
        "adj_dense_prop": 0.8,
        "num_parents": null,
        "new_noise_mean": 1.0,
        "mix_samples": 2048,
        "stage2_samples": 2048,
        "gmm_tol": 0.001,
        "intv_type": "do",
        "new_noise_var": null,
        "dtype": "simulation",
        "cutoff_drop_ratio": 0.07,
        "intv_targets": [
            3,
            0
        ]
    },
    "intv_args_dict": {
        "3": {
            "intv_type": "do",
            "inode": 3,
            "new_mui": 1.0,
            "new_vari": null,
            "noise_type": "gaussian",
            "obs_noise_gamma_shape": null,
            "true_params": {
                "Si": [
                    [
                        1.0,
                        -0.534133061841146,
                        -1.0687431638609848,
                        0.0
                    ],
                    [
                        -0.534133061841146,
                        1.2852981277517974,
                        1.2658608921182297,
                        0.0
                    ],
                    [
                        -1.0687431638609848,
                        1.2658608921182297,
                        2.625250619216171,
                        0.0
                    ],
                    [
                        0.0,
                        0.0,
                        0.0,
                        1e-09
                    ]
                ],
                "mui": [
                    0.0,
                    0.0,
                    0.0,
                    1.0
                ],
                "Ai": [
                    [
                        0.0,
                        0.0,
                        0.0,
                        0.0
                    ],
                    [
                        -0.534133061841146,
                        0.0,
                        0.0,
                        0.0
                    ],
                    [
                        -0.6975154333859817,
                        0.6950098336833683,
                        0.0,
                        0.0
                    ],
                    [
                        0.0,
                        0.0,
                        0.0,
                        0.0
                    ]
                ]
            },
            "est_params": {
                "mui": [
                    -0.0610655060308394,
                    0.07671890030938203,
                    0.17618896127918418,
                    1.000001186252098
                ],
                "Si": [
                    [
                        0.9558166776673082,
                        -0.5042870953897327,
                        -1.0102655991236211,
                        -5.53935711708407e-06
                    ],
                    [
                        -0.5042870953897327,
                        1.2156070581112295,
                        1.1904100093587655,
                        -1.8451721453287273e-06
                    ],
                    [
                        -1.0102655991236211,
                        1.1904100093587655,
                        2.5939754889725566,
                        9.592124462299125e-06
                    ],
                    [
                        -5.53935711708407e-06,
                        -1.8451721453287271e-06,
                        9.592124462299127e-06,
                        1.0326307718959724e-06
                    ]
                ]
            },
            "est_tgt": [
                3
            ],
            "oracle_est_tgt": [
                3
            ]
        },
        "0": {
            "intv_type": "do",
            "inode": 0,
            "new_mui": 1.0,
            "new_vari": null,
            "noise_type": "gaussian",
            "obs_noise_gamma_shape": null,
            "true_params": {
                "Si": [
                    [
                        1e-09,
                        -5.34133061841146e-10,
                        -1.0687431638609848e-09,
                        -2.5754934392193053e-10
                    ],
                    [
                        -5.34133061841146e-10,
                        1.0000000002852982,
                        0.6950098342542194,
                        0.0815842841645551
                    ],
                    [
                        -1.0687431638609848e-09,
                        0.6950098342542194,
                        1.4830386700587952,
                        -0.7011451537046864
                    ],
                    [
                        -2.5754934392193053e-10,
                        0.0815842841645551,
                        -0.7011451537046864,
                        1.580988121882748
                    ]
                ],
                "mui": [
                    1.0,
                    -0.534133061841146,
                    -1.0687431638609848,
                    -0.2575493439219305
                ],
                "Ai": [
                    [
                        0.0,
                        0.0,
                        0.0,
                        0.0
                    ],
                    [
                        -0.534133061841146,
                        0.0,
                        0.0,
                        0.0
                    ],
                    [
                        -0.6975154333859817,
                        0.6950098336833683,
                        0.0,
                        0.0
                    ],
                    [
                        -0.7425824826150311,
                        0.6082954248433972,
                        -0.7578470336527152,
                        0.0
                    ]
                ]
            },
            "est_params": {
                "mui": [
                    0.9999986484722105,
                    -0.5948816768049763,
                    -1.0865586895331159,
                    -0.30500210844196857
                ],
                "Si": [
                    [
                        1.0122924523093144e-06,
                        -1.961080690096955e-06,
                        4.5017003422137405e-06,
                        -6.284648199142272e-06
                    ],
                    [
                        -1.961080690096955e-06,
                        0.9560156810120126,
                        0.6341044745380057,
                        0.12022849100947615
                    ],
                    [
                        4.50170034221374e-06,
                        0.6341044745380057,
                        1.3774218313856823,
                        -0.6923776821473216
                    ],
                    [
                        -6.284648199142272e-06,
                        0.12022849100947616,
                        -0.6923776821473216,
                        1.5901821662067497
                    ]
                ]
            },
            "est_tgt": [
                0
            ],
            "oracle_est_tgt": [
                0
            ]
        },
        "obs": {
            "intv_type": "obs",
            "noise_type": "gaussian",
            "obs_noise_gamma_shape": null,