{
    "expt_args": {
        "save_dir": "all_expt_logs/expt_logs_sim_compsel_backwardbugfixed_cameraready_half",
        "exp_name": "297",
        "num_nodes": 4,
        "num_tgt_prior": 5,
        "obs_noise_mean": 0.0,
        "obs_noise_var": 1.0,
        "obs_noise_gamma_shape": null,
        "noise_type": "gaussian",
        "max_edge_strength": 1.0,
        "graph_sparsity_method": "adj_dense_prop",
        "adj_dense_prop": 0.8,
        "num_parents": null,
        "new_noise_mean": 1.0,
        "mix_samples": 1024,
        "stage2_samples": 1024,
        "gmm_tol": 0.001,
        "intv_type": "do",
        "new_noise_var": null,
        "dtype": "simulation",
        "cutoff_drop_ratio": 0.07,
        "intv_targets": [
            1,
            3
        ]
    },
    "intv_args_dict": {
        "1": {
            "intv_type": "do",
            "inode": 1,
            "new_mui": 1.0,
            "new_vari": null,
            "noise_type": "gaussian",
            "obs_noise_gamma_shape": null,
            "true_params": {
                "Si": [
                    [
                        1.0,
                        0.0,
                        0.891099757521522,
                        -0.28848433448024235
                    ],
                    [
                        0.0,
                        1e-09,
                        -9.659086830401906e-10,
                        2.7767958673431007e-10
                    ],
                    [
                        0.891099757521522,
                        -9.659086830401906e-10,
                        1.794058778787895,
                        -1.1463002981441728
                    ],
                    [
                        -0.28848433448024235,
                        2.7767958673431007e-10,
                        -1.1463002981441728,
                        1.873956720898279
                    ]
                ],
                "mui": [
                    0.0,
                    1.0,
                    -0.9659086830401906,
                    0.27767958673431004
                ],
                "Ai": [
                    [
                        0.0,
                        0.0,
                        0.0,
                        0.0
                    ],
                    [
                        0.0,
                        0.0,
                        0.0,
                        0.0
                    ],
                    [
                        0.891099757521522,
                        -0.9659086830401906,
                        0.0,
                        0.0
                    ],
                    [
                        0.5039100649362038,
                        -0.5812373014461659,
                        -0.889231977371858,
                        0.0
                    ]
                ]
            },
            "est_params": {
                "mui": [
                    -0.033505056885324576,
                    1.000000983008024,
                    -0.9589493829778793,
                    0.2716466870595671
                ],
                "Si": [
                    [
                        0.888193799006795,
                        5.19236071630765e-07,
                        0.8629967825566871,
                        -0.31134809381359413
                    ],
                    [
                        5.192360716307656e-07,
                        1.0021373861977324e-06,
                        -2.2076107385135917e-06,
                        2.7349046325443353e-06
                    ],
                    [
                        0.8629967825566871,
                        -2.207610738513592e-06,
                        1.7156054783350436,
                        -1.12400938168894
                    ],
                    [
                        -0.31134809381359413,
                        2.7349046325443357e-06,
                        -1.12400938168894,
                        1.9018338008125835
                    ]
                ]
            },
            "est_tgt": [
                1
            ],
            "oracle_est_tgt": [
                1,
                2
            ]
        },
        "3": {
            "intv_type": "do",
            "inode": 3,
            "new_mui": 1.0,
            "new_vari": null,
            "noise_type": "gaussian",
            "obs_noise_gamma_shape": null,
            "true_params": {
                "Si": [
                    [
                        1.0,
                        -0.8655008894853486,
                        1.7270945818544288,
                        0.0
                    ],
                    [
                        -0.8655008894853486,
                        1.7490917896999298,
                        -2.460710579860525,
                        0.0
                    ],
                    [
                        1.7270945818544288,
                        -2.460710579860525,
                        4.9158352786433595,
                        0.0
                    ],
                    [
                        0.0,
                        0.0,
                        0.0,
                        1e-09
                    ]
                ],
                "mui": [
                    0.0,
                    0.0,
                    0.0,
                    1.0
                ],
                "Ai": [
                    [
                        0.0,
                        0.0,
                        0.0,
                        0.0
                    ],
                    [
                        -0.8655008894853486,
                        0.0,
                        0.0,
                        0.0
                    ],
                    [
                        0.891099757521522,
                        -0.9659086830401906,
                        0.0,
                        0.0
                    ],
                    [
                        0.0,
                        0.0,
                        0.0,
                        0.0
                    ]
                ]
            },
            "est_params": {
                "mui": [
                    0.046280704044939634,
                    0.08291982254803608,
                    -0.05644648094677083,
                    1.000001869589705
                ],
                "Si": [
                    [
                        0.8968175745635154,
                        -0.6758467263401261,
                        1.3651964101348524,
                        1.4851332986803215e-06
                    ],
                    [
                        -0.6758467263401261,
                        1.5494819726479876,
                        -2.03269887514378,
                        3.114237057791123e-06
                    ],
                    [
                        1.3651964101348524,
                        -2.03269887514378,
                        4.159894187401774,
                        1.8471606244486013e-07
                    ],
                    [
                        1.4851332986803208e-06,
                        3.1142370577911227e-06,
                        1.8471606244485917e-07,
                        1.0048333547974616e-06
                    ]
                ]
            },
            "est_tgt": [
                2,
                3
            ],
            "oracle_est_tgt": [
                3
            ]
        },
        "obs": {
            "intv_type": "obs",
            "noise_type": "gaussian",
            "obs_noise_gamma_shape": null,