{
    "expt_args": {
        "save_dir": "all_expt_logs/expt_logs_sim_compsel_backwardbugfixed_cameraready_half",
        "exp_name": "10",
        "num_nodes": 4,
        "num_tgt_prior": 5,
        "obs_noise_mean": 0.0,
        "obs_noise_var": 1.0,
        "obs_noise_gamma_shape": null,
        "noise_type": "gaussian",
        "max_edge_strength": 1.0,
        "graph_sparsity_method": "adj_dense_prop",
        "adj_dense_prop": 0.8,
        "num_parents": null,
        "new_noise_mean": 1.0,
        "mix_samples": 1048576,
        "stage2_samples": 1048576,
        "gmm_tol": 0.001,
        "intv_type": "do",
        "new_noise_var": null,
        "dtype": "simulation",
        "cutoff_drop_ratio": 0.07,
        "intv_targets": [
            1,
            0
        ]
    },
    "intv_args_dict": {
        "1": {
            "intv_type": "do",
            "inode": 1,
            "new_mui": 1.0,
            "new_vari": null,
            "noise_type": "gaussian",
            "obs_noise_gamma_shape": null,
            "true_params": {
                "Si": [
                    [
                        1.0,
                        0.0,
                        -0.5794401895765816,
                        0.48728741862799757
                    ],
                    [
                        0.0,
                        1e-09,
                        -8.773176265997653e-10,
                        1.6472755671023311e-10
                    ],
                    [
                        -0.5794401895765816,
                        -8.773176265997653e-10,
                        1.335750934066231,
                        -1.1233163249780524
                    ],
                    [
                        0.48728741862799757,
                        1.6472755671023311e-10,
                        -1.1233163249780524,
                        1.944666804431592
                    ]
                ],
                "mui": [
                    0.0,
                    1.0,
                    -0.8773176265997653,
                    0.1647275567102331
                ],
                "Ai": [
                    [
                        0.0,
                        0.0,
                        0.0,
                        0.0
                    ],
                    [
                        0.0,
                        0.0,
                        0.0,
                        0.0
                    ],
                    [
                        -0.5794401895765816,
                        -0.8773176265997653,
                        0.0,
                        0.0
                    ],
                    [
                        0.0,
                        -0.5730635894217524,
                        -0.8409624106054441,
                        0.0
                    ]
                ]
            },
            "est_params": {
                "mui": [
                    0.0006374307593012573,
                    1.000000046567019,
                    -0.878162597631736,
                    0.16551273341304995
                ],
                "Si": [
                    [
                        1.000510766559048,
                        -7.082529229008549e-08,
                        -0.5807359447453321,
                        0.48856682231026893
                    ],
                    [
                        -7.082529229008539e-08,
                        1.010072485354887e-06,
                        -1.3984695559380415e-07,
                        1.0882357151250058e-07
                    ],
                    [
                        -0.5807359447453321,
                        -1.398469555938043e-07,
                        1.3365282540004257,
                        -1.1227140534010809
                    ],
                    [
                        0.48856682231026893,
                        1.0882357151250053e-07,
                        -1.1227140534010809,
                        1.9436416296560919
                    ]
                ]
            },
            "est_tgt": [
                1
            ],
            "oracle_est_tgt": [
                1
            ]
        },
        "0": {
            "intv_type": "do",
            "inode": 0,
            "new_mui": 1.0,
            "new_vari": null,
            "noise_type": "gaussian",
            "obs_noise_gamma_shape": null,
            "true_params": {
                "Si": [
                    [
                        1e-09,
                        5.84720376786481e-10,
                        -1.0924256827634178e-09,
                        5.836069776547217e-10
                    ],
                    [
                        5.84720376786481e-10,
                        1.0000000003418978,
                        -0.8773176272385289,
                        0.16472755705147998
                    ],
                    [
                        -1.0924256827634178e-09,
                        -0.8773176272385289,
                        1.7696862191360392,
                        -0.9854808003315912
                    ],
                    [
                        5.836069776547217e-10,
                        0.16472755705147998,
                        -0.9854808003315912,
                        1.7343529443316397
                    ]
                ],
                "mui": [
                    1.0,
                    0.584720376786481,
                    -1.0924256827634178,
                    0.5836069776547217
                ],
                "Ai": [
                    [
                        0.0,
                        0.0,
                        0.0,
                        0.0
                    ],
                    [
                        0.584720376786481,
                        0.0,
                        0.0,
                        0.0
                    ],
                    [
                        -0.5794401895765816,
                        -0.8773176265997653,
                        0.0,
                        0.0
                    ],
                    [
                        0.0,
                        -0.5730635894217524,
                        -0.8409624106054441,
                        0.0
                    ]
                ]
            },
            "est_params": {
                "mui": [
                    0.9999999414839319,
                    0.5882080999389425,
                    -1.0962494714337834,
                    0.5833008638445609
                ],
                "Si": [
                    [
                        1.0115203444829747e-06,
                        -1.8426058306605423e-07,
                        3.5580019680883326e-07,
                        -2.5909961518423974e-07
                    ],
                    [
                        -1.8426058306605415e-07,
                        1.0001404699698033,
                        -0.8780085344326924,
                        0.16721185073000985
                    ],
                    [
                        3.5580019680883326e-07,
                        -0.8780085344326924,
                        1.7717732543404128,
                        -0.988878858675773
                    ],
                    [
                        -2.590996151842398e-07,
                        0.16721185073000983,
                        -0.988878858675773,
                        1.735393198629311
                    ]
                ]
            },
            "est_tgt": [
                0
            ],
            "oracle_est_tgt": [
                0
            ]
        },
        "obs": {
            "intv_type": "obs",
            "noise_type": "gaussian",
            "obs_noise_gamma_shape": null,