{
    "expt_args": {
        "save_dir": "all_expt_logs/expt_logs_sim_compsel_backwardbugfixed_cameraready_half",
        "exp_name": "203",
        "num_nodes": 4,
        "num_tgt_prior": 5,
        "obs_noise_mean": 0.0,
        "obs_noise_var": 1.0,
        "obs_noise_gamma_shape": null,
        "noise_type": "gaussian",
        "max_edge_strength": 1.0,
        "graph_sparsity_method": "adj_dense_prop",
        "adj_dense_prop": 0.8,
        "num_parents": null,
        "new_noise_mean": 1.0,
        "mix_samples": 32768,
        "stage2_samples": 32768,
        "gmm_tol": 0.001,
        "intv_type": "do",
        "new_noise_var": null,
        "dtype": "simulation",
        "cutoff_drop_ratio": 0.07,
        "intv_targets": [
            3,
            0
        ]
    },
    "intv_args_dict": {
        "3": {
            "intv_type": "do",
            "inode": 3,
            "new_mui": 1.0,
            "new_vari": null,
            "noise_type": "gaussian",
            "obs_noise_gamma_shape": null,
            "true_params": {
                "Si": [
                    [
                        1.0,
                        0.8062883240504568,
                        -1.2241114026286741,
                        0.0
                    ],
                    [
                        0.8062883240504568,
                        1.6501008615000945,
                        -1.5640285395638172,
                        0.0
                    ],
                    [
                        -1.2241114026286741,
                        -1.5640285395638172,
                        2.8314259745570047,
                        0.0
                    ],
                    [
                        0.0,
                        0.0,
                        0.0,
                        1e-09
                    ]
                ],
                "mui": [
                    0.0,
                    0.0,
                    0.0,
                    1.0
                ],
                "Ai": [
                    [
                        0.0,
                        0.0,
                        0.0,
                        0.0
                    ],
                    [
                        0.8062883240504568,
                        0.0,
                        0.0,
                        0.0
                    ],
                    [
                        -0.7588493301176704,
                        -0.5770418082872895,
                        0.0,
                        0.0
                    ],
                    [
                        0.0,
                        0.0,
                        0.0,
                        0.0
                    ]
                ]
            },
            "est_params": {
                "mui": [
                    0.007150168079904632,
                    -0.010330551606649597,
                    -0.00794048218493286,
                    1.0000000549525099
                ],
                "Si": [
                    [
                        0.9973931817674422,
                        0.8040803167689526,
                        -1.2240998048593885,
                        3.067351099916557e-07
                    ],
                    [
                        0.8040803167689526,
                        1.639430097615883,
                        -1.5602377292720395,
                        3.6163762175859434e-07
                    ],
                    [
                        -1.2240998048593885,
                        -1.5602377292720395,
                        2.825472107225549,
                        -5.567300938734639e-07
                    ],
                    [
                        3.0673510999165525e-07,
                        3.6163762175859434e-07,
                        -5.567300938734638e-07,
                        1.0092560156305258e-06
                    ]
                ]
            },
            "est_tgt": [
                1,
                3
            ],
            "oracle_est_tgt": [
                1,
                3
            ]
        },
        "0": {
            "intv_type": "do",
            "inode": 0,
            "new_mui": 1.0,
            "new_vari": null,
            "noise_type": "gaussian",
            "obs_noise_gamma_shape": null,
            "true_params": {
                "Si": [
                    [
                        1e-09,
                        8.062883240504568e-10,
                        -1.2241114026286742e-09,
                        9.945585570483773e-11
                    ],
                    [
                        8.062883240504568e-10,
                        1.0000000006501009,
                        -0.5770418092742762,
                        0.02313797913018258
                    ],
                    [
                        -1.2241114026286742e-09,
                        -0.5770418092742762,
                        1.3329772500099137,
                        -0.9951465571920597
                    ],
                    [
                        9.945585570483773e-11,
                        0.02313797913018258,
                        -0.9951465571920597,
                        1.9644567405889484
                    ]
                ],
                "mui": [
                    1.0,
                    0.8062883240504568,
                    -1.2241114026286741,
                    0.09945585570483773
                ],
                "Ai": [
                    [
                        0.0,
                        0.0,
                        0.0,
                        0.0
                    ],
                    [
                        0.8062883240504568,
                        0.0,
                        0.0,
                        0.0
                    ],
                    [
                        -0.7588493301176704,
                        -0.5770418082872895,
                        0.0,
                        0.0
                    ],
                    [
                        -0.6642344863434079,
                        -0.5433987691525497,
                        -0.9817949757991935,
                        0.0
                    ]
                ]
            },
            "est_params": {
                "mui": [
                    0.9999995059358678,
                    0.8007323426930344,
                    -1.2331333046530928,
                    0.09655333331642918
                ],
                "Si": [
                    [
                        1.0062718149800995e-06,
                        -3.13864537365214e-07,
                        -7.123008530041652e-07,
                        2.1529804586453662e-07
                    ],
                    [
                        -3.1386453736521406e-07,
                        1.000625873505578,
                        -0.5757984497316467,
                        0.028782594907647025
                    ],
                    [
                        -7.123008530041655e-07,
                        -0.5757984497316467,
                        1.3446317696527825,
                        -1.012393627939898
                    ],
                    [
                        2.1529804586453676e-07,
                        0.02878259490764703,
                        -1.012393627939898,
                        1.991549368701254
                    ]
                ]
            },
            "est_tgt": [
                0
            ],
            "oracle_est_tgt": [
                0
            ]
        },
        "obs": {
            "intv_type": "obs",
            "noise_type": "gaussian",
            "obs_noise_gamma_shape": null,