{
    "expt_args": {
        "save_dir": "all_expt_logs/expt_logs_sim_compsel_backwardbugfixed_cameraready_half",
        "exp_name": "168",
        "num_nodes": 4,
        "num_tgt_prior": 5,
        "obs_noise_mean": 0.0,
        "obs_noise_var": 1.0,
        "obs_noise_gamma_shape": null,
        "noise_type": "gaussian",
        "max_edge_strength": 1.0,
        "graph_sparsity_method": "adj_dense_prop",
        "adj_dense_prop": 0.8,
        "num_parents": null,
        "new_noise_mean": 1.0,
        "mix_samples": 8192,
        "stage2_samples": 8192,
        "gmm_tol": 0.001,
        "intv_type": "do",
        "new_noise_var": null,
        "dtype": "simulation",
        "cutoff_drop_ratio": 0.07,
        "intv_targets": [
            0,
            3
        ]
    },
    "intv_args_dict": {
        "0": {
            "intv_type": "do",
            "inode": 0,
            "new_mui": 1.0,
            "new_vari": null,
            "noise_type": "gaussian",
            "obs_noise_gamma_shape": null,
            "true_params": {
                "Si": [
                    [
                        1e-09,
                        0.0,
                        7.377343432404535e-10,
                        1.4765132708232982e-09
                    ],
                    [
                        0.0,
                        1.0,
                        0.755499125831627,
                        -0.19413042667392366
                    ],
                    [
                        7.377343432404535e-10,
                        0.755499125831627,
                        1.5707789296766046,
                        0.7306658556691461
                    ],
                    [
                        1.4765132708232982e-09,
                        -0.19413042667392366,
                        0.7306658556691461,
                        1.8073966982391216
                    ]
                ],
                "mui": [
                    1.0,
                    0.0,
                    0.7377343432404534,
                    1.4765132708232982
                ],
                "Ai": [
                    [
                        0.0,
                        0.0,
                        0.0,
                        0.0
                    ],
                    [
                        -0.0,
                        0.0,
                        0.0,
                        0.0
                    ],
                    [
                        0.7377343432404534,
                        0.755499125831627,
                        0.0,
                        0.0
                    ],
                    [
                        0.8292758977875905,
                        -0.8569533981329842,
                        0.8773312222293417,
                        0.0
                    ]
                ]
            },
            "est_params": {
                "mui": [
                    1.0000006585007557,
                    -0.013418536768226902,
                    0.7532946514808075,
                    1.4876685467051398
                ],
                "Si": [
                    [
                        1.0142828736965882e-06,
                        1.9160636566226455e-06,
                        2.0558212536336524e-06,
                        5.174374452703621e-06
                    ],
                    [
                        1.916063656622645e-06,
                        1.0000960583548275,
                        0.7588010073129359,
                        -0.1993114724674391
                    ],
                    [
                        2.0558212536336524e-06,
                        0.7588010073129359,
                        1.5694894205105188,
                        0.7203063263219002
                    ],
                    [
                        5.174374452703621e-06,
                        -0.19931147246743916,
                        0.7203063263219002,
                        1.7911202285273398
                    ]
                ]
            },
            "est_tgt": [
                0
            ],
            "oracle_est_tgt": [
                0
            ]
        },
        "3": {
            "intv_type": "do",
            "inode": 3,
            "new_mui": 1.0,
            "new_vari": null,
            "noise_type": "gaussian",
            "obs_noise_gamma_shape": null,
            "true_params": {
                "Si": [
                    [
                        1.0,
                        0.0,
                        0.7377343432404534,
                        0.0
                    ],
                    [
                        0.0,
                        1.0,
                        0.755499125831627,
                        0.0
                    ],
                    [
                        0.7377343432404534,
                        0.755499125831627,
                        2.115030890328776,
                        0.0
                    ],
                    [
                        0.0,
                        0.0,
                        0.0,
                        1e-09
                    ]
                ],
                "mui": [
                    0.0,
                    0.0,
                    0.0,
                    1.0
                ],
                "Ai": [
                    [
                        0.0,
                        0.0,
                        0.0,
                        0.0
                    ],
                    [
                        -0.0,
                        0.0,
                        0.0,
                        0.0
                    ],
                    [
                        0.7377343432404534,
                        0.755499125831627,
                        0.0,
                        0.0
                    ],
                    [
                        0.0,
                        0.0,
                        0.0,
                        0.0
                    ]
                ]
            },
            "est_params": {
                "mui": [
                    -0.009542254897042362,
                    -0.021574268327807063,
                    -0.0053219996600294235,
                    0.9999990316875522
                ],
                "Si": [
                    [
                        0.9992819968037049,
                        -0.009303641461625654,
                        0.7059488979714736,
                        -7.258563683446308e-07
                    ],
                    [
                        -0.009303641461625657,
                        1.0452309192365938,
                        0.8083077207755136,
                        -2.2591474034663384e-06
                    ],
                    [
                        0.7059488979714736,
                        0.8083077207755136,
                        2.1359950630396884,
                        -1.4777370121858325e-06
                    ],
                    [
                        -7.258563683446307e-07,
                        -2.2591474034663384e-06,
                        -1.4777370121858325e-06,
                        1.0103845750493337e-06
                    ]
                ]
            },
            "est_tgt": [
                2,
                3
            ],
            "oracle_est_tgt": [
                2,
                3
            ]
        },
        "obs": {
            "intv_type": "obs",
            "noise_type": "gaussian",
            "obs_noise_gamma_shape": null,