{
    "expt_args": {
        "save_dir": "all_expt_logs/expt_logs_sim_compsel_backwardbugfixed_cameraready_half",
        "exp_name": "236",
        "num_nodes": 4,
        "num_tgt_prior": 5,
        "obs_noise_mean": 0.0,
        "obs_noise_var": 1.0,
        "obs_noise_gamma_shape": null,
        "noise_type": "gaussian",
        "max_edge_strength": 1.0,
        "graph_sparsity_method": "adj_dense_prop",
        "adj_dense_prop": 0.8,
        "num_parents": null,
        "new_noise_mean": 1.0,
        "mix_samples": 32768,
        "stage2_samples": 32768,
        "gmm_tol": 0.001,
        "intv_type": "do",
        "new_noise_var": null,
        "dtype": "simulation",
        "cutoff_drop_ratio": 0.07,
        "intv_targets": [
            1,
            2
        ]
    },
    "intv_args_dict": {
        "1": {
            "intv_type": "do",
            "inode": 1,
            "new_mui": 1.0,
            "new_vari": null,
            "noise_type": "gaussian",
            "obs_noise_gamma_shape": null,
            "true_params": {
                "Si": [
                    [
                        1.0,
                        0.0,
                        0.9104231963005895,
                        -1.3748966182450362
                    ],
                    [
                        0.0,
                        1e-09,
                        -6.245012636860965e-10,
                        -2.9276218401151167e-10
                    ],
                    [
                        0.9104231963005895,
                        -6.245012636860965e-10,
                        1.8288703967521838,
                        -2.1850103416075397
                    ],
                    [
                        -1.3748966182450362,
                        -2.9276218401151167e-10,
                        -2.1850103416075397,
                        3.7613383971750496
                    ]
                ],
                "mui": [
                    0.0,
                    1.0,
                    -0.6245012636860965,
                    -0.29276218401151166
                ],
                "Ai": [
                    [
                        0.0,
                        0.0,
                        0.0,
                        0.0
                    ],
                    [
                        0.0,
                        0.0,
                        0.0,
                        0.0
                    ],
                    [
                        0.9104231963005895,
                        -0.6245012636860965,
                        0.0,
                        0.0
                    ],
                    [
                        -0.5252236238441904,
                        -0.8755920821066006,
                        -0.9332725680248526,
                        0.0
                    ]
                ]
            },
            "est_params": {
                "mui": [
                    -0.0011174355138588224,
                    1.0000001676272519,
                    -0.6196813361975161,
                    -0.29483127993665476
                ],
                "Si": [
                    [
                        0.9930132883282696,
                        -3.115056672892594e-07,
                        0.9035173742565391,
                        -1.352529154391156
                    ],
                    [
                        -3.1150566728925965e-07,
                        1.0069930880010317e-06,
                        -2.4003384160275206e-07,
                        -4.094384288754677e-07
                    ],
                    [
                        0.9035173742565391,
                        -2.4003384160275206e-07,
                        1.808462973684307,
                        -2.149159642278575
                    ],
                    [
                        -1.3525291543911557,
                        -4.094384288754677e-07,
                        -2.149159642278575,
                        3.6768288360487555
                    ]
                ]
            },
            "est_tgt": [
                1
            ],
            "oracle_est_tgt": [
                1
            ]
        },
        "2": {
            "intv_type": "do",
            "inode": 2,
            "new_mui": 1.0,
            "new_vari": null,
            "noise_type": "gaussian",
            "obs_noise_gamma_shape": null,
            "true_params": {
                "Si": [
                    [
                        1.0,
                        -0.9782525666359276,
                        0.0,
                        0.3313265778026875
                    ],
                    [
                        -0.9782525666359276,
                        1.95697808412978,
                        0.0,
                        -1.1997131572367778
                    ],
                    [
                        0.0,
                        0.0,
                        1e-09,
                        -9.332725680248526e-10
                    ],
                    [
                        0.3313265778026875,
                        -1.1997131572367778,
                        -9.332725680248526e-10,
                        1.87643879627721
                    ]
                ],
                "mui": [
                    0.0,
                    0.0,
                    1.0,
                    -0.9332725680248526
                ],
                "Ai": [
                    [
                        0.0,
                        0.0,
                        0.0,
                        0.0
                    ],
                    [
                        -0.9782525666359276,
                        0.0,
                        0.0,
                        0.0
                    ],
                    [
                        0.0,
                        0.0,
                        0.0,
                        0.0
                    ],
                    [
                        -0.5252236238441904,
                        -0.8755920821066006,
                        -0.9332725680248526,
                        0.0
                    ]
                ]
            },
            "est_params": {
                "mui": [
                    0.01733916165059194,
                    -0.013500192678882823,
                    0.9999992907191732,
                    -0.9278114534844139
                ],
                "Si": [
                    [
                        1.015813454992846,
                        -0.993447996298406,
                        -5.654279226574226e-07,
                        0.3332583645648935
                    ],
                    [
                        -0.993447996298406,
                        1.9587695921508148,
                        -1.1035060425406449e-07,
                        -1.176889714169081
                    ],
                    [
                        -5.654279226574226e-07,
                        -1.1035060425406449e-07,
                        1.0133890245276381e-06,
                        7.08603172003367e-07
                    ],
                    [
                        0.3332583645648935,
                        -1.176889714169081,
                        7.086031720033673e-07,
                        1.8638751733279861
                    ]
                ]
            },
            "est_tgt": [
                2
            ],
            "oracle_est_tgt": [
                2
            ]
        },
        "obs": {
            "intv_type": "obs",
            "noise_type": "gaussian",
            "obs_noise_gamma_shape": null,