{
    "expt_args": {
        "save_dir": "all_expt_logs/expt_logs_sim_compsel_backwardbugfixed_cameraready_half",
        "exp_name": "102",
        "num_nodes": 4,
        "num_tgt_prior": 5,
        "obs_noise_mean": 0.0,
        "obs_noise_var": 1.0,
        "obs_noise_gamma_shape": null,
        "noise_type": "gaussian",
        "max_edge_strength": 1.0,
        "graph_sparsity_method": "adj_dense_prop",
        "adj_dense_prop": 0.8,
        "num_parents": null,
        "new_noise_mean": 1.0,
        "mix_samples": 8192,
        "stage2_samples": 8192,
        "gmm_tol": 0.001,
        "intv_type": "do",
        "new_noise_var": null,
        "dtype": "simulation",
        "cutoff_drop_ratio": 0.07,
        "intv_targets": [
            1,
            2
        ]
    },
    "intv_args_dict": {
        "1": {
            "intv_type": "do",
            "inode": 1,
            "new_mui": 1.0,
            "new_vari": null,
            "noise_type": "gaussian",
            "obs_noise_gamma_shape": null,
            "true_params": {
                "Si": [
                    [
                        1.0,
                        0.0,
                        -0.5794401895765816,
                        0.48728741862799757
                    ],
                    [
                        0.0,
                        1e-09,
                        -8.773176265997653e-10,
                        1.6472755671023311e-10
                    ],
                    [
                        -0.5794401895765816,
                        -8.773176265997653e-10,
                        1.335750934066231,
                        -1.1233163249780524
                    ],
                    [
                        0.48728741862799757,
                        1.6472755671023311e-10,
                        -1.1233163249780524,
                        1.944666804431592
                    ]
                ],
                "mui": [
                    0.0,
                    1.0,
                    -0.8773176265997653,
                    0.1647275567102331
                ],
                "Ai": [
                    [
                        0.0,
                        0.0,
                        0.0,
                        0.0
                    ],
                    [
                        0.0,
                        0.0,
                        0.0,
                        0.0
                    ],
                    [
                        -0.5794401895765816,
                        -0.8773176265997653,
                        0.0,
                        0.0
                    ],
                    [
                        0.0,
                        -0.5730635894217524,
                        -0.8409624106054441,
                        0.0
                    ]
                ]
            },
            "est_params": {
                "mui": [
                    -0.01003458220389112,
                    0.9999986013379435,
                    -0.8873410568352236,
                    0.19406081780206158
                ],
                "Si": [
                    [
                        1.0102265091402693,
                        -3.7559250520563973e-06,
                        -0.5829265938611907,
                        0.5238259629415031
                    ],
                    [
                        -3.7559250520563973e-06,
                        1.0124627090174304e-06,
                        1.1778228624169067e-07,
                        -1.4036038790393519e-07
                    ],
                    [
                        -0.5829265938611908,
                        1.1778228624169067e-07,
                        1.3259781418535854,
                        -1.139164653137585
                    ],
                    [
                        0.5238259629415031,
                        -1.4036038790393455e-07,
                        -1.139164653137585,
                        1.9824815831508178
                    ]
                ]
            },
            "est_tgt": [
                1,
                2
            ],
            "oracle_est_tgt": [
                1,
                2
            ]
        },
        "2": {
            "intv_type": "do",
            "inode": 2,
            "new_mui": 1.0,
            "new_vari": null,
            "noise_type": "gaussian",
            "obs_noise_gamma_shape": null,
            "true_params": {
                "Si": [
                    [
                        1.0,
                        0.584720376786481,
                        0.0,
                        -0.33508195792930034
                    ],
                    [
                        0.584720376786481,
                        1.3418979190293243,
                        0.0,
                        -0.7689928381165247
                    ],
                    [
                        0.0,
                        0.0,
                        1e-09,
                        -8.409624106054441e-10
                    ],
                    [
                        -0.33508195792930034,
                        -0.7689928381165247,
                        -8.409624106054441e-10,
                        1.440681796757894
                    ]
                ],
                "mui": [
                    0.0,
                    0.0,
                    1.0,
                    -0.8409624106054441
                ],
                "Ai": [
                    [
                        0.0,
                        0.0,
                        0.0,
                        0.0
                    ],
                    [
                        0.584720376786481,
                        0.0,
                        0.0,
                        0.0
                    ],
                    [
                        0.0,
                        0.0,
                        0.0,
                        0.0
                    ],
                    [
                        0.0,
                        -0.5730635894217524,
                        -0.8409624106054441,
                        0.0
                    ]
                ]
            },
            "est_params": {
                "mui": [
                    -0.005684757182510607,
                    -0.0029890652981401492,
                    1.000001233188789,
                    -0.7843566629244655
                ],
                "Si": [
                    [
                        1.0255548006449768,
                        0.5948495296576547,
                        -1.2281230423293805e-06,
                        -0.37331271978983716
                    ],
                    [
                        0.5948495296576547,
                        1.3155469738781096,
                        2.4314629856729107e-06,
                        -0.7744351710748186
                    ],
                    [
                        -1.228123042329381e-06,
                        2.4314629856729107e-06,
                        1.0171343440292936e-06,
                        6.062172219308603e-07
                    ],
                    [
                        -0.37331271978983716,
                        -0.7744351710748185,
                        6.062172219308601e-07,
                        1.4353988473394113
                    ]
                ]
            },
            "est_tgt": [
                1,
                2
            ],
            "oracle_est_tgt": [
                1,
                2
            ]
        },
        "obs": {
            "intv_type": "obs",
            "noise_type": "gaussian",
            "obs_noise_gamma_shape": null,