{
    "expt_args": {
        "save_dir": "all_expt_logs/expt_logs_sim_compsel_backwardbugfixed_cameraready_half",
        "exp_name": "204",
        "num_nodes": 4,
        "num_tgt_prior": 5,
        "obs_noise_mean": 0.0,
        "obs_noise_var": 1.0,
        "obs_noise_gamma_shape": null,
        "noise_type": "gaussian",
        "max_edge_strength": 1.0,
        "graph_sparsity_method": "adj_dense_prop",
        "adj_dense_prop": 0.8,
        "num_parents": null,
        "new_noise_mean": 1.0,
        "mix_samples": 65536,
        "stage2_samples": 65536,
        "gmm_tol": 0.001,
        "intv_type": "do",
        "new_noise_var": null,
        "dtype": "simulation",
        "cutoff_drop_ratio": 0.07,
        "intv_targets": [
            0,
            2
        ]
    },
    "intv_args_dict": {
        "0": {
            "intv_type": "do",
            "inode": 0,
            "new_mui": 1.0,
            "new_vari": null,
            "noise_type": "gaussian",
            "obs_noise_gamma_shape": null,
            "true_params": {
                "Si": [
                    [
                        1e-09,
                        5.884189659560026e-10,
                        -9.318067792983296e-10,
                        1.1907812430033175e-09
                    ],
                    [
                        5.884189659560026e-10,
                        1.0000000003462368,
                        -5.482927815455162e-10,
                        0.8062475610842147
                    ],
                    [
                        -9.318067792983296e-10,
                        -5.482927815455162e-10,
                        1.000000000868264,
                        -1.1095780348917827e-09
                    ],
                    [
                        1.1907812430033175e-09,
                        0.8062475610842147,
                        -1.1095780348917827e-09,
                        1.6500351300423641
                    ]
                ],
                "mui": [
                    1.0,
                    0.5884189659560025,
                    -0.9318067792983296,
                    1.1907812430033173
                ],
                "Ai": [
                    [
                        0.0,
                        0.0,
                        0.0,
                        0.0
                    ],
                    [
                        0.5884189659560025,
                        0.0,
                        0.0,
                        0.0
                    ],
                    [
                        -0.9318067792983296,
                        0.0,
                        0.0,
                        0.0
                    ],
                    [
                        0.7163698872178872,
                        0.8062475603835364,
                        -0.0,
                        0.0
                    ]
                ]
            },
            "est_params": {
                "mui": [
                    1.000000992722214,
                    0.5893475450997427,
                    -0.9303861431340308,
                    1.189555638973451
                ],
                "Si": [
                    [
                        1.0113085088325395e-06,
                        2.5609340672592093e-07,
                        1.838058359862158e-07,
                        6.74759411352395e-07
                    ],
                    [
                        2.560934067259211e-07,
                        0.9957894491299111,
                        0.0002965327290967492,
                        0.8014413432082539
                    ],
                    [
                        1.8380583598621572e-07,
                        0.00029653272909674935,
                        0.9955410755442329,
                        -0.0066438700749726935
                    ],
                    [
                        6.747594113523946e-07,
                        0.8014413432082538,
                        -0.006643870074972694,
                        1.6410713789178513
                    ]
                ]
            },
            "est_tgt": [
                0
            ],
            "oracle_est_tgt": [
                0
            ]
        },
        "2": {
            "intv_type": "do",
            "inode": 2,
            "new_mui": 1.0,
            "new_vari": null,
            "noise_type": "gaussian",
            "obs_noise_gamma_shape": null,
            "true_params": {
                "Si": [
                    [
                        1.0,
                        0.5884189659560025,
                        0.0,
                        1.1907812430033173
                    ],
                    [
                        0.5884189659560025,
                        1.3462368794967312,
                        0.0,
                        1.5069258280713518
                    ],
                    [
                        0.0,
                        0.0,
                        1e-09,
                        0.0
                    ],
                    [
                        1.1907812430033173,
                        1.5069258280713518,
                        0.0,
                        3.06799509731293
                    ]
                ],
                "mui": [
                    0.0,
                    0.0,
                    1.0,
                    0.0
                ],
                "Ai": [
                    [
                        0.0,
                        0.0,
                        0.0,
                        0.0
                    ],
                    [
                        0.5884189659560025,
                        0.0,
                        0.0,
                        0.0
                    ],
                    [
                        0.0,
                        0.0,
                        0.0,
                        0.0
                    ],
                    [
                        0.7163698872178872,
                        0.8062475603835364,
                        -0.0,
                        0.0
                    ]
                ]
            },
            "est_params": {
                "mui": [
                    -0.0021693726220072345,
                    -0.007060931652228749,
                    1.0000005651203836,
                    -0.00729839730362494
                ],
                "Si": [
                    [
                        0.9872432599779333,
                        0.5836028252270303,
                        -3.3853123307292453e-07,
                        1.1783227569372376
                    ],
                    [
                        0.5836028252270303,
                        1.3481827514849225,
                        5.86145882116464e-07,
                        1.5127412485046021
                    ],
                    [
                        -3.3853123307292453e-07,
                        5.86145882116464e-07,
                        1.0102543418347562e-06,
                        1.6962881755523874e-07
                    ],
                    [
                        1.1783227569372376,
                        1.5127412485046023,
                        1.6962881755523874e-07,
                        3.064423809630042
                    ]
                ]
            },
            "est_tgt": [
                2
            ],
            "oracle_est_tgt": [
                2
            ]
        },
        "obs": {
            "intv_type": "obs",
            "noise_type": "gaussian",
            "obs_noise_gamma_shape": null,