{
    "expt_args": {
        "save_dir": "expt_logs_29.04.24-4",
        "exp_name": "144",
        "num_nodes": 4,
        "obs_noise_mean": 0.5,
        "obs_noise_var": 1.0,
        "max_edge_strength": 30.0,
        "num_parents": 2,
        "new_noise_mean": 10.0,
        "mix_samples": 1024,
        "stage2_samples": 1024,
        "intv_targets": [
            0,
            1,
            2,
            3
        ]
    },
    "intv_args_dict": {
        "0": {
            "intv_type": "do",
            "inode": 0,
            "new_mui": 10.0,
            "true_params": {
                "Si": [
                    [
                        4.8183847367207e-30,
                        -2.1929528698086225e-15,
                        3.430955525527009e-14,
                        7.554396343261205e-13
                    ],
                    [
                        -2.1929528698086225e-15,
                        1.0000000000000897,
                        -15.601292389410764,
                        -343.4743585351199
                    ],
                    [
                        3.430955525527009e-14,
                        -15.601292389410764,
                        244.40032421986436,
                        5381.576215941109
                    ],
                    [
                        7.554396343261205e-13,
                        -343.4743585351199,
                        5381.576215941109,
                        118501.52627947541
                    ]
                ],
                "mui": [
                    10.000000000000085,
                    -97.13188200255064,
                    1734.5908961923838,
                    38389.759012561066
                ],
                "Ai": [
                    [
                        0.0,
                        0.0,
                        0.0,
                        0.0
                    ],
                    [
                        -9.763188200254543,
                        0.0,
                        0.0,
                        0.0
                    ],
                    [
                        21.870800473698505,
                        -15.601292389409313,
                        0.0,
                        0.0
                    ],
                    [
                        -0.0,
                        14.299473602756548,
                        22.93232016987987,
                        0.0
                    ]
                ]
            },
            "est_params": {
                "mui": [
                    10.000000000000052,
                    -97.1086541183981,
                    1734.217269410303,
                    38381.55609298288
                ],
                "Si": [
                    [
                        1e-06,
                        -1.860273938656138e-15,
                        2.875556018078261e-14,
                        6.328464111986596e-13
                    ],
                    [
                        -1.860273938656138e-15,
                        0.8606687263120043,
                        -13.337157053035579,
                        -293.5638541103903
                    ],
                    [
                        2.875556018078261e-14,
                        -13.337157053035579,
                        207.53600569222897,
                        4568.758281564521
                    ],
                    [
                        6.328464111986596e-13,
                        -293.5638541103903,
                        4568.758281564521,
                        100579.5780028167
                    ]
                ]
            },
            "est_tgt": [
                0,
                2
            ]
        },
        "1": {
            "intv_type": "do",
            "inode": 1,
            "new_mui": 10.0,
            "true_params": {
                "Si": [
                    [
                        1.0000000000000009,
                        -3.975210587461778e-15,
                        21.870800473698587,
                        501.5481988344162
                    ],
                    [
                        -3.975210587461778e-15,
                        1.5802299214668198e-29,
                        -8.694103759931061e-14,
                        -1.9937597101289546e-12
                    ],
                    [
                        21.870800473698587,
                        -8.694103759931061e-14,
                        479.3319133603339,
                        10992.192904820293
                    ],
                    [
                        501.5481988344162,
                        -1.9937597101289546e-12,
                        10992.192904820293,
                        252077.48706242075
                    ]
                ],
                "mui": [
                    0.4999999999999865,
                    10.000000000000009,
                    -144.5775236572443,
                    -3172.0033258487424
                ],
                "Ai": [
                    [
                        0.0,
                        0.0,
                        0.0,
                        0.0
                    ],
                    [
                        0.0,
                        0.0,
                        0.0,
                        0.0
                    ],
                    [
                        21.870800473698505,
                        -15.601292389409313,
                        0.0,
                        0.0
                    ],
                    [
                        -0.0,
                        14.299473602756548,
                        22.93232016987987,
                        0.0
                    ]
                ]
            },
            "est_params": {
                "mui": [
                    2.03640839039362,
                    -19.282573143811682,
                    345.534952806382,
                    7648.987545626454
                ],
                "Si": [
                    [
                        0.38801048781711406,
                        -3.9861479889921814,
                        71.05920470552482,
                        1572.5628050019948
                    ],
                    [
                        -3.986147988992181,
                        41.84214035519009,
                        -744.0573367584585,
                        -16464.72366333257
                    ],
                    [
                        71.05920470552482,
                        -744.0573367584586,
                        13235.839139937185,
                        292890.07551360695
                    ],
                    [
                        1572.5628050019945,
                        -16464.72366333257,
                        292890.07551360695,
                        6481239.25023035
                    ]
                ]
            },
            "est_tgt": [
                0,
                1
            ]
        },
        "2": {
            "intv_type": "do",
            "inode": 2,
            "new_mui": 10.0,
            "true_params": {
                "Si": [
                    [
                        0.9999999999999996,
                        -9.76318820025454,
                        0.0,
                        -139.608451948284
                    ],
                    [
                        -9.76318820025454,
                        96.31984383358952,
                        0.0,
                        1377.3230643200463
                    ],
                    [
                        0.0,
                        0.0,
                        0.0,
                        0.0
                    ],
                    [
                        -139.608451948284,
                        1377.3230643200463,
                        0.0,
                        19695.994800712262
                    ]
                ],