{
    "expt_args": {
        "save_dir": "expt_logs_29.04.24-4",
        "exp_name": "113",
        "num_nodes": 4,
        "obs_noise_mean": 0.5,
        "obs_noise_var": 1.0,
        "max_edge_strength": 30.0,
        "num_parents": 2,
        "new_noise_mean": 10.0,
        "mix_samples": 2048,
        "stage2_samples": 2048,
        "intv_targets": [
            0,
            1,
            2,
            3
        ]
    },
    "intv_args_dict": {
        "0": {
            "intv_type": "do",
            "inode": 0,
            "new_mui": 10.0,
            "true_params": {
                "Si": [
                    [
                        1.0029620844022396e-34,
                        1.0006400283028487e-17,
                        -2.542267878445246e-16,
                        -4.2009354893247556e-15
                    ],
                    [
                        1.0006400283028487e-17,
                        1.0000000000000004,
                        -25.365436649235345,
                        -419.1208417575972
                    ],
                    [
                        -2.542267878445246e-16,
                        -25.365436649235345,
                        644.4053764063713,
                        10648.361903466546
                    ],
                    [
                        -4.2009354893247556e-15,
                        -419.1208417575972,
                        10648.361903466546,
                        175958.38922349297
                    ]
                ],
                "mui": [
                    10.000000000000002,
                    222.40258099272086,
                    -5426.909292516509,
                    -89529.43124896362
                ],
                "Ai": [
                    [
                        0.0,
                        0.0,
                        0.0,
                        0.0
                    ],
                    [
                        22.190258099272082,
                        0.0,
                        0.0,
                        0.0
                    ],
                    [
                        21.392928628078312,
                        -25.365436649235335,
                        0.0,
                        0.0
                    ],
                    [
                        -0.0,
                        16.62548795221265,
                        17.178743490029596,
                        0.0
                    ]
                ]
            },
            "est_params": {
                "mui": [
                    10.000000000000002,
                    222.3614571530933,
                    -5425.888251237241,
                    -89512.5672673921
                ],
                "Si": [
                    [
                        1e-06,
                        0.0,
                        0.0,
                        0.0
                    ],
                    [
                        0.0,
                        0.9504638157746917,
                        -24.150865439187122,
                        -398.9635262973294
                    ],
                    [
                        0.0,
                        -24.150865439187122,
                        614.7961557299882,
                        10156.967951204979
                    ],
                    [
                        0.0,
                        -398.9635262973294,
                        10156.967951204979,
                        167803.33676322427
                    ]
                ]
            },
            "est_tgt": [
                0,
                2
            ]
        },
        "1": {
            "intv_type": "do",
            "inode": 1,
            "new_mui": 10.0,
            "true_params": {
                "Si": [
                    [
                        1.0000000000000075,
                        0.0,
                        21.392928628078472,
                        367.5036334022708
                    ],
                    [
                        0.0,
                        0.0,
                        0.0,
                        0.0
                    ],
                    [
                        21.392928628078472,
                        0.0,
                        458.657395286056,
                        7879.157743424265
                    ],
                    [
                        367.5036334022708,
                        0.0,
                        7879.157743424265,
                        135355.02979176588
                    ]
                ],
                "mui": [
                    0.49999999999996714,
                    10.000000000000009,
                    -242.45790217831512,
                    -3998.367229129837
                ],
                "Ai": [
                    [
                        0.0,
                        0.0,
                        0.0,
                        0.0
                    ],
                    [
                        0.0,
                        0.0,
                        0.0,
                        0.0
                    ],
                    [
                        21.392928628078312,
                        -25.365436649235335,
                        0.0,
                        0.0
                    ],
                    [
                        -0.0,
                        16.62548795221265,
                        17.178743490029596,
                        0.0
                    ]
                ]
            },
            "est_params": {
                "mui": [
                    0.5727366949392312,
                    10.000000000000002,
                    -240.87520787212333,
                    -3971.2096022178353
                ],
                "Si": [
                    [
                        0.9657907242046423,
                        2.260619407308501e-30,
                        20.699066172999576,
                        355.552979306466
                    ],
                    [
                        2.260619407308501e-30,
                        1e-06,
                        -5.7291656897303765e-28,
                        -1.0012028745957605e-26
                    ],
                    [
                        20.699066172999576,
                        -5.73163462560184e-28,
                        444.60216661741015,
                        7637.09614248629
                    ],
                    [
                        355.552979306466,
                        -1.0008078448563264e-26,
                        7637.09614248629,
                        131186.186561896
                    ]
                ]
            },
            "est_tgt": [
                1,
                2
            ]
        },
        "2": {
            "intv_type": "do",
            "inode": 2,
            "new_mui": 10.0,
            "true_params": {
                "Si": [
                    [
                        1.0,
                        22.190258099272082,
                        0.0,
                        368.92386868593724
                    ],
                    [
                        22.190258099272082,
                        493.40755451231024,
                        0.0,
                        8203.141353075122
                    ],
                    [
                        0.0,
                        0.0,
                        0.0,
                        0.0
                    ],
                    [
                        368.92386868593724,
                        8203.141353075122,
                        0.0,
                        136382.22773584785
                    ]
                ],
                "mui": [
                    0.5,
                    11.595129049636041,
                    10.0,
                    365.06211321937093
                ],