{
    "expt_args": {
        "save_dir": "expt_logs_29.04.24-4",
        "exp_name": "33",
        "num_nodes": 4,
        "obs_noise_mean": 0.5,
        "obs_noise_var": 1.0,
        "max_edge_strength": 30.0,
        "num_parents": 2,
        "new_noise_mean": 10.0,
        "mix_samples": 2048,
        "stage2_samples": 2048,
        "intv_targets": [
            0,
            1,
            2,
            3
        ]
    },
    "intv_args_dict": {
        "0": {
            "intv_type": "do",
            "inode": 0,
            "new_mui": 10.0,
            "true_params": {
                "Si": [
                    [
                        1.5646042162827764e-29,
                        3.9554800246168275e-15,
                        4.973017036229399e-14,
                        1.1154803142579428e-12
                    ],
                    [
                        3.9554800246168275e-15,
                        1.000000000000075,
                        12.568724846710873,
                        281.92763117683586
                    ],
                    [
                        4.973017036229399e-14,
                        12.568724846710873,
                        158.9728442723154,
                        3565.1292406597495
                    ],
                    [
                        1.1154803142579428e-12,
                        281.92763117683586,
                        3565.1292406597495,
                        79953.27627882325
                    ]
                ],
                "mui": [
                    10.000000000000293,
                    80.43568061110693,
                    863.2750454523322,
                    19478.61659790389
                ],
                "Ai": [
                    [
                        0.0,
                        0.0,
                        0.0,
                        0.0
                    ],
                    [
                        7.993568061110434,
                        0.0,
                        0.0,
                        0.0
                    ],
                    [
                        -14.819889200651197,
                        12.568724846709985,
                        0.0,
                        0.0
                    ],
                    [
                        0.0,
                        9.708938322241783,
                        21.658417713379304,
                        0.0
                    ]
                ]
            },
            "est_params": {
                "mui": [
                    10.000000000000298,
                    80.41067116598714,
                    863.0012404269554,
                    19472.446522108265
                ],
                "Si": [
                    [
                        1e-06,
                        3.8802281669207e-15,
                        4.872285937433769e-14,
                        1.09266988124234e-12
                    ],
                    [
                        3.8802281669207e-15,
                        0.9829077756549989,
                        12.343108764758501,
                        276.80684710966995
                    ],
                    [
                        4.872285937433769e-14,
                        12.343108764758501,
                        156.08354943761165,
                        3499.5580650521842
                    ],
                    [
                        1.09266988124234e-12,
                        276.80684710966995,
                        3499.5580650521842,
                        78465.34092081377
                    ]
                ]
            },
            "est_tgt": [
                0,
                2
            ]
        },
        "1": {
            "intv_type": "do",
            "inode": 1,
            "new_mui": 10.0,
            "true_params": {
                "Si": [
                    [
                        0.9999999999999958,
                        1.6838507052077183e-31,
                        -14.819889200651135,
                        -320.9753507737012
                    ],
                    [
                        1.6838507052077183e-31,
                        1.3389887616743742e-31,
                        3.659219536560178e-16,
                        7.925290522777857e-15
                    ],
                    [
                        -14.819889200651135,
                        3.659219536560178e-16,
                        220.6291159195771,
                        4778.477552319784
                    ],
                    [
                        -320.9753507737012,
                        7.925290522777857e-15,
                        4778.477552319784,
                        103495.2628621482
                    ]
                ],
                "mui": [
                    0.5000000000000387,
                    10.000000000000021,
                    118.77730386677396,
                    2670.117845237992
                ],
                "Ai": [
                    [
                        0.0,
                        0.0,
                        0.0,
                        0.0
                    ],
                    [
                        0.0,
                        0.0,
                        0.0,
                        0.0
                    ],
                    [
                        -14.819889200651197,
                        12.568724846709985,
                        0.0,
                        0.0
                    ],
                    [
                        0.0,
                        9.708938322241783,
                        21.658417713379304,
                        0.0
                    ]
                ]
            },
            "est_params": {
                "mui": [
                    1.556356915920445,
                    12.969087729311127,
                    140.29883557311456,
                    3165.0857525362285
                ],
                "Si": [
                    [
                        0.46800598062735793,
                        3.6455765372586075,
                        38.89804485514061,
                        877.7969058936632
                    ],
                    [
                        3.6455765372586075,
                        29.34189610428426,
                        314.78924936493036,
                        7102.375868709433
                    ],
                    [
                        38.89804485514061,
                        314.78924936493036,
                        3380.769825411965,
                        76275.24273336976
                    ],
                    [
                        877.7969058936632,
                        7102.375868709433,
                        76275.24273336976,
                        1720887.2304834365
                    ]
                ]
            },
            "est_tgt": [
                0
            ]
        },
        "2": {
            "intv_type": "do",
            "inode": 2,
            "new_mui": 10.0,
            "true_params": {
                "Si": [
                    [
                        1.0000000000000004,
                        7.9935680611104365,
                        0.0,
                        77.60905927996306
                    ],
                    [
                        7.9935680611104365,
                        64.89713034760484,
                        0.0,
                        630.0822358353809
                    ],
                    [
                        0.0,
                        0.0,
                        0.0,
                        0.0
                    ],
                    [
                        77.60905927996306,
                        630.0822358353809,
                        0.0,
                        6118.429565665913
                    ]
                ],