{
    "expt_args": {
        "save_dir": "expt_logs_29.04.24-4",
        "exp_name": "116",
        "num_nodes": 4,
        "obs_noise_mean": 0.5,
        "obs_noise_var": 1.0,
        "max_edge_strength": 30.0,
        "num_parents": 2,
        "new_noise_mean": 10.0,
        "mix_samples": 16384,
        "stage2_samples": 16384,
        "intv_targets": [
            0,
            1,
            2,
            3
        ]
    },
    "intv_args_dict": {
        "0": {
            "intv_type": "do",
            "inode": 0,
            "new_mui": 10.0,
            "true_params": {
                "Si": [
                    [
                        0.0,
                        0.0,
                        0.0,
                        0.0
                    ],
                    [
                        0.0,
                        0.9999999999999973,
                        -7.887366108513184,
                        14.209086380029836
                    ],
                    [
                        0.0,
                        -7.887366108513184,
                        63.21054412972258,
                        -112.07226634678392
                    ],
                    [
                        0.0,
                        14.209086380029836,
                        -112.07226634678392,
                        202.89813575514995
                    ]
                ],
                "mui": [
                    9.99999999999999,
                    191.20898860423256,
                    -1327.3815901470766,
                    2492.6412033466017
                ],
                "Ai": [
                    [
                        0.0,
                        0.0,
                        0.0,
                        0.0
                    ],
                    [
                        19.070898860423284,
                        0.0,
                        0.0,
                        0.0
                    ],
                    [
                        18.02537062130353,
                        -7.887366108513206,
                        0.0,
                        0.0
                    ],
                    [
                        -22.476383236908696,
                        14.209086380029875,
                        0.0,
                        0.0
                    ]
                ]
            },
            "est_params": {
                "mui": [
                    9.999999999999998,
                    191.21655609718601,
                    -1327.4514826479974,
                    2492.748733145329
                ],
                "Si": [
                    [
                        1e-06,
                        1.071078542864182e-29,
                        6.503527267463091e-28,
                        -2.7234676272655865e-27
                    ],
                    [
                        1.071078542864182e-29,
                        0.9983866383068649,
                        -7.900912777007048,
                        14.17872165431253
                    ],
                    [
                        6.503527267463091e-28,
                        -7.900912777007048,
                        63.502541874964756,
                        -112.19981909634717
                    ],
                    [
                        -2.7234676272655865e-27,
                        14.17872165431253,
                        -112.19981909634717,
                        202.3578095335226
                    ]
                ]
            },
            "est_tgt": [
                0
            ]
        },
        "1": {
            "intv_type": "do",
            "inode": 1,
            "new_mui": 10.0,
            "true_params": {
                "Si": [
                    [
                        0.9999999999999984,
                        0.0,
                        18.0253706213035,
                        -22.47638323690866
                    ],
                    [
                        0.0,
                        0.0,
                        0.0,
                        0.0
                    ],
                    [
                        18.0253706213035,
                        0.0,
                        325.9139860353519,
                        -405.1451380717325
                    ],
                    [
                        -22.47638323690866,
                        0.0,
                        -405.1451380717325,
                        506.1878034123894
                    ]
                ],
                "mui": [
                    0.500000000000002,
                    9.999999999999995,
                    -69.36097577448021,
                    131.35267218184427
                ],
                "Ai": [
                    [
                        0.0,
                        0.0,
                        0.0,
                        0.0
                    ],
                    [
                        0.0,
                        0.0,
                        0.0,
                        0.0
                    ],
                    [
                        18.02537062130353,
                        -7.887366108513206,
                        0.0,
                        0.0
                    ],
                    [
                        -22.476383236908696,
                        14.209086380029875,
                        0.0,
                        0.0
                    ]
                ]
            },
            "est_params": {
                "mui": [
                    0.48575408274059223,
                    9.9999996479618,
                    -69.59842953623557,
                    131.70593418795437
                ],
                "Si": [
                    [
                        0.930636414393112,
                        -1.0969709698552546e-08,
                        16.78114243094055,
                        -20.92281435950607
                    ],
                    [
                        -1.0969709698552546e-08,
                        1.0004258771745281e-06,
                        -7.374003984377903e-07,
                        2.758142760187867e-07
                    ],
                    [
                        16.78114243094055,
                        -7.374003984377903e-07,
                        303.62717050908844,
                        -377.28179548638326
                    ],
                    [
                        -20.92281435950607,
                        2.758142760187867e-07,
                        -377.28179548638326,
                        471.4274800544921
                    ]
                ]
            },
            "est_tgt": [
                1
            ]
        },
        "2": {
            "intv_type": "do",
            "inode": 2,
            "new_mui": 10.0,
            "true_params": {
                "Si": [
                    [
                        0.999999999999998,
                        19.070898860423238,
                        0.0,
                        248.50366601565844
                    ],
                    [
                        19.070898860423238,
                        364.69918334449306,
                        0.0,
                        4753.397367409057
                    ],
                    [
                        0.0,
                        0.0,
                        0.0,
                        0.0
                    ],
                    [
                        248.50366601565844,
                        4753.397367409057,
                        0.0,
                        61956.970158977194
                    ]
                ],
                "mui": [
                    0.4999999999999995,
                    10.035449430211628,
                    10.0,
                    131.85637619784427
                ],