{
    "expt_args": {
        "save_dir": "expt_logs_29.04.24-4",
        "exp_name": "119",
        "num_nodes": 4,
        "obs_noise_mean": 0.5,
        "obs_noise_var": 1.0,
        "max_edge_strength": 30.0,
        "num_parents": 2,
        "new_noise_mean": 10.0,
        "mix_samples": 131072,
        "stage2_samples": 131072,
        "intv_targets": [
            0,
            1,
            2,
            3
        ]
    },
    "intv_args_dict": {
        "0": {
            "intv_type": "do",
            "inode": 0,
            "new_mui": 10.0,
            "true_params": {
                "Si": [
                    [
                        0.0,
                        0.0,
                        0.0,
                        0.0
                    ],
                    [
                        0.0,
                        0.9999999999999973,
                        -7.887366108513184,
                        14.209086380029836
                    ],
                    [
                        0.0,
                        -7.887366108513184,
                        63.21054412972258,
                        -112.07226634678392
                    ],
                    [
                        0.0,
                        14.209086380029836,
                        -112.07226634678392,
                        202.89813575514995
                    ]
                ],
                "mui": [
                    9.99999999999999,
                    191.20898860423256,
                    -1327.3815901470766,
                    2492.6412033466017
                ],
                "Ai": [
                    [
                        0.0,
                        0.0,
                        0.0,
                        0.0
                    ],
                    [
                        19.070898860423284,
                        0.0,
                        0.0,
                        0.0
                    ],
                    [
                        18.02537062130353,
                        -7.887366108513206,
                        0.0,
                        0.0
                    ],
                    [
                        -22.476383236908696,
                        14.209086380029875,
                        0.0,
                        0.0
                    ]
                ]
            },
            "est_params": {
                "mui": [
                    9.999999999999998,
                    191.2086664317176,
                    -1327.366533914215,
                    2492.6427663105123
                ],
                "Si": [
                    [
                        1e-06,
                        6.682539614101653e-28,
                        -1.5411064345980093e-27,
                        1.9570828350026906e-27
                    ],
                    [
                        6.682539614101653e-28,
                        0.9989948745579957,
                        -7.888275619968949,
                        14.189872074852497
                    ],
                    [
                        -1.5411064345980093e-27,
                        -7.888275619968949,
                        63.279387950600075,
                        -112.04493603792973
                    ],
                    [
                        1.9570828350026906e-27,
                        14.189872074852497,
                        -112.04493603792973,
                        202.56175989674517
                    ]
                ]
            },
            "est_tgt": [
                0,
                2
            ]
        },
        "1": {
            "intv_type": "do",
            "inode": 1,
            "new_mui": 10.0,
            "true_params": {
                "Si": [
                    [
                        0.9999999999999984,
                        0.0,
                        18.0253706213035,
                        -22.47638323690866
                    ],
                    [
                        0.0,
                        0.0,
                        0.0,
                        0.0
                    ],
                    [
                        18.0253706213035,
                        0.0,
                        325.9139860353519,
                        -405.1451380717325
                    ],
                    [
                        -22.47638323690866,
                        0.0,
                        -405.1451380717325,
                        506.1878034123894
                    ]
                ],
                "mui": [
                    0.500000000000002,
                    9.999999999999995,
                    -69.36097577448021,
                    131.35267218184427
                ],
                "Ai": [
                    [
                        0.0,
                        0.0,
                        0.0,
                        0.0
                    ],
                    [
                        0.0,
                        0.0,
                        0.0,
                        0.0
                    ],
                    [
                        18.02537062130353,
                        -7.887366108513206,
                        0.0,
                        0.0
                    ],
                    [
                        -22.476383236908696,
                        14.209086380029875,
                        0.0,
                        0.0
                    ]
                ]
            },
            "est_params": {
                "mui": [
                    0.49217840410572405,
                    9.999999973054857,
                    -69.48467327789848,
                    131.52903127607735
                ],
                "Si": [
                    [
                        1.0046865872437438,
                        1.4961489962364512e-09,
                        18.1047806457964,
                        -22.586374598234475
                    ],
                    [
                        1.496148996236451e-09,
                        1.0008416754268429e-06,
                        1.7085743408788056e-07,
                        1.6499593119526435e-07
                    ],
                    [
                        18.1047806457964,
                        1.7085743408788056e-07,
                        327.26674078680975,
                        -407.01002351753334
                    ],
                    [
                        -22.586374598234475,
                        1.6499593119526435e-07,
                        -407.01002351753334,
                        508.7714881939307
                    ]
                ]
            },
            "est_tgt": [
                1,
                2
            ]
        },
        "2": {
            "intv_type": "do",
            "inode": 2,
            "new_mui": 10.0,
            "true_params": {
                "Si": [
                    [
                        0.999999999999998,
                        19.070898860423238,
                        0.0,
                        248.50366601565844
                    ],
                    [
                        19.070898860423238,
                        364.69918334449306,
                        0.0,
                        4753.397367409057
                    ],
                    [
                        0.0,
                        0.0,
                        0.0,
                        0.0
                    ],
                    [
                        248.50366601565844,
                        4753.397367409057,
                        0.0,
                        61956.970158977194
                    ]
                ],
                "mui": [
                    0.4999999999999995,
                    10.035449430211628,
                    10.0,
                    131.85637619784427
                ],