{
    "expt_args": {
        "save_dir": "expt_logs_29.04.24-4",
        "exp_name": "20",
        "num_nodes": 4,
        "obs_noise_mean": 0.5,
        "obs_noise_var": 1.0,
        "max_edge_strength": 30.0,
        "num_parents": 2,
        "new_noise_mean": 10.0,
        "mix_samples": 16384,
        "stage2_samples": 16384,
        "intv_targets": [
            0,
            1,
            2,
            3
        ]
    },
    "intv_args_dict": {
        "0": {
            "intv_type": "do",
            "inode": 0,
            "new_mui": 10.0,
            "true_params": {
                "Si": [
                    [
                        1.5646042162827764e-29,
                        3.9554800246168275e-15,
                        4.973017036229399e-14,
                        1.1154803142579428e-12
                    ],
                    [
                        3.9554800246168275e-15,
                        1.000000000000075,
                        12.568724846710873,
                        281.92763117683586
                    ],
                    [
                        4.973017036229399e-14,
                        12.568724846710873,
                        158.9728442723154,
                        3565.1292406597495
                    ],
                    [
                        1.1154803142579428e-12,
                        281.92763117683586,
                        3565.1292406597495,
                        79953.27627882325
                    ]
                ],
                "mui": [
                    10.000000000000293,
                    80.43568061110693,
                    863.2750454523322,
                    19478.61659790389
                ],
                "Ai": [
                    [
                        0.0,
                        0.0,
                        0.0,
                        0.0
                    ],
                    [
                        7.993568061110434,
                        0.0,
                        0.0,
                        0.0
                    ],
                    [
                        -14.819889200651197,
                        12.568724846709985,
                        0.0,
                        0.0
                    ],
                    [
                        0.0,
                        9.708938322241783,
                        21.658417713379304,
                        0.0
                    ]
                ]
            },
            "est_params": {
                "mui": [
                    10.000000000000307,
                    80.42855342533274,
                    863.1698419519313,
                    19476.272360040228
                ],
                "Si": [
                    [
                        1e-06,
                        4.040912919177459e-15,
                        5.073591475458425e-14,
                        1.138077799399229e-12
                    ],
                    [
                        4.040912919177459e-15,
                        1.0230364697128382,
                        12.84843557445761,
                        288.20918774732087
                    ],
                    [
                        5.073591475458425e-14,
                        12.84843557445761,
                        162.35201898531864,
                        3641.0418491365213
                    ],
                    [
                        1.138077799399229e-12,
                        288.20918774732087,
                        3641.0418491365213,
                        81658.6137209534
                    ]
                ]
            },
            "est_tgt": [
                0,
                2
            ]
        },
        "1": {
            "intv_type": "do",
            "inode": 1,
            "new_mui": 10.0,
            "true_params": {
                "Si": [
                    [
                        0.9999999999999958,
                        1.6838507052077183e-31,
                        -14.819889200651135,
                        -320.9753507737012
                    ],
                    [
                        1.6838507052077183e-31,
                        1.3389887616743742e-31,
                        3.659219536560178e-16,
                        7.925290522777857e-15
                    ],
                    [
                        -14.819889200651135,
                        3.659219536560178e-16,
                        220.6291159195771,
                        4778.477552319784
                    ],
                    [
                        -320.9753507737012,
                        7.925290522777857e-15,
                        4778.477552319784,
                        103495.2628621482
                    ]
                ],
                "mui": [
                    0.5000000000000387,
                    10.000000000000021,
                    118.77730386677396,
                    2670.117845237992
                ],
                "Ai": [
                    [
                        0.0,
                        0.0,
                        0.0,
                        0.0
                    ],
                    [
                        0.0,
                        0.0,
                        0.0,
                        0.0
                    ],
                    [
                        -14.819889200651197,
                        12.568724846709985,
                        0.0,
                        0.0
                    ],
                    [
                        0.0,
                        9.708938322241783,
                        21.658417713379304,
                        0.0
                    ]
                ]
            },
            "est_params": {
                "mui": [
                    1.5271398574560544,
                    12.844054079885963,
                    139.3897092477944,
                    3144.1342807739684
                ],
                "Si": [
                    [
                        0.5428678397652626,
                        4.264985078312284,
                        45.52212125563475,
                        1027.3388901014548
                    ],
                    [
                        4.264985078312283,
                        34.538632724520596,
                        370.571486951883,
                        8361.284168683187
                    ],
                    [
                        45.52212125563475,
                        370.57148695188295,
                        3980.209398917555,
                        89802.40174897706
                    ],
                    [
                        1027.3388901014548,
                        8361.284168683187,
                        89802.40174897706,
                        2026147.1273001672
                    ]
                ]
            },
            "est_tgt": [
                0,
                1
            ]
        },
        "2": {
            "intv_type": "do",
            "inode": 2,
            "new_mui": 10.0,
            "true_params": {
                "Si": [
                    [
                        1.0000000000000004,
                        7.9935680611104365,
                        0.0,
                        77.60905927996306
                    ],
                    [
                        7.9935680611104365,
                        64.89713034760484,
                        0.0,
                        630.0822358353809
                    ],
                    [
                        0.0,
                        0.0,
                        0.0,
                        0.0
                    ],
                    [
                        77.60905927996306,
                        630.0822358353809,
                        0.0,
                        6118.429565665913
                    ]
                ],