{
    "expt_args": {
        "save_dir": "all_expt_logs/expt_logs_11.05.24-half_intv",
        "exp_name": "221",
        "num_nodes": 4,
        "obs_noise_mean": 0.0,
        "obs_noise_var": 1.0,
        "max_edge_strength": 1.0,
        "graph_sparsity_method": "adj_dense_prop",
        "adj_dense_prop": 0.8,
        "num_parents": null,
        "new_noise_mean": 1.0,
        "mix_samples": 32768,
        "stage2_samples": 32768,
        "gmm_tol": 0.001,
        "intv_type": "do",
        "new_noise_var": null,
        "intv_targets": [
            3,
            0
        ]
    },
    "intv_args_dict": {
        "3": {
            "intv_type": "do",
            "inode": 3,
            "new_mui": 1.0,
            "new_vari": null,
            "true_params": {
                "Si": [
                    [
                        1.0,
                        0.0,
                        -0.6503434138494746,
                        0.0
                    ],
                    [
                        0.0,
                        1.0,
                        -0.734165049659611,
                        0.0
                    ],
                    [
                        -0.6503434138494746,
                        -0.734165049659611,
                        1.961944876079088,
                        0.0
                    ],
                    [
                        0.0,
                        0.0,
                        0.0,
                        1e-09
                    ]
                ],
                "mui": [
                    0.0,
                    0.0,
                    0.0,
                    1.0
                ],
                "Ai": [
                    [
                        0.0,
                        0.0,
                        0.0,
                        0.0
                    ],
                    [
                        0.0,
                        0.0,
                        0.0,
                        0.0
                    ],
                    [
                        -0.6503434138494746,
                        -0.734165049659611,
                        0.0,
                        0.0
                    ],
                    [
                        0.0,
                        0.0,
                        0.0,
                        0.0
                    ]
                ]
            },
            "est_params": {
                "mui": [
                    -0.009170851945904768,
                    -0.008932380522550942,
                    0.014095657601572107,
                    0.99999963150142
                ],
                "Si": [
                    [
                        1.0072889108436542,
                        -0.005649377739082266,
                        -0.6507999376946321,
                        5.413121736954265e-07
                    ],
                    [
                        -0.005649377739082269,
                        1.017973821670625,
                        -0.7483730348850618,
                        -3.744206823246923e-07
                    ],
                    [
                        -0.6507999376946321,
                        -0.7483730348850618,
                        2.007455413446942,
                        1.1514553828976433e-07
                    ],
                    [
                        5.413121736954265e-07,
                        -3.744206823246923e-07,
                        1.1514553828976437e-07,
                        1.0107195302407653e-06
                    ]
                ]
            },
            "est_tgt": [
                3
            ],
            "oracle_est_tgt": [
                3
            ],
            "intv_base_est_tgt": [
                0,
                2,
                3
            ]
        },
        "0": {
            "intv_type": "do",
            "inode": 0,
            "new_mui": 1.0,
            "new_vari": null,
            "true_params": {
                "Si": [
                    [
                        1e-09,
                        0.0,
                        -6.503434138494747e-10,
                        -1.086032422732601e-09
                    ],
                    [
                        0.0,
                        1.0,
                        -0.734165049659611,
                        -1.1341321656910093
                    ],
                    [
                        -6.503434138494747e-10,
                        -0.734165049659611,
                        1.5389983205646458,
                        1.4321467377655805
                    ],
                    [
                        -1.086032422732601e-09,
                        -1.1341321656910093,
                        1.4321467377655805,
                        2.6456638611149152
                    ]
                ],
                "mui": [
                    1.0,
                    0.0,
                    -0.6503434138494746,
                    -1.0860324227326008
                ],
                "Ai": [
                    [
                        0.0,
                        0.0,
                        0.0,
                        0.0
                    ],
                    [
                        0.0,
                        0.0,
                        0.0,
                        0.0
                    ],
                    [
                        -0.6503434138494746,
                        -0.734165049659611,
                        0.0,
                        0.0
                    ],
                    [
                        -0.6961472933299298,
                        -0.6939954174841493,
                        0.5995065393141846,
                        0.0
                    ]
                ]
            },
            "est_params": {
                "mui": [
                    0.9999982942352394,
                    -0.0007873220512369705,
                    -0.6650133874450261,
                    -1.1058955802196322
                ],
                "Si": [
                    [
                        1.0094653514659958e-06,
                        2.084611270250362e-06,
                        -1.5932487566729184e-06,
                        -3.2712568365360232e-06
                    ],
                    [
                        2.084611270250362e-06,
                        0.9813994969228188,
                        -0.7218793441038387,
                        -1.1059685942599478
                    ],
                    [
                        -1.5932487566729182e-06,
                        -0.7218793441038387,
                        1.520983276382504,
                        1.412279990998269
                    ],
                    [
                        -3.2712568365360254e-06,
                        -1.1059685942599478,
                        1.412279990998269,
                        2.6159254037700905
                    ]
                ]
            },
            "est_tgt": [
                0
            ],
            "oracle_est_tgt": [
                0
            ],
            "intv_base_est_tgt": []
        },
        "obs": {
            "intv_type": "obs",