{
    "expt_args": {
        "save_dir": "all_expt_logs/expt_logs_11.05.24-half_intv",
        "exp_name": "195",
        "num_nodes": 4,
        "obs_noise_mean": 0.0,
        "obs_noise_var": 1.0,
        "max_edge_strength": 1.0,
        "graph_sparsity_method": "adj_dense_prop",
        "adj_dense_prop": 0.8,
        "num_parents": null,
        "new_noise_mean": 1.0,
        "mix_samples": 8192,
        "stage2_samples": 8192,
        "gmm_tol": 0.001,
        "intv_type": "do",
        "new_noise_var": null,
        "intv_targets": [
            1,
            0
        ]
    },
    "intv_args_dict": {
        "1": {
            "intv_type": "do",
            "inode": 1,
            "new_mui": 1.0,
            "new_vari": null,
            "true_params": {
                "Si": [
                    [
                        1.0,
                        0.0,
                        0.864588865175131,
                        0.005689909450367181
                    ],
                    [
                        0.0,
                        1e-09,
                        9.06123803888874e-10,
                        1.71370854302488e-10
                    ],
                    [
                        0.864588865175131,
                        9.06123803888874e-10,
                        1.7475139066058811,
                        -0.7941839278214018
                    ],
                    [
                        0.005689909450367181,
                        1.71370854302488e-10,
                        -0.7941839278214018,
                        1.6385985555917404
                    ]
                ],
                "mui": [
                    0.0,
                    1.0,
                    0.9061238038888739,
                    0.171370854302488
                ],
                "Ai": [
                    [
                        0.0,
                        0.0,
                        0.0,
                        0.0
                    ],
                    [
                        0.0,
                        0.0,
                        0.0,
                        0.0
                    ],
                    [
                        0.864588865175131,
                        0.9061238038888739,
                        0.0,
                        0.0
                    ],
                    [
                        0.6965857769168632,
                        0.8954574308662917,
                        -0.7991033603313272,
                        0.0
                    ]
                ]
            },
            "est_params": {
                "mui": [
                    0.0030066557916536016,
                    0.9999982777924473,
                    0.8727088399224596,
                    0.23529652814293386
                ],
                "Si": [
                    [
                        1.021211916372672,
                        -5.243984793612417e-08,
                        0.9063185288086032,
                        -0.021897207526443706
                    ],
                    [
                        -5.243984793612393e-08,
                        1.0121584406980238e-06,
                        1.3233934407127465e-06,
                        -4.227552715164054e-06
                    ],
                    [
                        0.9063185288086032,
                        1.3233934407127465e-06,
                        1.76806207308426,
                        -0.7844523791190172
                    ],
                    [
                        -0.021897207526443696,
                        -4.227552715164054e-06,
                        -0.7844523791190172,
                        1.5875376314746734
                    ]
                ]
            },
            "est_tgt": [
                1
            ],
            "oracle_est_tgt": [
                1
            ],
            "intv_base_est_tgt": []
        },
        "0": {
            "intv_type": "do",
            "inode": 0,
            "new_mui": 1.0,
            "new_vari": null,
            "true_params": {
                "Si": [
                    [
                        1e-09,
                        -6.820353597684363e-10,
                        2.465803905950389e-10,
                        -1.111910728176546e-10
                    ],
                    [
                        -6.820353597684363e-10,
                        1.0000000004651721,
                        0.9061238037206973,
                        0.17137085437832425
                    ],
                    [
                        2.465803905950389e-10,
                        0.9061238037206973,
                        1.8210603480348442,
                        -0.6438201499824884
                    ],
                    [
                        -1.111910728176546e-10,
                        0.17137085437832425,
                        -0.6438201499824884,
                        1.667934150209547
                    ]
                ],
                "mui": [
                    1.0,
                    -0.6820353597684363,
                    0.2465803905950389,
                    -0.11119107281765458
                ],
                "Ai": [
                    [
                        0.0,
                        0.0,
                        0.0,
                        0.0
                    ],
                    [
                        -0.6820353597684363,
                        0.0,
                        0.0,
                        0.0
                    ],
                    [
                        0.864588865175131,
                        0.9061238038888739,
                        0.0,
                        0.0
                    ],
                    [
                        0.6965857769168632,
                        0.8954574308662917,
                        -0.7991033603313272,
                        0.0
                    ]
                ]
            },
            "est_params": {
                "mui": [
                    0.99999947488141,
                    -0.675663265213912,
                    0.252481945727252,
                    -0.09330869670118816
                ],
                "Si": [
                    [
                        1.015297203851489e-06,
                        -6.395661988185684e-06,
                        -4.044829011879814e-06,
                        -6.150377350969821e-06
                    ],
                    [
                        -6.395661988185685e-06,
                        1.012555375919472,
                        0.9329577215357802,
                        0.14609443050386767
                    ],
                    [
                        -4.044829011879815e-06,
                        0.9329577215357804,
                        1.907025340740625,
                        -0.6879571470760886
                    ],
                    [
                        -6.15037735096982e-06,
                        0.14609443050386767,
                        -0.6879571470760886,
                        1.6175644240677685
                    ]
                ]
            },
            "est_tgt": [
                0
            ],
            "oracle_est_tgt": [
                0
            ],
            "intv_base_est_tgt": [
                0,
                1,
                2,
                3
            ]
        },
        "obs": {
            "intv_type": "obs",