{
    "expt_args": {
        "save_dir": "all_expt_logs/expt_logs_11.05.24-half_intv",
        "exp_name": "48",
        "num_nodes": 4,
        "obs_noise_mean": 0.0,
        "obs_noise_var": 1.0,
        "max_edge_strength": 1.0,
        "graph_sparsity_method": "adj_dense_prop",
        "adj_dense_prop": 0.8,
        "num_parents": null,
        "new_noise_mean": 1.0,
        "mix_samples": 1024,
        "stage2_samples": 1024,
        "gmm_tol": 0.001,
        "intv_type": "do",
        "new_noise_var": null,
        "intv_targets": [
            3,
            0
        ]
    },
    "intv_args_dict": {
        "3": {
            "intv_type": "do",
            "inode": 3,
            "new_mui": 1.0,
            "new_vari": null,
            "true_params": {
                "Si": [
                    [
                        1.0,
                        0.8015954372787056,
                        0.6194535763722367,
                        0.0
                    ],
                    [
                        0.8015954372787056,
                        1.6425552450660392,
                        1.2693269866896275,
                        0.0
                    ],
                    [
                        0.6194535763722367,
                        1.2693269866896275,
                        1.9809052109378467,
                        0.0
                    ],
                    [
                        0.0,
                        0.0,
                        0.0,
                        1e-09
                    ]
                ],
                "mui": [
                    0.0,
                    0.0,
                    0.0,
                    1.0
                ],
                "Ai": [
                    [
                        0.0,
                        0.0,
                        0.0,
                        0.0
                    ],
                    [
                        0.8015954372787056,
                        0.0,
                        0.0,
                        0.0
                    ],
                    [
                        0.0,
                        0.7727758262636664,
                        0.0,
                        0.0
                    ],
                    [
                        0.0,
                        0.0,
                        0.0,
                        0.0
                    ]
                ]
            },
            "est_params": {
                "mui": [
                    -0.006436702120223983,
                    -0.02865488101814354,
                    -0.03912906416577466,
                    0.9999991593551705
                ],
                "Si": [
                    [
                        0.9735235952074346,
                        0.695619821313593,
                        0.48410353504192377,
                        3.0637638276676872e-06
                    ],
                    [
                        0.695619821313593,
                        1.4731764065711637,
                        1.1615633758772115,
                        2.990955527791288e-06
                    ],
                    [
                        0.48410353504192377,
                        1.1615633758772115,
                        1.97506581590656,
                        1.982643847890066e-06
                    ],
                    [
                        3.0637638276676864e-06,
                        2.9909555277912876e-06,
                        1.982643847890066e-06,
                        1.0029666369815772e-06
                    ]
                ]
            },
            "est_tgt": [
                1,
                3
            ],
            "oracle_est_tgt": [
                1,
                3
            ],
            "intv_base_est_tgt": [
                0,
                1,
                2,
                3
            ]
        },
        "0": {
            "intv_type": "do",
            "inode": 0,
            "new_mui": 1.0,
            "new_vari": null,
            "true_params": {
                "Si": [
                    [
                        1e-09,
                        8.015954372787057e-10,
                        6.194535763722368e-10,
                        2.1978324973840264e-09
                    ],
                    [
                        8.015954372787057e-10,
                        1.0000000006425553,
                        0.7727758267602175,
                        1.5202808590016739
                    ],
                    [
                        6.194535763722368e-10,
                        0.7727758267602175,
                        1.5971824780412152,
                        2.0331180167699663
                    ],
                    [
                        2.1978324973840264e-09,
                        1.5202808590016739,
                        2.0331180167699663,
                        4.047901400267027
                    ]
                ],
                "mui": [
                    1.0,
                    0.8015954372787056,
                    0.6194535763722367,
                    2.1978324973840264
                ],
                "Ai": [
                    [
                        0.0,
                        0.0,
                        0.0,
                        0.0
                    ],
                    [
                        0.8015954372787056,
                        0.0,
                        0.0,
                        0.0
                    ],
                    [
                        0.0,
                        0.7727758262636664,
                        0.0,
                        0.0
                    ],
                    [
                        0.9791822988383618,
                        0.8570214920528243,
                        0.8582817198021113,
                        0.0
                    ]
                ]
            },
            "est_params": {
                "mui": [
                    1.0000019331760308,
                    0.7565416748002046,
                    0.6347477074885823,
                    2.231178581951072
                ],
                "Si": [
                    [
                        1.0031786263251026e-06,
                        -5.382218687370646e-07,
                        1.9789626858406663e-06,
                        -3.3016427298256866e-06
                    ],
                    [
                        -5.382218687370644e-07,
                        1.107329784106632,
                        0.899184751000721,
                        1.8121442325970156
                    ],
                    [
                        1.9789626858406667e-06,
                        0.899184751000721,
                        1.7446375183803609,
                        2.2815501665139206
                    ],
                    [
                        -3.3016427298256866e-06,
                        1.8121442325970156,
                        2.2815501665139206,
                        4.672759085011852
                    ]
                ]
            },
            "est_tgt": [
                0,
                2
            ],
            "oracle_est_tgt": [
                0
            ],
            "intv_base_est_tgt": []
        },
        "obs": {
            "intv_type": "obs",