{
    "expt_args": {
        "save_dir": "all_expt_logs/expt_logs_11.05.24-half_intv",
        "exp_name": "170",
        "num_nodes": 4,
        "obs_noise_mean": 0.0,
        "obs_noise_var": 1.0,
        "max_edge_strength": 1.0,
        "graph_sparsity_method": "adj_dense_prop",
        "adj_dense_prop": 0.8,
        "num_parents": null,
        "new_noise_mean": 1.0,
        "mix_samples": 4096,
        "stage2_samples": 4096,
        "gmm_tol": 0.001,
        "intv_type": "do",
        "new_noise_var": null,
        "intv_targets": [
            3,
            1
        ]
    },
    "intv_args_dict": {
        "3": {
            "intv_type": "do",
            "inode": 3,
            "new_mui": 1.0,
            "new_vari": null,
            "true_params": {
                "Si": [
                    [
                        1.0,
                        0.9305052011808606,
                        0.4890686575604838,
                        0.0
                    ],
                    [
                        0.9305052011808606,
                        1.8658399294246337,
                        0.9806756892367847,
                        0.0
                    ],
                    [
                        0.4890686575604838,
                        0.9806756892367847,
                        1.51543800317137,
                        0.0
                    ],
                    [
                        0.0,
                        0.0,
                        0.0,
                        1e-09
                    ]
                ],
                "mui": [
                    0.0,
                    0.0,
                    0.0,
                    1.0
                ],
                "Ai": [
                    [
                        0.0,
                        0.0,
                        0.0,
                        0.0
                    ],
                    [
                        0.9305052011808606,
                        0.0,
                        0.0,
                        0.0
                    ],
                    [
                        0.0,
                        0.5255947596422134,
                        0.0,
                        0.0
                    ],
                    [
                        0.0,
                        0.0,
                        0.0,
                        0.0
                    ]
                ]
            },
            "est_params": {
                "mui": [
                    -0.012097167973039396,
                    0.0057470838182139185,
                    -0.008310758313198933,
                    0.9999997559614292
                ],
                "Si": [
                    [
                        0.9833049914137952,
                        0.9303486922420718,
                        0.5080681260248064,
                        -1.6828920610174014e-06
                    ],
                    [
                        0.9303486922420717,
                        1.855635829509617,
                        1.0139072946093282,
                        2.1914285717748874e-07
                    ],
                    [
                        0.5080681260248064,
                        1.0139072946093282,
                        1.507617373452778,
                        -1.586343243061461e-07
                    ],
                    [
                        -1.6828920610174014e-06,
                        2.1914285717748874e-07,
                        -1.5863432430614627e-07,
                        1.0139018024726485e-06
                    ]
                ]
            },
            "est_tgt": [
                3
            ],
            "oracle_est_tgt": [
                3
            ],
            "intv_base_est_tgt": [
                1,
                2,
                3
            ]
        },
        "1": {
            "intv_type": "do",
            "inode": 1,
            "new_mui": 1.0,
            "new_vari": null,
            "true_params": {
                "Si": [
                    [
                        1.0,
                        0.0,
                        0.0,
                        0.7547506088772293
                    ],
                    [
                        0.0,
                        1e-09,
                        5.255947596422134e-10,
                        -9.713688189277744e-10
                    ],
                    [
                        0.0,
                        5.255947596422134e-10,
                        1.00000000027625,
                        -0.5123059303006005
                    ],
                    [
                        0.7547506088772293,
                        -9.713688189277744e-10,
                        -0.5123059303006005,
                        1.8321058482421575
                    ]
                ],
                "mui": [
                    0.0,
                    1.0,
                    0.5255947596422134,
                    -0.9713688189277743
                ],
                "Ai": [
                    [
                        0.0,
                        0.0,
                        0.0,
                        0.0
                    ],
                    [
                        0.0,
                        0.0,
                        0.0,
                        0.0
                    ],
                    [
                        0.0,
                        0.5255947596422134,
                        0.0,
                        0.0
                    ],
                    [
                        0.7547506088772293,
                        -0.7021035068964901,
                        -0.5123059297900541,
                        0.0
                    ]
                ]
            },
            "est_params": {
                "mui": [
                    0.0366255574760385,
                    1.0000008443920896,
                    0.5237787656635378,
                    -0.9286687808784441
                ],
                "Si": [
                    [
                        0.9761152089883942,
                        -2.7931753081651456e-06,
                        -0.03468010408234456,
                        0.7832007388068719
                    ],
                    [
                        -2.7931753081651456e-06,
                        1.0151824988741406e-06,
                        3.524587568150192e-07,
                        -3.893476112740232e-06
                    ],
                    [
                        -0.03468010408234454,
                        3.5245875681501935e-07,
                        1.006346226738883,
                        -0.5307338593713855
                    ],
                    [
                        0.7832007388068721,
                        -3.893476112740232e-06,
                        -0.5307338593713855,
                        1.8743684771028082
                    ]
                ]
            },
            "est_tgt": [
                1
            ],
            "oracle_est_tgt": [
                1
            ],
            "intv_base_est_tgt": []
        },
        "obs": {
            "intv_type": "obs",