{
    "expt_args": {
        "save_dir": "all_expt_logs/expt_logs_11.05.24-half_intv",
        "exp_name": "124",
        "num_nodes": 4,
        "obs_noise_mean": 0.0,
        "obs_noise_var": 1.0,
        "max_edge_strength": 1.0,
        "graph_sparsity_method": "adj_dense_prop",
        "adj_dense_prop": 0.8,
        "num_parents": null,
        "new_noise_mean": 1.0,
        "mix_samples": 16384,
        "stage2_samples": 16384,
        "gmm_tol": 0.001,
        "intv_type": "do",
        "new_noise_var": null,
        "intv_targets": [
            1,
            0
        ]
    },
    "intv_args_dict": {
        "1": {
            "intv_type": "do",
            "inode": 1,
            "new_mui": 1.0,
            "new_vari": null,
            "true_params": {
                "Si": [
                    [
                        1.0,
                        0.0,
                        0.8356817441606497,
                        -0.3922809769747129
                    ],
                    [
                        0.0,
                        1e-09,
                        0.0,
                        8.146994272553943e-10
                    ],
                    [
                        0.8356817441606497,
                        0.0,
                        1.6983639775233854,
                        0.24859052571361995
                    ],
                    [
                        -0.3922809769747129,
                        8.146994272553943e-10,
                        0.24859052571361995,
                        1.4861358241988787
                    ]
                ],
                "mui": [
                    0.0,
                    1.0,
                    0.0,
                    0.8146994272553942
                ],
                "Ai": [
                    [
                        0.0,
                        0.0,
                        0.0,
                        0.0
                    ],
                    [
                        0.0,
                        0.0,
                        0.0,
                        0.0
                    ],
                    [
                        0.8356817441606497,
                        -0.0,
                        0.0,
                        0.0
                    ],
                    [
                        -0.8739784444717038,
                        0.8146994272553942,
                        0.5764125767528917,
                        0.0
                    ]
                ]
            },
            "est_params": {
                "mui": [
                    -0.0013536760927752433,
                    1.000001026149667,
                    -0.0044402897576451,
                    0.8120748245471723
                ],
                "Si": [
                    [
                        1.0343619987789514,
                        2.2702607262588822e-06,
                        0.8569218074738141,
                        -0.4160482546121147
                    ],
                    [
                        2.2702607262588822e-06,
                        1.0178731051888972e-06,
                        2.558556441837588e-06,
                        -1.3985353597578752e-06
                    ],
                    [
                        0.8569218074738141,
                        2.558556441837588e-06,
                        1.7119979623296533,
                        0.22516547084756675
                    ],
                    [
                        -0.4160482546121147,
                        -1.3985353597578752e-06,
                        0.22516547084756675,
                        1.4784678828992117
                    ]
                ]
            },
            "est_tgt": [
                1
            ],
            "oracle_est_tgt": [
                1
            ],
            "intv_base_est_tgt": [
                0,
                1,
                2,
                3
            ]
        },
        "0": {
            "intv_type": "do",
            "inode": 0,
            "new_mui": 1.0,
            "new_vari": null,
            "true_params": {
                "Si": [
                    [
                        1e-09,
                        0.0,
                        8.356817441606497e-10,
                        -3.9228097697471294e-10
                    ],
                    [
                        0.0,
                        1.0,
                        0.0,
                        0.8146994272553942
                    ],
                    [
                        8.356817441606497e-10,
                        0.0,
                        1.000000000698364,
                        0.5764125764250696
                    ],
                    [
                        -3.9228097697471294e-10,
                        0.8146994272553942,
                        0.5764125764250696,
                        1.99598661556306
                    ]
                ],
                "mui": [
                    1.0,
                    0.0,
                    0.8356817441606497,
                    -0.3922809769747129
                ],
                "Ai": [
                    [
                        0.0,
                        0.0,
                        0.0,
                        0.0
                    ],
                    [
                        -0.0,
                        0.0,
                        0.0,
                        0.0
                    ],
                    [
                        0.8356817441606497,
                        -0.0,
                        0.0,
                        0.0
                    ],
                    [
                        -0.8739784444717038,
                        0.8146994272553942,
                        0.5764125767528917,
                        0.0
                    ]
                ]
            },
            "est_params": {
                "mui": [
                    1.0000001059381536,
                    -0.010838449250370011,
                    0.8332897967169977,
                    -0.39091743268650225
                ],
                "Si": [
                    [
                        1.0159396423937228e-06,
                        1.695300760767118e-06,
                        2.0670703922389656e-06,
                        2.812767319243317e-06
                    ],
                    [
                        1.6953007607671174e-06,
                        0.9933328910816264,
                        -0.01284153551920969,
                        0.7904009271579134
                    ],
                    [
                        2.067070392238966e-06,
                        -0.012841535519209692,
                        1.0160533628345132,
                        0.5999688167449754
                    ],
                    [
                        2.812767319243317e-06,
                        0.7904009271579135,
                        0.5999688167449754,
                        2.01905530041981
                    ]
                ]
            },
            "est_tgt": [
                0
            ],
            "oracle_est_tgt": [
                0
            ],
            "intv_base_est_tgt": []
        },
        "obs": {
            "intv_type": "obs",