{
    "expt_args": {
        "save_dir": "all_expt_logs/expt_logs_11.05.24-half_intv",
        "exp_name": "96",
        "num_nodes": 4,
        "obs_noise_mean": 0.0,
        "obs_noise_var": 1.0,
        "max_edge_strength": 1.0,
        "graph_sparsity_method": "adj_dense_prop",
        "adj_dense_prop": 0.8,
        "num_parents": null,
        "new_noise_mean": 1.0,
        "mix_samples": 1024,
        "stage2_samples": 1024,
        "gmm_tol": 0.001,
        "intv_type": "do",
        "new_noise_var": null,
        "intv_targets": [
            1,
            0
        ]
    },
    "intv_args_dict": {
        "1": {
            "intv_type": "do",
            "inode": 1,
            "new_mui": 1.0,
            "new_vari": null,
            "true_params": {
                "Si": [
                    [
                        1.0,
                        0.0,
                        -0.885296106007745,
                        -1.628287973901283
                    ],
                    [
                        0.0,
                        1e-09,
                        0.0,
                        0.0
                    ],
                    [
                        -0.885296106007745,
                        0.0,
                        1.7837491953124764,
                        2.2888250773914667
                    ],
                    [
                        -1.628287973901283,
                        0.0,
                        2.2888250773914667,
                        4.369252699297318
                    ]
                ],
                "mui": [
                    0.0,
                    1.0,
                    0.0,
                    0.0
                ],
                "Ai": [
                    [
                        0.0,
                        0.0,
                        0.0,
                        0.0
                    ],
                    [
                        0.0,
                        0.0,
                        0.0,
                        0.0
                    ],
                    [
                        -0.885296106007745,
                        0.0,
                        0.0,
                        0.0
                    ],
                    [
                        -0.8781694348358551,
                        0.0,
                        0.8473080746374204,
                        0.0
                    ]
                ]
            },
            "est_params": {
                "mui": [
                    0.01028584983316857,
                    0.9999981352977233,
                    -0.01839806178184381,
                    -0.03690844624662732
                ],
                "Si": [
                    [
                        1.0477978876884728,
                        -3.61942390751103e-06,
                        -0.9256082440225905,
                        -1.6197941753928997
                    ],
                    [
                        -3.6194239075110294e-06,
                        1.0135118353997019e-06,
                        1.2455728517871214e-05,
                        5.62123561415704e-06
                    ],
                    [
                        -0.9256082440225905,
                        1.2455728517871214e-05,
                        1.7860893961549782,
                        2.285225371528848
                    ],
                    [
                        -1.6197941753928993,
                        5.621235614157041e-06,
                        2.285225371528848,
                        4.225732690120611
                    ]
                ]
            },
            "est_tgt": [
                1
            ],
            "oracle_est_tgt": [
                1
            ],
            "intv_base_est_tgt": [
                0,
                1,
                3
            ]
        },
        "0": {
            "intv_type": "do",
            "inode": 0,
            "new_mui": 1.0,
            "new_vari": null,
            "true_params": {
                "Si": [
                    [
                        1e-09,
                        8.165170859338314e-10,
                        -8.852961060077451e-10,
                        -1.628287973901283e-09
                    ],
                    [
                        8.165170859338314e-10,
                        1.0000000006667003,
                        -7.228593966660123e-10,
                        -1.329524951510978e-09
                    ],
                    [
                        -8.852961060077451e-10,
                        -7.228593966660123e-10,
                        1.0000000007837493,
                        0.8473080760789374
                    ],
                    [
                        -1.628287973901283e-09,
                        -1.329524951510978e-09,
                        0.8473080760789374,
                        1.7179309759970942
                    ]
                ],
                "mui": [
                    1.0,
                    0.8165170859338313,
                    -0.885296106007745,
                    -1.628287973901283
                ],
                "Ai": [
                    [
                        0.0,
                        0.0,
                        0.0,
                        0.0
                    ],
                    [
                        0.8165170859338313,
                        0.0,
                        0.0,
                        0.0
                    ],
                    [
                        -0.885296106007745,
                        0.0,
                        0.0,
                        0.0
                    ],
                    [
                        -0.8781694348358551,
                        0.0,
                        0.8473080746374204,
                        0.0
                    ]
                ]
            },
            "est_params": {
                "mui": [
                    0.9999948982801539,
                    0.9220250033317456,
                    -0.9223834187287391,
                    -1.6625193276930834
                ],
                "Si": [
                    [
                        1.0012106831334549e-06,
                        -5.23189234158951e-07,
                        1.125632627167871e-06,
                        2.043137279523558e-06
                    ],
                    [
                        -5.231892341589509e-07,
                        1.0316962775826277,
                        -0.10691708293116943,
                        -0.14912835817934622
                    ],
                    [
                        1.125632627167871e-06,
                        -0.10691708293116939,
                        0.9302500136999211,
                        0.7372173600137778
                    ],
                    [
                        2.043137279523558e-06,
                        -0.14912835817934625,
                        0.7372173600137778,
                        1.5064565348670957
                    ]
                ]
            },
            "est_tgt": [
                0
            ],
            "oracle_est_tgt": [
                0
            ],
            "intv_base_est_tgt": []
        },
        "obs": {
            "intv_type": "obs",