{
    "expt_args": {
        "save_dir": "all_expt_logs/expt_logs_11.05.24-all_intv_weight_error_all_comp_utigsp_large_sample",
        "exp_name": "103",
        "num_nodes": 4,
        "obs_noise_mean": 0.0,
        "obs_noise_var": 1.0,
        "max_edge_strength": 1.0,
        "graph_sparsity_method": "adj_dense_prop",
        "adj_dense_prop": 0.8,
        "num_parents": null,
        "new_noise_mean": 1.0,
        "mix_samples": 16384,
        "stage2_samples": 16384,
        "gmm_tol": 0.001,
        "intv_type": "do",
        "new_noise_var": null,
        "intv_targets": [
            0,
            1,
            2,
            3
        ]
    },
    "intv_args_dict": {
        "0": {
            "intv_type": "do",
            "inode": 0,
            "new_mui": 1.0,
            "new_vari": null,
            "true_params": {
                "Si": [
                    [
                        1e-09,
                        0.0,
                        0.0,
                        7.648886800912613e-10
                    ],
                    [
                        0.0,
                        1.0,
                        0.0,
                        0.9957821564135032
                    ],
                    [
                        0.0,
                        0.0,
                        1.0,
                        -0.6220186184228047
                    ],
                    [
                        7.648886800912613e-10,
                        0.9957821564135032,
                        -0.6220186184228047,
                        2.378489265281196
                    ]
                ],
                "mui": [
                    1.0,
                    0.0,
                    0.0,
                    0.7648886800912613
                ],
                "Ai": [
                    [
                        0.0,
                        0.0,
                        0.0,
                        0.0
                    ],
                    [
                        0.0,
                        0.0,
                        0.0,
                        0.0
                    ],
                    [
                        0.0,
                        0.0,
                        0.0,
                        0.0
                    ],
                    [
                        0.7648886800912613,
                        0.9957821564135032,
                        -0.6220186184228047,
                        0.0
                    ]
                ]
            },
            "est_params": {
                "mui": [
                    1.0000042391565285,
                    0.018477344553658168,
                    -0.02453691805231856,
                    0.7799202128073265
                ],
                "Si": [
                    [
                        1.0187858736408865e-06,
                        7.92253366461061e-07,
                        -8.061601960042551e-07,
                        3.640795871290902e-06
                    ],
                    [
                        7.92253366461061e-07,
                        0.9908770532737509,
                        -0.022411288362715685,
                        1.017145689762018
                    ],
                    [
                        -8.061601960042552e-07,
                        -0.022411288362715692,
                        1.0263029211888577,
                        -0.6505732984253145
                    ],
                    [
                        3.640795871290902e-06,
                        1.017145689762018,
                        -0.6505732984253144,
                        2.4302622138964285
                    ]
                ]
            },
            "est_tgt": [
                0
            ],
            "oracle_est_tgt": [
                0
            ],
            "intv_base_est_tgt": [
                0,
                2,
                3
            ]
        },
        "1": {
            "intv_type": "do",
            "inode": 1,
            "new_mui": 1.0,
            "new_vari": null,
            "true_params": {
                "Si": [
                    [
                        1.0,
                        0.0,
                        0.0,
                        0.7648886800912613
                    ],
                    [
                        0.0,
                        1e-09,
                        0.0,
                        9.957821564135032e-10
                    ],
                    [
                        0.0,
                        0.0,
                        1.0,
                        -0.6220186184228047
                    ],
                    [
                        0.7648886800912613,
                        9.957821564135032e-10,
                        -0.6220186184228047,
                        1.9719618555879488
                    ]
                ],
                "mui": [
                    0.0,
                    1.0,
                    0.0,
                    0.9957821564135032
                ],
                "Ai": [
                    [
                        0.0,
                        0.0,
                        0.0,
                        0.0
                    ],
                    [
                        0.0,
                        0.0,
                        0.0,
                        0.0
                    ],
                    [
                        0.0,
                        0.0,
                        0.0,
                        0.0
                    ],
                    [
                        0.7648886800912613,
                        0.9957821564135032,
                        -0.6220186184228047,
                        0.0
                    ]
                ]
            },
            "est_params": {
                "mui": [
                    0.026803321044959957,
                    1.0000002451674126,
                    0.010438049630627843,
                    1.0250934675828867
                ],
                "Si": [
                    [
                        1.0579438755242074,
                        1.8746520143952934e-06,
                        0.0118948924259766,
                        0.7919350914104817
                    ],
                    [
                        1.874652014395293e-06,
                        1.0095490209893611e-06,
                        2.353356092236966e-06,
                        1.0803973498303094e-06
                    ],
                    [
                        0.011894892425976593,
                        2.353356092236966e-06,
                        0.9900334111251935,
                        -0.6149699967988759
                    ],
                    [
                        0.7919350914104817,
                        1.0803973498303088e-06,
                        -0.6149699967988759,
                        1.991830531706424
                    ]
                ]
            },
            "est_tgt": [
                1
            ],
            "oracle_est_tgt": [
                1
            ],
            "intv_base_est_tgt": [
                1,
                2,
                3
            ]
        },
        "2": {
            "intv_type": "do",
            "inode": 2,
            "new_mui": 1.0,
            "new_vari": null,