{
    "expt_args": {
        "save_dir": "expt_logs_29.04.24-9",
        "exp_name": "99",
        "num_nodes": 4,
        "obs_noise_mean": 0.5,
        "obs_noise_var": 1.0,
        "max_edge_strength": 1.0,
        "num_parents": 2,
        "new_noise_mean": 10.0,
        "mix_samples": 8192,
        "stage2_samples": 8192,
        "intv_targets": [
            0,
            1,
            2,
            3
        ]
    },
    "intv_args_dict": {
        "0": {
            "intv_type": "do",
            "inode": 0,
            "new_mui": 10.0,
            "true_params": {
                "Si": [
                    [
                        0.0,
                        0.0,
                        0.0,
                        0.0
                    ],
                    [
                        0.0,
                        1.0,
                        0.5872883259494146,
                        0.46316950510017174
                    ],
                    [
                        0.0,
                        0.5872883259494146,
                        1.3449075777964659,
                        1.0606718194277784
                    ],
                    [
                        0.0,
                        0.46316950510017174,
                        1.0606718194277784,
                        1.8365070783313646
                    ]
                ],
                "mui": [
                    10.0,
                    8.682747591059112,
                    12.851566096941408,
                    1.5932558786867075
                ],
                "Ai": [
                    [
                        0.0,
                        0.0,
                        0.0,
                        0.0
                    ],
                    [
                        0.8182747591059112,
                        0.0,
                        0.0,
                        0.0
                    ],
                    [
                        0.725228979954699,
                        0.5872883259494146,
                        0.0,
                        0.0
                    ],
                    [
                        -0.9042231659329167,
                        0.0,
                        0.7886577761466798,
                        0.0
                    ]
                ]
            },
            "est_params": {
                "mui": [
                    10.0,
                    8.679851802116028,
                    12.816098029218356,
                    1.537884045831907
                ],
                "Si": [
                    [
                        1e-06,
                        0.0,
                        0.0,
                        0.0
                    ],
                    [
                        0.0,
                        0.9986090244678095,
                        0.5876866364172159,
                        0.4498613678459362
                    ],
                    [
                        0.0,
                        0.5876866364172159,
                        1.3414428316467009,
                        1.013639471406287
                    ],
                    [
                        0.0,
                        0.4498613678459362,
                        1.013639471406287,
                        1.7618468670075553
                    ]
                ]
            },
            "est_tgt": [
                0,
                3
            ]
        },
        "1": {
            "intv_type": "do",
            "inode": 1,
            "new_mui": 10.0,
            "true_params": {
                "Si": [
                    [
                        1.0,
                        0.0,
                        0.725228979954699,
                        -0.33226569140471884
                    ],
                    [
                        0.0,
                        0.0,
                        0.0,
                        0.0
                    ],
                    [
                        0.725228979954699,
                        0.0,
                        1.5259570733661332,
                        0.5476890676952927
                    ],
                    [
                        -0.33226569140471884,
                        0.0,
                        0.5476890676952927,
                        1.7323815775612823
                    ]
                ],
                "mui": [
                    0.5,
                    10.0,
                    6.735497749471495,
                    5.359891093372697
                ],
                "Ai": [
                    [
                        0.0,
                        0.0,
                        0.0,
                        0.0
                    ],
                    [
                        0.0,
                        0.0,
                        0.0,
                        0.0
                    ],
                    [
                        0.725228979954699,
                        0.5872883259494146,
                        0.0,
                        0.0
                    ],
                    [
                        -0.9042231659329167,
                        0.0,
                        0.7886577761466798,
                        0.0
                    ]
                ]
            },
            "est_params": {
                "mui": [
                    0.5021246689385386,
                    9.999999999999998,
                    6.704220613576245,
                    5.363478365247641
                ],
                "Si": [
                    [
                        0.9882584149979748,
                        -2.0586598479672128e-25,
                        0.6801217628357603,
                        -0.3393099642878598
                    ],
                    [
                        -2.0586597709112025e-25,
                        1e-06,
                        -1.4871519482495007e-25,
                        2.2540924990586996e-26
                    ],
                    [
                        0.6801217628357603,
                        -1.4871519867775058e-25,
                        1.4777088313184803,
                        0.5671443098967033
                    ],
                    [
                        -0.3393099642878598,
                        2.2540924990586996e-26,
                        0.5671443098967033,
                        1.7908984488336797
                    ]
                ]
            },
            "est_tgt": [
                1,
                2,
                3
            ]
        },
        "2": {
            "intv_type": "do",
            "inode": 2,
            "new_mui": 10.0,
            "true_params": {
                "Si": [
                    [
                        1.0,
                        0.8182747591059112,
                        0.0,
                        -0.9042231659329167
                    ],
                    [
                        0.8182747591059112,
                        1.669573581389837,
                        0.0,
                        -0.7399029932817418
                    ],
                    [
                        0.0,
                        0.0,
                        0.0,
                        0.0
                    ],
                    [
                        -0.9042231659329167,
                        -0.7399029932817418,
                        0.0,
                        1.8176195338097472
                    ]
                ],
                "mui": [
                    0.5,
                    0.9091373795529556,
                    10.0,
                    7.934466178500339
                ],