{
    "expt_args": {
        "save_dir": "expt_logs_29.04.24-9",
        "exp_name": "77",
        "num_nodes": 4,
        "obs_noise_mean": 0.5,
        "obs_noise_var": 1.0,
        "max_edge_strength": 1.0,
        "num_parents": 2,
        "new_noise_mean": 10.0,
        "mix_samples": 32768,
        "stage2_samples": 32768,
        "intv_targets": [
            0,
            1,
            2,
            3
        ]
    },
    "intv_args_dict": {
        "0": {
            "intv_type": "do",
            "inode": 0,
            "new_mui": 10.0,
            "true_params": {
                "Si": [
                    [
                        0.0,
                        0.0,
                        0.0,
                        0.0
                    ],
                    [
                        0.0,
                        1.0,
                        -0.6373939453559809,
                        0.5954275691228458
                    ],
                    [
                        0.0,
                        -0.6373939453559809,
                        1.4062710415764632,
                        -1.3136813644285252
                    ],
                    [
                        0.0,
                        0.5954275691228458,
                        -1.3136813644285252,
                        2.227187843754626
                    ]
                ],
                "mui": [
                    10.0,
                    -9.132368544014032,
                    -0.8430380022996442,
                    8.211461798399501
                ],
                "Ai": [
                    [
                        0.0,
                        0.0,
                        0.0,
                        0.0
                    ],
                    [
                        -0.9632368544014032,
                        0.0,
                        0.0,
                        0.0
                    ],
                    [
                        -0.7163954419013603,
                        -0.6373939453559809,
                        0.0,
                        0.0
                    ],
                    [
                        0.692392989282561,
                        0.0,
                        -0.9341594369715935,
                        0.0
                    ]
                ]
            },
            "est_params": {
                "mui": [
                    10.0,
                    -9.121342832505993,
                    -0.8394334134364206,
                    8.208136625821892
                ],
                "Si": [
                    [
                        1e-06,
                        0.0,
                        0.0,
                        0.0
                    ],
                    [
                        0.0,
                        0.9747705816523241,
                        -0.5864732554919576,
                        0.5516238568403545
                    ],
                    [
                        0.0,
                        -0.5864732554919576,
                        1.340745253755795,
                        -1.2478674330606558
                    ],
                    [
                        0.0,
                        0.5516238568403545,
                        -1.2478674330606558,
                        2.1398066860708576
                    ]
                ]
            },
            "est_tgt": [
                0
            ]
        },
        "1": {
            "intv_type": "do",
            "inode": 1,
            "new_mui": 10.0,
            "true_params": {
                "Si": [
                    [
                        1.0,
                        0.0,
                        -0.7163954419013603,
                        1.3616205519381517
                    ],
                    [
                        0.0,
                        0.0,
                        0.0,
                        0.0
                    ],
                    [
                        -0.7163954419013603,
                        0.0,
                        1.5132224291770453,
                        -1.9096181939792998
                    ],
                    [
                        1.3616205519381517,
                        0.0,
                        -1.9096181939792998,
                        3.7266643811434417
                    ]
                ],
                "mui": [
                    0.5,
                    10.0,
                    -6.232137174510489,
                    6.668006248711737
                ],
                "Ai": [
                    [
                        0.0,
                        0.0,
                        0.0,
                        0.0
                    ],
                    [
                        0.0,
                        0.0,
                        0.0,
                        0.0
                    ],
                    [
                        -0.7163954419013603,
                        -0.6373939453559809,
                        0.0,
                        0.0
                    ],
                    [
                        0.692392989282561,
                        0.0,
                        -0.9341594369715935,
                        0.0
                    ]
                ]
            },
            "est_params": {
                "mui": [
                    0.5043449396063504,
                    10.000000000000002,
                    -6.253399903254006,
                    6.68883451124992
                ],
                "Si": [
                    [
                        0.9819334684463263,
                        4.165204840629864e-32,
                        -0.6988156943498189,
                        1.3235425880357659
                    ],
                    [
                        4.165204840629864e-32,
                        1e-06,
                        -1.3790920998339804e-30,
                        2.5949466920409637e-30
                    ],
                    [
                        -0.6988156943498189,
                        -1.3752398872646116e-30,
                        1.4957428710466953,
                        -1.8945365193500476
                    ],
                    [
                        1.3235425880357663,
                        2.6007250108950167e-30,
                        -1.8945365193500476,
                        3.6689156852207674
                    ]
                ]
            },
            "est_tgt": [
                1
            ]
        },
        "2": {
            "intv_type": "do",
            "inode": 2,
            "new_mui": 10.0,
            "true_params": {
                "Si": [
                    [
                        1.0,
                        -0.9632368544014032,
                        0.0,
                        0.692392989282561
                    ],
                    [
                        -0.9632368544014032,
                        1.92782523767711,
                        0.0,
                        -0.6669384450061185
                    ],
                    [
                        0.0,
                        0.0,
                        0.0,
                        0.0
                    ],
                    [
                        0.692392989282561,
                        -0.6669384450061185,
                        0.0,
                        1.4794080516076407
                    ]
                ],
                "mui": [
                    0.5,
                    0.018381572799298418,
                    10.0,
                    -8.495397875074655
                ],