{
    "expt_args": {
        "save_dir": "expt_logs_29.04.24-9",
        "exp_name": "75",
        "num_nodes": 4,
        "obs_noise_mean": 0.5,
        "obs_noise_var": 1.0,
        "max_edge_strength": 1.0,
        "num_parents": 2,
        "new_noise_mean": 10.0,
        "mix_samples": 8192,
        "stage2_samples": 8192,
        "intv_targets": [
            0,
            1,
            2,
            3
        ]
    },
    "intv_args_dict": {
        "0": {
            "intv_type": "do",
            "inode": 0,
            "new_mui": 10.0,
            "true_params": {
                "Si": [
                    [
                        0.0,
                        0.0,
                        0.0,
                        0.0
                    ],
                    [
                        0.0,
                        1.0,
                        -0.9344140073677674,
                        -0.7202084127885713
                    ],
                    [
                        0.0,
                        -0.9344140073677674,
                        1.87312953716509,
                        1.443732264576491
                    ],
                    [
                        0.0,
                        -0.7202084127885713,
                        1.443732264576491,
                        2.112770265175449
                    ]
                ],
                "mui": [
                    10.0,
                    -7.112298460166597,
                    16.470906859026524,
                    6.289458015109355
                ],
                "Ai": [
                    [
                        0.0,
                        0.0,
                        0.0,
                        0.0
                    ],
                    [
                        -0.7612298460166598,
                        0.0,
                        0.0,
                        0.0
                    ],
                    [
                        0.9325075553266653,
                        -0.9344140073677674,
                        0.0,
                        0.0
                    ],
                    [
                        -0.690564885678393,
                        0.0,
                        0.7707594354427428,
                        0.0
                    ]
                ]
            },
            "est_params": {
                "mui": [
                    10.0,
                    -7.108147130127383,
                    16.460746671222505,
                    6.256077584032852
                ],
                "Si": [
                    [
                        1e-06,
                        0.0,
                        0.0,
                        0.0
                    ],
                    [
                        0.0,
                        1.0121454550175284,
                        -0.920630990421029,
                        -0.7184178907198873
                    ],
                    [
                        0.0,
                        -0.920630990421029,
                        1.8759407307080302,
                        1.4727983874385582
                    ],
                    [
                        0.0,
                        -0.7184178907198873,
                        1.4727983874385582,
                        2.2200264403464356
                    ]
                ]
            },
            "est_tgt": [
                0,
                1
            ]
        },
        "1": {
            "intv_type": "do",
            "inode": 1,
            "new_mui": 10.0,
            "true_params": {
                "Si": [
                    [
                        1.0,
                        0.0,
                        0.9325075553266653,
                        0.028174111211279773
                    ],
                    [
                        0.0,
                        0.0,
                        0.0,
                        0.0
                    ],
                    [
                        0.9325075553266653,
                        0.0,
                        1.8695703407413138,
                        0.7970320070118749
                    ],
                    [
                        0.028174111211279773,
                        0.0,
                        0.7970320070118749,
                        1.5948638878665613
                    ]
                ],
                "mui": [
                    0.5,
                    10.0,
                    -8.37788629601434,
                    -6.302617354558701
                ],
                "Ai": [
                    [
                        0.0,
                        0.0,
                        0.0,
                        0.0
                    ],
                    [
                        0.0,
                        0.0,
                        0.0,
                        0.0
                    ],
                    [
                        0.9325075553266653,
                        -0.9344140073677674,
                        0.0,
                        0.0
                    ],
                    [
                        -0.690564885678393,
                        0.0,
                        0.7707594354427428,
                        0.0
                    ]
                ]
            },
            "est_params": {
                "mui": [
                    0.4989646326770054,
                    10.0,
                    -8.35572369602195,
                    -6.257598248925444
                ],
                "Si": [
                    [
                        0.9685976104252585,
                        0.0,
                        0.9233026908929637,
                        0.03512418472796712
                    ],
                    [
                        0.0,
                        1e-06,
                        0.0,
                        0.0
                    ],
                    [
                        0.9233026908929637,
                        0.0,
                        1.8827917495705448,
                        0.8188231492623396
                    ],
                    [
                        0.03512418472796712,
                        0.0,
                        0.8188231492623396,
                        1.5948891828014007
                    ]
                ]
            },
            "est_tgt": [
                1,
                2
            ]
        },
        "2": {
            "intv_type": "do",
            "inode": 2,
            "new_mui": 10.0,
            "true_params": {
                "Si": [
                    [
                        1.0,
                        -0.7612298460166598,
                        0.0,
                        -0.690564885678393
                    ],
                    [
                        -0.7612298460166598,
                        1.5794708784665477,
                        0.0,
                        0.5256786015894754
                    ],
                    [
                        0.0,
                        0.0,
                        0.0,
                        0.0
                    ],
                    [
                        -0.690564885678393,
                        0.5256786015894754,
                        0.0,
                        1.476879861332012
                    ]
                ],
                "mui": [
                    0.5,
                    0.11938507699167011,
                    10.0,
                    7.862311911588232
                ],