{
    "expt_args": {
        "save_dir": "expt_logs_29.04.24-9",
        "exp_name": "52",
        "num_nodes": 4,
        "obs_noise_mean": 0.5,
        "obs_noise_var": 1.0,
        "max_edge_strength": 1.0,
        "num_parents": 2,
        "new_noise_mean": 10.0,
        "mix_samples": 16384,
        "stage2_samples": 16384,
        "intv_targets": [
            0,
            1,
            2,
            3
        ]
    },
    "intv_args_dict": {
        "0": {
            "intv_type": "do",
            "inode": 0,
            "new_mui": 10.0,
            "true_params": {
                "Si": [
                    [
                        0.0,
                        0.0,
                        0.0,
                        0.0
                    ],
                    [
                        0.0,
                        1.0,
                        -0.684970705907489,
                        -0.8986473737778458
                    ],
                    [
                        0.0,
                        -0.684970705907489,
                        1.4691848679514037,
                        0.6155471259785221
                    ],
                    [
                        0.0,
                        -0.8986473737778458,
                        0.6155471259785221,
                        1.8075671023978193
                    ]
                ],
                "mui": [
                    10.0,
                    8.650203050400599,
                    -10.830364649957048,
                    0.034125849476209225
                ],
                "Ai": [
                    [
                        0.0,
                        0.0,
                        0.0,
                        0.0
                    ],
                    [
                        0.81502030504006,
                        0.0,
                        0.0,
                        0.0
                    ],
                    [
                        -0.5405228960281034,
                        -0.684970705907489,
                        0.0,
                        0.0
                    ],
                    [
                        0.7307608103363818,
                        -0.8986473737778458,
                        -0.0,
                        0.0
                    ]
                ]
            },
            "est_params": {
                "mui": [
                    10.0,
                    8.676303257816098,
                    -10.8500678552745,
                    0.025445060596386102
                ],
                "Si": [
                    [
                        1e-06,
                        0.0,
                        0.0,
                        0.0
                    ],
                    [
                        0.0,
                        1.0394142869980698,
                        -0.7402100656052382,
                        -0.9371706602953203
                    ],
                    [
                        0.0,
                        -0.7402100656052382,
                        1.519708035923392,
                        0.6582625387453308
                    ],
                    [
                        0.0,
                        -0.9371706602953203,
                        0.6582625387453308,
                        1.7932551875609277
                    ]
                ]
            },
            "est_tgt": [
                0
            ]
        },
        "1": {
            "intv_type": "do",
            "inode": 1,
            "new_mui": 10.0,
            "true_params": {
                "Si": [
                    [
                        1.0,
                        0.0,
                        -0.5405228960281034,
                        0.7307608103363818
                    ],
                    [
                        0.0,
                        0.0,
                        0.0,
                        0.0
                    ],
                    [
                        -0.5405228960281034,
                        0.0,
                        1.2921650011306078,
                        -0.39499294950686475
                    ],
                    [
                        0.7307608103363818,
                        0.0,
                        -0.39499294950686475,
                        1.5340113619234854
                    ]
                ],
                "mui": [
                    0.5,
                    10.0,
                    -6.619968507088942,
                    -8.121093332610267
                ],
                "Ai": [
                    [
                        0.0,
                        0.0,
                        0.0,
                        0.0
                    ],
                    [
                        0.0,
                        0.0,
                        0.0,
                        0.0
                    ],
                    [
                        -0.5405228960281034,
                        -0.684970705907489,
                        0.0,
                        0.0
                    ],
                    [
                        0.7307608103363818,
                        -0.8986473737778458,
                        -0.0,
                        0.0
                    ]
                ]
            },
            "est_params": {
                "mui": [
                    0.5032608677958793,
                    9.999999999999998,
                    -6.60804266422216,
                    -8.081283686089261
                ],
                "Si": [
                    [
                        1.0011204225543642,
                        -1.2441570527339975e-25,
                        -0.5279926050815278,
                        0.7361529488789392
                    ],
                    [
                        -1.2441569756779872e-25,
                        1e-06,
                        6.284110856116576e-26,
                        -1.074527121996167e-25
                    ],
                    [
                        -0.5279926050815278,
                        6.28411201195673e-26,
                        1.2942231023775186,
                        -0.4026883452892777
                    ],
                    [
                        0.7361529488789392,
                        -1.0745270834681618e-25,
                        -0.4026883452892777,
                        1.5260351322956114
                    ]
                ]
            },
            "est_tgt": [
                1,
                3
            ]
        },
        "2": {
            "intv_type": "do",
            "inode": 2,
            "new_mui": 10.0,
            "true_params": {
                "Si": [
                    [
                        1.0,
                        0.81502030504006,
                        0.0,
                        -0.0016550463634867896
                    ],
                    [
                        0.81502030504006,
                        1.6642580976275925,
                        0.0,
                        -0.8999962701698702
                    ],
                    [
                        0.0,
                        0.0,
                        0.0,
                        0.0
                    ],
                    [
                        -0.0016550463634867896,
                        -0.8999962701698702,
                        0.0,
                        1.8075698415762846
                    ]
                ],
                "mui": [
                    0.5,
                    0.90751015252003,
                    10.0,
                    0.049848789929333726
                ],