{
    "expt_args": {
        "save_dir": "expt_logs_29.04.24-9",
        "exp_name": "169",
        "num_nodes": 4,
        "obs_noise_mean": 0.5,
        "obs_noise_var": 1.0,
        "max_edge_strength": 1.0,
        "num_parents": 2,
        "new_noise_mean": 10.0,
        "mix_samples": 2048,
        "stage2_samples": 2048,
        "intv_targets": [
            0,
            1,
            2,
            3
        ]
    },
    "intv_args_dict": {
        "0": {
            "intv_type": "do",
            "inode": 0,
            "new_mui": 10.0,
            "true_params": {
                "Si": [
                    [
                        0.0,
                        0.0,
                        0.0,
                        0.0
                    ],
                    [
                        0.0,
                        1.0,
                        0.793926194945521,
                        0.5556005633422241
                    ],
                    [
                        0.0,
                        0.793926194945521,
                        1.6303188030206734,
                        0.44110584116387985
                    ],
                    [
                        0.0,
                        0.5556005633422241,
                        0.44110584116387985,
                        1.3086919859861967
                    ]
                ],
                "mui": [
                    10.0,
                    10.193258344519798,
                    1.606777122804589,
                    -1.9069347416226343
                ],
                "Ai": [
                    [
                        0.0,
                        0.0,
                        0.0,
                        0.0
                    ],
                    [
                        0.9693258344519797,
                        0.0,
                        0.0,
                        0.0
                    ],
                    [
                        -0.6985917688756694,
                        0.793926194945521,
                        0.0,
                        0.0
                    ],
                    [
                        -0.807031482013066,
                        0.5556005633422241,
                        -0.0,
                        0.0
                    ]
                ]
            },
            "est_params": {
                "mui": [
                    10.0,
                    10.264260319462364,
                    1.728809372832647,
                    -1.8969097166638413
                ],
                "Si": [
                    [
                        1e-06,
                        0.0,
                        0.0,
                        0.0
                    ],
                    [
                        0.0,
                        0.975513177085323,
                        0.7229252534942199,
                        0.5256445018072678
                    ],
                    [
                        0.0,
                        0.7229252534942199,
                        1.4872451936181008,
                        0.31993238585120015
                    ],
                    [
                        0.0,
                        0.5256445018072678,
                        0.31993238585120015,
                        1.293620970855481
                    ]
                ]
            },
            "est_tgt": [
                0,
                2
            ]
        },
        "1": {
            "intv_type": "do",
            "inode": 1,
            "new_mui": 10.0,
            "true_params": {
                "Si": [
                    [
                        1.0,
                        0.0,
                        -0.6985917688756694,
                        -0.807031482013066
                    ],
                    [
                        0.0,
                        0.0,
                        0.0,
                        0.0
                    ],
                    [
                        -0.6985917688756694,
                        0.0,
                        1.4880304595408367,
                        0.5637855505578607
                    ],
                    [
                        -0.807031482013066,
                        0.0,
                        0.5637855505578607,
                        1.6512998129602057
                    ]
                ],
                "mui": [
                    0.5,
                    10.0,
                    8.089966065017375,
                    5.652489892415708
                ],
                "Ai": [
                    [
                        0.0,
                        0.0,
                        0.0,
                        0.0
                    ],
                    [
                        0.0,
                        0.0,
                        0.0,
                        0.0
                    ],
                    [
                        -0.6985917688756694,
                        0.793926194945521,
                        0.0,
                        0.0
                    ],
                    [
                        -0.807031482013066,
                        0.5556005633422241,
                        -0.0,
                        0.0
                    ]
                ]
            },
            "est_params": {
                "mui": [
                    0.5219491385261568,
                    9.999999999999998,
                    8.075939264356181,
                    5.609376827006071
                ],
                "Si": [
                    [
                        1.0020236088773777,
                        -4.2181877743725407e-29,
                        -0.7626860148295185,
                        -0.8487069926906314
                    ],
                    [
                        -4.222045284911519e-29,
                        1e-06,
                        2.2628156821645473e-29,
                        2.9641110981507636e-29
                    ],
                    [
                        -0.7626860148295185,
                        2.2616584290028536e-29,
                        1.5501444889980969,
                        0.5860369304737187
                    ],
                    [
                        -0.8487069926906314,
                        2.9641110981507636e-29,
                        0.5860369304737187,
                        1.6878865714265319
                    ]
                ]
            },
            "est_tgt": [
                1,
                2
            ]
        },
        "2": {
            "intv_type": "do",
            "inode": 2,
            "new_mui": 10.0,
            "true_params": {
                "Si": [
                    [
                        1.0,
                        0.9693258344519797,
                        0.0,
                        -0.2684735023293746
                    ],
                    [
                        0.9693258344519797,
                        1.9395925733360269,
                        0.0,
                        0.2953622616685575
                    ],
                    [
                        0.0,
                        0.0,
                        0.0,
                        0.0
                    ],
                    [
                        -0.2684735023293746,
                        0.2953622616685575,
                        0.0,
                        1.3807700074391975
                    ]
                ],
                "mui": [
                    0.5,
                    0.9846629172259899,
                    10.0,
                    0.6435635305064247
                ],