{
    "expt_args": {
        "save_dir": "expt_logs_29.04.24-10",
        "exp_name": "6",
        "num_nodes": 4,
        "obs_noise_mean": 0.0,
        "obs_noise_var": 1.0,
        "max_edge_strength": 1.0,
        "num_parents": 2,
        "new_noise_mean": 10.0,
        "mix_samples": 65536,
        "stage2_samples": 65536,
        "intv_targets": [
            0,
            1,
            2,
            3
        ]
    },
    "intv_args_dict": {
        "0": {
            "intv_type": "do",
            "inode": 0,
            "new_mui": 10.0,
            "true_params": {
                "Si": [
                    [
                        0.0,
                        0.0,
                        0.0,
                        0.0
                    ],
                    [
                        0.0,
                        1.0,
                        -0.5649399036652014,
                        -0.6086287992735002
                    ],
                    [
                        0.0,
                        -0.5649399036652014,
                        1.3191570947532472,
                        -0.16737251721664148
                    ],
                    [
                        0.0,
                        -0.6086287992735002,
                        -0.16737251721664148,
                        1.6317659190356937
                    ]
                ],
                "mui": [
                    10.0,
                    7.2412343144266895,
                    1.5340508567318785,
                    -7.282742377867439
                ],
                "Ai": [
                    [
                        0.0,
                        0.0,
                        0.0,
                        0.0
                    ],
                    [
                        0.724123431442669,
                        0.0,
                        0.0,
                        0.0
                    ],
                    [
                        0.5624913072741243,
                        -0.5649399036652014,
                        0.0,
                        0.0
                    ],
                    [
                        0.0,
                        -0.8974324123853594,
                        -0.5112112124460799,
                        0.0
                    ]
                ]
            },
            "est_params": {
                "mui": [
                    10.0,
                    7.2645195383961285,
                    1.5194561776661666,
                    -7.287797671335802
                ],
                "Si": [
                    [
                        1e-06,
                        0.0,
                        0.0,
                        0.0
                    ],
                    [
                        0.0,
                        1.0082778101746614,
                        -0.5782161663337823,
                        -0.6139446720787893
                    ],
                    [
                        0.0,
                        -0.5782161663337823,
                        1.319610913749261,
                        -0.15128094848385873
                    ],
                    [
                        0.0,
                        -0.6139446720787893,
                        -0.15128094848385873,
                        1.6322376395886984
                    ]
                ]
            },
            "est_tgt": [
                0
            ]
        },
        "1": {
            "intv_type": "do",
            "inode": 1,
            "new_mui": 10.0,
            "true_params": {
                "Si": [
                    [
                        1.0,
                        0.0,
                        0.5624913072741243,
                        -0.2875518631819856
                    ],
                    [
                        0.0,
                        0.0,
                        0.0,
                        0.0
                    ],
                    [
                        0.5624913072741243,
                        0.0,
                        1.3163964707589533,
                        -0.6729566358764252
                    ],
                    [
                        -0.2875518631819856,
                        0.0,
                        -0.6729566358764252,
                        1.3440229777500226
                    ]
                ],
                "mui": [
                    0.0,
                    10.0,
                    -5.649399036652014,
                    -6.086287992735002
                ],
                "Ai": [
                    [
                        0.0,
                        0.0,
                        0.0,
                        0.0
                    ],
                    [
                        0.0,
                        0.0,
                        0.0,
                        0.0
                    ],
                    [
                        0.5624913072741243,
                        -0.5649399036652014,
                        0.0,
                        0.0
                    ],
                    [
                        0.0,
                        -0.8974324123853594,
                        -0.5112112124460799,
                        0.0
                    ]
                ]
            },
            "est_params": {
                "mui": [
                    0.0007389982587331767,
                    10.0,
                    -5.660465638118724,
                    -6.091516729347852
                ],
                "Si": [
                    [
                        1.00593497965451,
                        -1.635384457460108e-33,
                        0.5475899339349736,
                        -0.29739595145602726
                    ],
                    [
                        -1.635384457460108e-33,
                        1e-06,
                        -1.0024052097556324e-33,
                        5.0931708065750715e-34
                    ],
                    [
                        0.5475899339349736,
                        -1.0024052097556324e-33,
                        1.3049771064925606,
                        -0.6788716344003157
                    ],
                    [
                        -0.29739595145602726,
                        5.0931708065750715e-34,
                        -0.6788716344003157,
                        1.3682339545384932
                    ]
                ]
            },
            "est_tgt": [
                1
            ]
        },
        "2": {
            "intv_type": "do",
            "inode": 2,
            "new_mui": 10.0,
            "true_params": {
                "Si": [
                    [
                        1.0,
                        0.724123431442669,
                        0.0,
                        -0.6498518379443589
                    ],
                    [
                        0.724123431442669,
                        1.5243547439643057,
                        0.0,
                        -1.3680053552069538
                    ],
                    [
                        0.0,
                        0.0,
                        0.0,
                        0.0
                    ],
                    [
                        -0.6498518379443589,
                        -1.3680053552069538,
                        0.0,
                        2.227692346079467
                    ]
                ],
                "mui": [
                    0.0,
                    0.0,
                    10.0,
                    -5.112112124460799
                ],