{
    "expt_args": {
        "save_dir": "expt_logs_29.04.24-10",
        "exp_name": "72",
        "num_nodes": 4,
        "obs_noise_mean": 0.0,
        "obs_noise_var": 1.0,
        "max_edge_strength": 1.0,
        "num_parents": 2,
        "new_noise_mean": 10.0,
        "mix_samples": 1024,
        "stage2_samples": 1024,
        "intv_targets": [
            0,
            1,
            2,
            3
        ]
    },
    "intv_args_dict": {
        "0": {
            "intv_type": "do",
            "inode": 0,
            "new_mui": 10.0,
            "true_params": {
                "Si": [
                    [
                        0.0,
                        0.0,
                        0.0,
                        0.0
                    ],
                    [
                        0.0,
                        1.0,
                        -0.7742889585411251,
                        -0.49451493295160315
                    ],
                    [
                        0.0,
                        -0.7742889585411251,
                        1.5995233913187001,
                        1.0215671990245432
                    ],
                    [
                        0.0,
                        -0.49451493295160315,
                        1.0215671990245432,
                        1.6524440641424274
                    ]
                ],
                "mui": [
                    10.0,
                    8.249671606459533,
                    -11.877628382409554,
                    -14.608140646981356
                ],
                "Ai": [
                    [
                        0.0,
                        0.0,
                        0.0,
                        0.0
                    ],
                    [
                        0.8249671606459533,
                        0.0,
                        0.0,
                        0.0
                    ],
                    [
                        -0.5489998745937714,
                        -0.7742889585411251,
                        0.0,
                        0.0
                    ],
                    [
                        -0.7022258737702716,
                        0.0,
                        0.6386697466064122,
                        0.0
                    ]
                ]
            },
            "est_params": {
                "mui": [
                    10.0,
                    8.341998423949892,
                    -11.900228470295737,
                    -14.64068916266209
                ],
                "Si": [
                    [
                        1e-06,
                        0.0,
                        0.0,
                        0.0
                    ],
                    [
                        0.0,
                        0.9226365515049634,
                        -0.7228711836004007,
                        -0.5083907282720755
                    ],
                    [
                        0.0,
                        -0.7228711836004007,
                        1.4855657112451364,
                        1.0408396427006201
                    ],
                    [
                        0.0,
                        -0.5083907282720755,
                        1.0408396427006201,
                        1.7900798322449292
                    ]
                ]
            },
            "est_tgt": [
                0,
                1,
                2
            ]
        },
        "1": {
            "intv_type": "do",
            "inode": 1,
            "new_mui": 10.0,
            "true_params": {
                "Si": [
                    [
                        1.0,
                        0.0,
                        -0.5489998745937714,
                        -1.0528554845640277
                    ],
                    [
                        0.0,
                        0.0,
                        0.0,
                        0.0
                    ],
                    [
                        -0.5489998745937714,
                        0.0,
                        1.3014008623039768,
                        1.2166872755974278
                    ],
                    [
                        -1.0528554845640277,
                        0.0,
                        1.2166872755974278,
                        2.5164037166068525
                    ]
                ],
                "mui": [
                    0.0,
                    10.0,
                    -7.742889585411251,
                    -4.945149329516031
                ],
                "Ai": [
                    [
                        0.0,
                        0.0,
                        0.0,
                        0.0
                    ],
                    [
                        0.0,
                        0.0,
                        0.0,
                        0.0
                    ],
                    [
                        -0.5489998745937714,
                        -0.7742889585411251,
                        0.0,
                        0.0
                    ],
                    [
                        -0.7022258737702716,
                        0.0,
                        0.6386697466064122,
                        0.0
                    ]
                ]
            },
            "est_params": {
                "mui": [
                    -0.06355184371734279,
                    10.0,
                    -7.740295640170438,
                    -4.841862787253031
                ],
                "Si": [
                    [
                        1.002544946097341,
                        8.078235779009675e-44,
                        -0.5650815647382776,
                        -1.069061149973629
                    ],
                    [
                        8.078235779009675e-44,
                        1e-06,
                        -4.125014712234013e-44,
                        -9.585135209350956e-44
                    ],
                    [
                        -0.5650815647382776,
                        -4.125014712234013e-44,
                        1.380877395093058,
                        1.3706044175580399
                    ],
                    [
                        -1.069061149973629,
                        -9.585135209350954e-44,
                        1.3706044175580399,
                        2.7451104143359566
                    ]
                ]
            },
            "est_tgt": [
                1,
                2,
                3
            ]
        },
        "2": {
            "intv_type": "do",
            "inode": 2,
            "new_mui": 10.0,
            "true_params": {
                "Si": [
                    [
                        1.0,
                        0.8249671606459533,
                        0.0,
                        -0.7022258737702716
                    ],
                    [
                        0.8249671606459533,
                        1.6805708161442463,
                        0.0,
                        -0.5793132852163846
                    ],
                    [
                        0.0,
                        0.0,
                        0.0,
                        0.0
                    ],
                    [
                        -0.7022258737702716,
                        -0.5793132852163846,
                        0.0,
                        1.4931211777924214
                    ]
                ],
                "mui": [
                    0.0,
                    0.0,
                    10.0,
                    6.386697466064122
                ],