{
    "expt_args": {
        "save_dir": "expt_logs_29.04.24-10",
        "exp_name": "148",
        "num_nodes": 4,
        "obs_noise_mean": 0.0,
        "obs_noise_var": 1.0,
        "max_edge_strength": 1.0,
        "num_parents": 2,
        "new_noise_mean": 10.0,
        "mix_samples": 16384,
        "stage2_samples": 16384,
        "intv_targets": [
            0,
            1,
            2,
            3
        ]
    },
    "intv_args_dict": {
        "0": {
            "intv_type": "do",
            "inode": 0,
            "new_mui": 10.0,
            "true_params": {
                "Si": [
                    [
                        0.0,
                        0.0,
                        0.0,
                        0.0
                    ],
                    [
                        0.0,
                        1.0,
                        0.8383393764103848,
                        -0.0928519398044928
                    ],
                    [
                        0.0,
                        0.8383393764103848,
                        1.7028129100401528,
                        0.6522116256808753
                    ],
                    [
                        0.0,
                        -0.0928519398044928,
                        0.6522116256808753,
                        1.5415989575139384
                    ]
                ],
                "mui": [
                    10.0,
                    -7.345506728091826,
                    -1.0833146145481165,
                    4.386854256184708
                ],
                "Ai": [
                    [
                        0.0,
                        0.0,
                        0.0,
                        0.0
                    ],
                    [
                        -0.7345506728091826,
                        0.0,
                        0.0,
                        0.0
                    ],
                    [
                        0.5074712915298671,
                        0.8383393764103848,
                        0.0,
                        0.0
                    ],
                    [
                        -0.0,
                        -0.7048841693822698,
                        0.7300530629950684,
                        0.0
                    ]
                ]
            },
            "est_params": {
                "mui": [
                    10.0,
                    -7.324799014725259,
                    -1.0800968814601717,
                    4.368530838811231
                ],
                "Si": [
                    [
                        1e-06,
                        0.0,
                        0.0,
                        0.0
                    ],
                    [
                        0.0,
                        0.9895942899341531,
                        0.8314534983764106,
                        -0.08553054865901721
                    ],
                    [
                        0.0,
                        0.8314534983764106,
                        1.6623280385167394,
                        0.622473987405508
                    ],
                    [
                        0.0,
                        -0.08553054865901721,
                        0.622473987405508,
                        1.496166770737044
                    ]
                ]
            },
            "est_tgt": [
                0
            ]
        },
        "1": {
            "intv_type": "do",
            "inode": 1,
            "new_mui": 10.0,
            "true_params": {
                "Si": [
                    [
                        1.0,
                        0.0,
                        0.5074712915298671,
                        0.37048097076344283
                    ],
                    [
                        0.0,
                        0.0,
                        0.0,
                        0.0
                    ],
                    [
                        0.5074712915298671,
                        0.0,
                        1.2575271117269913,
                        0.9180615197156318
                    ],
                    [
                        0.37048097076344283,
                        0.0,
                        0.9180615197156318,
                        1.6702336244863045
                    ]
                ],
                "mui": [
                    0.0,
                    10.0,
                    8.383393764103849,
                    -0.928519398044928
                ],
                "Ai": [
                    [
                        0.0,
                        0.0,
                        0.0,
                        0.0
                    ],
                    [
                        0.0,
                        0.0,
                        0.0,
                        0.0
                    ],
                    [
                        0.5074712915298671,
                        0.8383393764103848,
                        0.0,
                        0.0
                    ],
                    [
                        -0.0,
                        -0.7048841693822698,
                        0.7300530629950684,
                        0.0
                    ]
                ]
            },
            "est_params": {
                "mui": [
                    -0.05120758301084768,
                    10.0,
                    8.373774562734765,
                    -0.9266409913450803
                ],
                "Si": [
                    [
                        1.0012454587530684,
                        0.0,
                        0.5401235127660957,
                        0.3696661652752454
                    ],
                    [
                        0.0,
                        1e-06,
                        0.0,
                        0.0
                    ],
                    [
                        0.5401235127660957,
                        0.0,
                        1.3043885214852513,
                        0.9288233990302985
                    ],
                    [
                        0.3696661652752454,
                        0.0,
                        0.9288233990302985,
                        1.6884608596502972
                    ]
                ]
            },
            "est_tgt": [
                1
            ]
        },
        "2": {
            "intv_type": "do",
            "inode": 2,
            "new_mui": 10.0,
            "true_params": {
                "Si": [
                    [
                        1.0,
                        -0.7345506728091826,
                        0.0,
                        0.5177731408722882
                    ],
                    [
                        -0.7345506728091826,
                        1.539564690924423,
                        0.0,
                        -1.0852147783725328
                    ],
                    [
                        0.0,
                        0.0,
                        0.0,
                        0.0
                    ],
                    [
                        0.5177731408722882,
                        -1.0852147783725328,
                        0.0,
                        1.7649507176544867
                    ]
                ],
                "mui": [
                    0.0,
                    0.0,
                    10.0,
                    7.300530629950685
                ],