{
    "expt_args": {
        "save_dir": "expt_logs_29.04.24-10",
        "exp_name": "75",
        "num_nodes": 4,
        "obs_noise_mean": 0.0,
        "obs_noise_var": 1.0,
        "max_edge_strength": 1.0,
        "num_parents": 2,
        "new_noise_mean": 10.0,
        "mix_samples": 8192,
        "stage2_samples": 8192,
        "intv_targets": [
            0,
            1,
            2,
            3
        ]
    },
    "intv_args_dict": {
        "0": {
            "intv_type": "do",
            "inode": 0,
            "new_mui": 10.0,
            "true_params": {
                "Si": [
                    [
                        0.0,
                        0.0,
                        0.0,
                        0.0
                    ],
                    [
                        0.0,
                        1.0,
                        -0.5907250230285548,
                        -0.4056289795172173
                    ],
                    [
                        0.0,
                        -0.5907250230285548,
                        1.3489560528320865,
                        0.9262781256811651
                    ],
                    [
                        0.0,
                        -0.4056289795172173,
                        0.9262781256811651,
                        1.636040858643311
                    ]
                ],
                "mui": [
                    10.0,
                    -7.917297271380399,
                    14.31024042146265,
                    0.4871935171808284
                ],
                "Ai": [
                    [
                        0.0,
                        0.0,
                        0.0,
                        0.0
                    ],
                    [
                        -0.7917297271380399,
                        0.0,
                        0.0,
                        0.0
                    ],
                    [
                        0.963329480850255,
                        -0.5907250230285548,
                        0.0,
                        0.0
                    ],
                    [
                        -0.933911820573283,
                        0.0,
                        0.6866629374148077,
                        0.0
                    ]
                ]
            },
            "est_params": {
                "mui": [
                    10.0,
                    -7.916814881476189,
                    14.318522468749686,
                    0.46225917587134446
                ],
                "Si": [
                    [
                        1e-06,
                        0.0,
                        0.0,
                        0.0
                    ],
                    [
                        0.0,
                        1.085710141748912,
                        -0.6274450123319881,
                        -0.43098011190199637
                    ],
                    [
                        0.0,
                        -0.6274450123319881,
                        1.3844466007209462,
                        0.9555913470867712
                    ],
                    [
                        0.0,
                        -0.43098011190199637,
                        0.9555913470867712,
                        1.6871276887917135
                    ]
                ]
            },
            "est_tgt": [
                0,
                3
            ]
        },
        "1": {
            "intv_type": "do",
            "inode": 1,
            "new_mui": 10.0,
            "true_params": {
                "Si": [
                    [
                        1.0,
                        0.0,
                        0.963329480850255,
                        -0.27242916955436525
                    ],
                    [
                        0.0,
                        0.0,
                        0.0,
                        0.0
                    ],
                    [
                        0.963329480850255,
                        0.0,
                        1.9280036886752219,
                        0.4242238869395349
                    ],
                    [
                        -0.27242916955436525,
                        0.0,
                        0.4242238869395349,
                        1.545723642043213
                    ]
                ],
                "mui": [
                    0.0,
                    10.0,
                    -5.907250230285548,
                    -4.056289795172173
                ],
                "Ai": [
                    [
                        0.0,
                        0.0,
                        0.0,
                        0.0
                    ],
                    [
                        0.0,
                        0.0,
                        0.0,
                        0.0
                    ],
                    [
                        0.963329480850255,
                        -0.5907250230285548,
                        0.0,
                        0.0
                    ],
                    [
                        -0.933911820573283,
                        0.0,
                        0.6866629374148077,
                        0.0
                    ]
                ]
            },
            "est_params": {
                "mui": [
                    0.012865146470595468,
                    10.0,
                    -5.900931621590762,
                    -4.056396289660003
                ],
                "Si": [
                    [
                        0.9942311328254557,
                        0.0,
                        0.974047885558045,
                        -0.24883574140092793
                    ],
                    [
                        0.0,
                        1e-06,
                        0.0,
                        0.0
                    ],
                    [
                        0.974047885558045,
                        0.0,
                        1.9438480619954746,
                        0.4532147623730525
                    ],
                    [
                        -0.24883574140092793,
                        0.0,
                        0.4532147623730525,
                        1.5585896972273474
                    ]
                ]
            },
            "est_tgt": [
                1,
                2,
                3
            ]
        },
        "2": {
            "intv_type": "do",
            "inode": 2,
            "new_mui": 10.0,
            "true_params": {
                "Si": [
                    [
                        1.0,
                        -0.7917297271380399,
                        0.0,
                        -0.933911820573283
                    ],
                    [
                        -0.7917297271380399,
                        1.6268359608340752,
                        0.0,
                        0.7394057508734755
                    ],
                    [
                        0.0,
                        0.0,
                        0.0,
                        0.0
                    ],
                    [
                        -0.933911820573283,
                        0.7394057508734755,
                        0.0,
                        1.872191288606504
                    ]
                ],
                "mui": [
                    0.0,
                    0.0,
                    10.0,
                    6.866629374148077
                ],