{
    "expt_args": {
        "save_dir": "expt_logs_29.04.24-10",
        "exp_name": "96",
        "num_nodes": 4,
        "obs_noise_mean": 0.0,
        "obs_noise_var": 1.0,
        "max_edge_strength": 1.0,
        "num_parents": 2,
        "new_noise_mean": 10.0,
        "mix_samples": 1024,
        "stage2_samples": 1024,
        "intv_targets": [
            0,
            1,
            2,
            3
        ]
    },
    "intv_args_dict": {
        "0": {
            "intv_type": "do",
            "inode": 0,
            "new_mui": 10.0,
            "true_params": {
                "Si": [
                    [
                        0.0,
                        0.0,
                        0.0,
                        0.0
                    ],
                    [
                        0.0,
                        1.0,
                        0.6231358539650464,
                        0.9450782086209778
                    ],
                    [
                        0.0,
                        0.6231358539650464,
                        1.3882982924967477,
                        0.5889121165927893
                    ],
                    [
                        0.0,
                        0.9450782086209778,
                        0.5889121165927893,
                        1.8931728204102365
                    ]
                ],
                "mui": [
                    10.0,
                    8.202011469258276,
                    11.11623700205298,
                    17.329214057346483
                ],
                "Ai": [
                    [
                        0.0,
                        0.0,
                        0.0,
                        0.0
                    ],
                    [
                        0.8202011469258276,
                        0.0,
                        0.0,
                        0.0
                    ],
                    [
                        0.6005269580925617,
                        0.6231358539650464,
                        0.0,
                        0.0
                    ],
                    [
                        0.9577671750891159,
                        0.9450782086209778,
                        -0.0,
                        0.0
                    ]
                ]
            },
            "est_params": {
                "mui": [
                    10.0,
                    8.25521173980978,
                    11.140479656366733,
                    17.440972488325027
                ],
                "Si": [
                    [
                        1e-06,
                        0.0,
                        0.0,
                        0.0
                    ],
                    [
                        0.0,
                        0.9618102614995068,
                        0.5954487564149344,
                        0.8103530747934192
                    ],
                    [
                        0.0,
                        0.5954487564149344,
                        1.2878945424137078,
                        0.4609098021392979
                    ],
                    [
                        0.0,
                        0.8103530747934192,
                        0.4609098021392979,
                        1.6932121108476592
                    ]
                ]
            },
            "est_tgt": [
                0
            ]
        },
        "1": {
            "intv_type": "do",
            "inode": 1,
            "new_mui": 10.0,
            "true_params": {
                "Si": [
                    [
                        1.0,
                        0.0,
                        0.6005269580925617,
                        0.9577671750891159
                    ],
                    [
                        0.0,
                        0.0,
                        0.0,
                        0.0
                    ],
                    [
                        0.6005269580925617,
                        0.0,
                        1.3606326273959053,
                        0.5751650082171728
                    ],
                    [
                        0.9577671750891159,
                        0.0,
                        0.5751650082171728,
                        1.9173179616781852
                    ]
                ],
                "mui": [
                    0.0,
                    10.0,
                    6.231358539650465,
                    9.450782086209777
                ],
                "Ai": [
                    [
                        0.0,
                        0.0,
                        0.0,
                        0.0
                    ],
                    [
                        0.0,
                        0.0,
                        0.0,
                        0.0
                    ],
                    [
                        0.6005269580925617,
                        0.6231358539650464,
                        0.0,
                        0.0
                    ],
                    [
                        0.9577671750891159,
                        0.9450782086209778,
                        -0.0,
                        0.0
                    ]
                ]
            },
            "est_params": {
                "mui": [
                    0.20728064336600416,
                    10.0,
                    6.364478794493757,
                    9.661370934770869
                ],
                "Si": [
                    [
                        0.9957509540674006,
                        -6.254124542254925e-88,
                        0.6301493189625396,
                        0.8301423400626836
                    ],
                    [
                        -6.254124542254925e-88,
                        1e-06,
                        -4.989166270849495e-88,
                        -4.500490872475248e-88
                    ],
                    [
                        0.6301493189625396,
                        -4.989166270849495e-88,
                        1.4078304790819531,
                        0.42853823105289973
                    ],
                    [
                        0.8301423400626836,
                        -4.500490872475248e-88,
                        0.42853823105289973,
                        1.5109218286278414
                    ]
                ]
            },
            "est_tgt": [
                1,
                3
            ]
        },
        "2": {
            "intv_type": "do",
            "inode": 2,
            "new_mui": 10.0,
            "true_params": {
                "Si": [
                    [
                        1.0,
                        0.8202011469258276,
                        0.0,
                        1.7329214057346485
                    ],
                    [
                        0.8202011469258276,
                        1.672729921418443,
                        0.0,
                        2.3664223331368537
                    ],
                    [
                        0.0,
                        0.0,
                        0.0,
                        0.0
                    ],
                    [
                        1.7329214057346485,
                        2.3664223331368537,
                        0.0,
                        4.896189418863587
                    ]
                ],
                "mui": [
                    0.0,
                    0.0,
                    10.0,
                    0.0
                ],