{
    "expt_args": {
        "save_dir": "all_expt_logs/expt_logs_sim_gamma48-test4",
        "exp_name": "5",
        "num_nodes": 4,
        "num_tgt_prior": 5,
        "obs_noise_mean": 0.0,
        "obs_noise_var": 1.0,
        "obs_noise_gamma_shape": 2.0,
        "noise_type": "gaussian",
        "max_edge_strength": 1.0,
        "graph_sparsity_method": "adj_dense_prop",
        "adj_dense_prop": 0.8,
        "num_parents": null,
        "new_noise_mean": 1.0,
        "mix_samples": 32768,
        "stage2_samples": 32768,
        "gmm_tol": 0.001,
        "intv_type": "do",
        "new_noise_var": null,
        "dtype": "simulation",
        "cutoff_drop_ratio": 0.07,
        "intv_targets": [
            3,
            0
        ]
    },
    "intv_args_dict": {
        "3": {
            "intv_type": "do",
            "inode": 3,
            "new_mui": 1.0,
            "new_vari": null,
            "noise_type": "gaussian",
            "obs_noise_gamma_shape": 2.0,
            "true_params": {
                "Si": [
                    [
                        1.0,
                        0.6991401530898402,
                        0.7431594516445466,
                        0.0
                    ],
                    [
                        0.6991401530898402,
                        1.4887969536624852,
                        0.51957261279293,
                        0.0
                    ],
                    [
                        0.7431594516445466,
                        0.51957261279293,
                        1.5522859705686232,
                        0.0
                    ],
                    [
                        0.0,
                        0.0,
                        0.0,
                        1e-09
                    ]
                ],
                "mui": [
                    0.0,
                    0.0,
                    0.0,
                    1.0
                ],
                "Ai": [
                    [
                        0.0,
                        0.0,
                        0.0,
                        0.0
                    ],
                    [
                        0.6991401530898402,
                        0.0,
                        0.0,
                        0.0
                    ],
                    [
                        0.7431594516445466,
                        0.0,
                        0.0,
                        0.0
                    ],
                    [
                        0.0,
                        0.0,
                        0.0,
                        0.0
                    ]
                ]
            },
            "est_params": {
                "mui": [
                    0.0003353554085727634,
                    -0.0023431561272174574,
                    -0.006467334593640408,
                    1.0000013323352421
                ],
                "Si": [
                    [
                        0.999273809601523,
                        0.7060571405036583,
                        0.7331090003661918,
                        6.364875002256787e-07
                    ],
                    [
                        0.7060571405036583,
                        1.5083969050057269,
                        0.5242954661239576,
                        1.3980675227642394e-06
                    ],
                    [
                        0.7331090003661918,
                        0.5242954661239576,
                        1.5304763433476618,
                        1.2796711758223614e-06
                    ],
                    [
                        6.364875002256786e-07,
                        1.3980675227642388e-06,
                        1.2796711758223616e-06,
                        1.008065660001089e-06
                    ]
                ]
            },
            "est_tgt": [
                3
            ],
            "oracle_est_tgt": [
                3
            ]
        },
        "0": {
            "intv_type": "do",
            "inode": 0,
            "new_mui": 1.0,
            "new_vari": null,
            "noise_type": "gaussian",
            "obs_noise_gamma_shape": 2.0,
            "true_params": {
                "Si": [
                    [
                        1e-09,
                        6.991401530898403e-10,
                        7.431594516445466e-10,
                        2.1044121098515878e-10
                    ],
                    [
                        6.991401530898403e-10,
                        1.000000000488797,
                        5.195726127929301e-10,
                        -0.7299471581290554
                    ],
                    [
                        7.431594516445466e-10,
                        5.1957261279293e-10,
                        1.000000000552286,
                        0.969881466879109
                    ],
                    [
                        2.1044121098515878e-10,
                        -0.7299471581290554,
                        0.969881466879109,
                        2.473492913411971
                    ]
                ],
                "mui": [
                    1.0,
                    0.6991401530898402,
                    0.7431594516445466,
                    0.21044121098515878
                ],
                "Ai": [
                    [
                        0.0,
                        0.0,
                        0.0,
                        0.0
                    ],
                    [
                        0.6991401530898402,
                        0.0,
                        0.0,
                        0.0
                    ],
                    [
                        0.7431594516445466,
                        0.0,
                        0.0,
                        0.0
                    ],
                    [
                        0.0,
                        -0.7299471582761833,
                        0.9698814667227177,
                        0.0
                    ]
                ]
            },
            "est_params": {
                "mui": [
                    1.000000661765081,
                    0.6994896540683071,
                    0.7301337592376976,
                    0.20694606522514838
                ],
                "Si": [
                    [
                        1.01435248646787e-06,
                        6.087867442737774e-07,
                        -5.392196126296085e-07,
                        -3.228650991384502e-07
                    ],
                    [
                        6.087867442737777e-07,
                        1.0030994741974444,
                        -0.004368271488850282,
                        -0.7401294524378069
                    ],
                    [
                        -5.392196126296085e-07,
                        -0.004368271488850283,
                        0.9984475930796524,
                        0.9725813260365292
                    ],
                    [
                        -3.228650991384503e-07,
                        -0.7401294524378069,
                        0.9725813260365292,
                        2.4809857361655236
                    ]
                ]
            },
            "est_tgt": [
                0
            ],
            "oracle_est_tgt": [
                0
            ]
        },
        "obs": {
            "intv_type": "obs",
            "noise_type": "gaussian",
            "obs_noise_gamma_shape": 2.0,