{
    "expt_args": {
        "save_dir": "all_expt_logs/expt_logs_sim_gamma48-test4",
        "exp_name": "4",
        "num_nodes": 4,
        "num_tgt_prior": 5,
        "obs_noise_mean": 0.0,
        "obs_noise_var": 1.0,
        "obs_noise_gamma_shape": 2.0,
        "noise_type": "gaussian",
        "max_edge_strength": 1.0,
        "graph_sparsity_method": "adj_dense_prop",
        "adj_dense_prop": 0.8,
        "num_parents": null,
        "new_noise_mean": 1.0,
        "mix_samples": 16384,
        "stage2_samples": 16384,
        "gmm_tol": 0.001,
        "intv_type": "do",
        "new_noise_var": null,
        "dtype": "simulation",
        "cutoff_drop_ratio": 0.07,
        "intv_targets": [
            2,
            1
        ]
    },
    "intv_args_dict": {
        "2": {
            "intv_type": "do",
            "inode": 2,
            "new_mui": 1.0,
            "new_vari": null,
            "noise_type": "gaussian",
            "obs_noise_gamma_shape": 2.0,
            "true_params": {
                "Si": [
                    [
                        1.0,
                        0.6991401530898402,
                        0.0,
                        -0.5103353679847046
                    ],
                    [
                        0.6991401530898402,
                        1.4887969536624852,
                        0.0,
                        -1.0867431055761696
                    ],
                    [
                        0.0,
                        0.0,
                        1e-09,
                        9.698814667227178e-10
                    ],
                    [
                        -0.5103353679847046,
                        -1.0867431055761696,
                        9.698814667227178e-10,
                        1.7932650426322292
                    ]
                ],
                "mui": [
                    0.0,
                    0.0,
                    1.0,
                    0.9698814667227177
                ],
                "Ai": [
                    [
                        0.0,
                        0.0,
                        0.0,
                        0.0
                    ],
                    [
                        0.6991401530898402,
                        0.0,
                        0.0,
                        0.0
                    ],
                    [
                        0.0,
                        0.0,
                        0.0,
                        0.0
                    ],
                    [
                        0.0,
                        -0.7299471582761833,
                        0.9698814667227177,
                        0.0
                    ]
                ]
            },
            "est_params": {
                "mui": [
                    -0.006991079729880881,
                    -0.02040535032478292,
                    1.0000009214389867,
                    0.9661087778112383
                ],
                "Si": [
                    [
                        0.9991682149042366,
                        0.7111880933804385,
                        1.5491244225102941e-06,
                        -0.5157805688687408
                    ],
                    [
                        0.7111880933804383,
                        1.503832646391163,
                        1.0363935151173878e-06,
                        -1.0976896811332404
                    ],
                    [
                        1.5491244225102937e-06,
                        1.0363935151173876e-06,
                        1.0142277836233356e-06,
                        3.9154181239124444e-07
                    ],
                    [
                        -0.5157805688687408,
                        -1.0976896811332402,
                        3.9154181239124413e-07,
                        1.7969986192610574
                    ]
                ]
            },
            "est_tgt": [
                2
            ],
            "oracle_est_tgt": [
                2
            ]
        },
        "1": {
            "intv_type": "do",
            "inode": 1,
            "new_mui": 1.0,
            "new_vari": null,
            "noise_type": "gaussian",
            "obs_noise_gamma_shape": 2.0,
            "true_params": {
                "Si": [
                    [
                        1.0,
                        0.0,
                        0.7431594516445466,
                        0.7207765789698634
                    ],
                    [
                        0.0,
                        1e-09,
                        0.0,
                        -7.299471582761833e-10
                    ],
                    [
                        0.7431594516445466,
                        0.0,
                        1.5522859705686232,
                        1.5055333939081934
                    ],
                    [
                        0.7207765789698634,
                        -7.299471582761833e-10,
                        1.5055333939081934,
                        2.4601889368165324
                    ]
                ],
                "mui": [
                    0.0,
                    1.0,
                    0.0,
                    -0.7299471582761833
                ],
                "Ai": [
                    [
                        0.0,
                        0.0,
                        0.0,
                        0.0
                    ],
                    [
                        0.0,
                        0.0,
                        0.0,
                        0.0
                    ],
                    [
                        0.7431594516445466,
                        0.0,
                        0.0,
                        0.0
                    ],
                    [
                        0.0,
                        -0.7299471582761833,
                        0.9698814667227177,
                        0.0
                    ]
                ]
            },
            "est_params": {
                "mui": [
                    0.008979869054757112,
                    0.9999994308245955,
                    -0.005190395026230066,
                    -0.7322444060723451
                ],
                "Si": [
                    [
                        0.9988455936527876,
                        -2.2597436732637267e-06,
                        0.7407501764113051,
                        0.7231019697036181
                    ],
                    [
                        -2.2597436732637267e-06,
                        1.0106408155815909e-06,
                        -1.2108695331276585e-06,
                        -1.9093652959787994e-06
                    ],
                    [
                        0.7407501764113051,
                        -1.2108695331276583e-06,
                        1.5448504329291834,
                        1.49649818762863
                    ],
                    [
                        0.7231019697036181,
                        -1.909365295978799e-06,
                        1.49649818762863,
                        2.4675536306637254
                    ]
                ]
            },
            "est_tgt": [
                1
            ],
            "oracle_est_tgt": [
                1
            ]
        },
        "obs": {
            "intv_type": "obs",
            "noise_type": "gaussian",
            "obs_noise_gamma_shape": 2.0,