{
    "expt_args": {
        "save_dir": "all_expt_logs/expt_logs_sim_compsel_n4",
        "exp_name": "2",
        "num_nodes": 4,
        "num_tgt_prior": 5,
        "obs_noise_mean": 0.0,
        "obs_noise_var": 1.0,
        "obs_noise_gamma_shape": 2.0,
        "noise_type": "gaussian",
        "max_edge_strength": 1.0,
        "graph_sparsity_method": "adj_dense_prop",
        "adj_dense_prop": 0.8,
        "num_parents": null,
        "new_noise_mean": 1.0,
        "mix_samples": 4096,
        "stage2_samples": 4096,
        "gmm_tol": 0.001,
        "intv_type": "do",
        "new_noise_var": null,
        "dtype": "simulation",
        "cutoff_drop_ratio": 0.07,
        "intv_targets": [
            1,
            0
        ]
    },
    "intv_args_dict": {
        "1": {
            "intv_type": "do",
            "inode": 1,
            "new_mui": 1.0,
            "new_vari": null,
            "noise_type": "gaussian",
            "obs_noise_gamma_shape": 2.0,
            "true_params": {
                "Si": [
                    [
                        1.0,
                        0.0,
                        -0.954131141757504,
                        -0.7637429535285556
                    ],
                    [
                        0.0,
                        1e-09,
                        8.505508608006029e-10,
                        7.996702585339217e-10
                    ],
                    [
                        -0.954131141757504,
                        8.505508608006029e-10,
                        1.910366236394915,
                        0.7287109369396093
                    ],
                    [
                        -0.7637429535285556,
                        7.996702585339217e-10,
                        0.7287109369396093,
                        1.583303299703994
                    ]
                ],
                "mui": [
                    0.0,
                    1.0,
                    0.8505508608006028,
                    0.7996702585339217
                ],
                "Ai": [
                    [
                        0.0,
                        0.0,
                        0.0,
                        0.0
                    ],
                    [
                        0.0,
                        0.0,
                        0.0,
                        0.0
                    ],
                    [
                        -0.954131141757504,
                        0.8505508608006028,
                        0.0,
                        0.0
                    ],
                    [
                        -0.7637429535285556,
                        0.7996702585339217,
                        -0.0,
                        0.0
                    ]
                ]
            },
            "est_params": {
                "mui": [
                    -0.009507014089241336,
                    1.0000006957796226,
                    0.8559026382602939,
                    0.7791897448083822
                ],
                "Si": [
                    [
                        1.0714962883509482,
                        1.5195842289768582e-07,
                        -1.0507064725194384,
                        -0.8154772079498824
                    ],
                    [
                        1.5195842289768571e-07,
                        1.0044350296991137e-06,
                        1.688143253799399e-06,
                        -6.331316383762919e-08
                    ],
                    [
                        -1.0507064725194384,
                        1.688143253799399e-06,
                        2.042374016929489,
                        0.8137064611318714
                    ],
                    [
                        -0.8154772079498824,
                        -6.331316383762943e-08,
                        0.8137064611318714,
                        1.6010276588141292
                    ]
                ]
            },
            "est_tgt": [
                1
            ],
            "oracle_est_tgt": [
                1
            ]
        },
        "0": {
            "intv_type": "do",
            "inode": 0,
            "new_mui": 1.0,
            "new_vari": null,
            "noise_type": "gaussian",
            "obs_noise_gamma_shape": 2.0,
            "true_params": {
                "Si": [
                    [
                        1e-09,
                        7.762720259600724e-10,
                        -2.9387230186173654e-10,
                        -1.4298130183641335e-10
                    ],
                    [
                        7.762720259600724e-10,
                        1.0000000006025982,
                        0.850550860572478,
                        0.7996702584229293
                    ],
                    [
                        -2.9387230186173654e-10,
                        0.850550860572478,
                        1.7234367668950075,
                        0.6801602267946859
                    ],
                    [
                        -1.4298130183641335e-10,
                        0.7996702584229293,
                        0.6801602267946859,
                        1.6394725224041529
                    ]
                ],
                "mui": [
                    1.0,
                    0.7762720259600724,
                    -0.2938723018617365,
                    -0.14298130183641333
                ],
                "Ai": [
                    [
                        0.0,
                        0.0,
                        0.0,
                        0.0
                    ],
                    [
                        0.7762720259600724,
                        0.0,
                        0.0,
                        0.0
                    ],
                    [
                        -0.954131141757504,
                        0.8505508608006028,
                        0.0,
                        0.0
                    ],
                    [
                        -0.7637429535285556,
                        0.7996702585339217,
                        -0.0,
                        0.0
                    ]
                ]
            },
            "est_params": {
                "mui": [
                    0.9999986476316749,
                    0.7459026198897637,
                    -0.29838298752183745,
                    -0.1665406600852835
                ],
                "Si": [
                    [
                        1.002217223313182e-06,
                        6.131283978471532e-07,
                        -1.68451795254911e-07,
                        1.7510948877463297e-06
                    ],
                    [
                        6.131283978471534e-07,
                        0.951334944752599,
                        0.8222596697896327,
                        0.7667165472996449
                    ],
                    [
                        -1.6845179525491084e-07,
                        0.8222596697896327,
                        1.7332655893567057,
                        0.656155006736816
                    ],
                    [
                        1.7510948877463303e-06,
                        0.7667165472996449,
                        0.6561550067368163,
                        1.6793163509480185
                    ]
                ]
            },
            "est_tgt": [
                0
            ],
            "oracle_est_tgt": [
                0
            ]
        },
        "obs": {
            "intv_type": "obs",
            "noise_type": "gaussian",
            "obs_noise_gamma_shape": 2.0,