{
    "expt_args": {
        "save_dir": "all_expt_logs/expt_logs_sim_compsel_n4",
        "exp_name": "9",
        "num_nodes": 4,
        "num_tgt_prior": 5,
        "obs_noise_mean": 0.0,
        "obs_noise_var": 1.0,
        "obs_noise_gamma_shape": 2.0,
        "noise_type": "gaussian",
        "max_edge_strength": 1.0,
        "graph_sparsity_method": "adj_dense_prop",
        "adj_dense_prop": 0.8,
        "num_parents": null,
        "new_noise_mean": 1.0,
        "mix_samples": 524288,
        "stage2_samples": 524288,
        "gmm_tol": 0.001,
        "intv_type": "do",
        "new_noise_var": null,
        "dtype": "simulation",
        "cutoff_drop_ratio": 0.07,
        "intv_targets": [
            0,
            2
        ]
    },
    "intv_args_dict": {
        "0": {
            "intv_type": "do",
            "inode": 0,
            "new_mui": 1.0,
            "new_vari": null,
            "noise_type": "gaussian",
            "obs_noise_gamma_shape": 2.0,
            "true_params": {
                "Si": [
                    [
                        1e-09,
                        7.762720259600724e-10,
                        -2.9387230186173654e-10,
                        -1.4298130183641335e-10
                    ],
                    [
                        7.762720259600724e-10,
                        1.0000000006025982,
                        0.850550860572478,
                        0.7996702584229293
                    ],
                    [
                        -2.9387230186173654e-10,
                        0.850550860572478,
                        1.7234367668950075,
                        0.6801602267946859
                    ],
                    [
                        -1.4298130183641335e-10,
                        0.7996702584229293,
                        0.6801602267946859,
                        1.6394725224041529
                    ]
                ],
                "mui": [
                    1.0,
                    0.7762720259600724,
                    -0.2938723018617365,
                    -0.14298130183641333
                ],
                "Ai": [
                    [
                        0.0,
                        0.0,
                        0.0,
                        0.0
                    ],
                    [
                        0.7762720259600724,
                        0.0,
                        0.0,
                        0.0
                    ],
                    [
                        -0.954131141757504,
                        0.8505508608006028,
                        0.0,
                        0.0
                    ],
                    [
                        -0.7637429535285556,
                        0.7996702585339217,
                        -0.0,
                        0.0
                    ]
                ]
            },
            "est_params": {
                "mui": [
                    0.9999999021026811,
                    0.7751678913770131,
                    -0.2933689294413628,
                    -0.14262561555400613
                ],
                "Si": [
                    [
                        1.0101778242203663e-06,
                        -7.079567468206234e-08,
                        -1.597194953795884e-07,
                        -3.3301491579125967e-07
                    ],
                    [
                        -7.079567468206234e-08,
                        1.0025139302409483,
                        0.853938830806775,
                        0.8030006049805528
                    ],
                    [
                        -1.597194953795884e-07,
                        0.853938830806775,
                        1.730125168339515,
                        0.6841291799050732
                    ],
                    [
                        -3.330149157912598e-07,
                        0.8030006049805528,
                        0.684129179905073,
                        1.6429416535062398
                    ]
                ]
            },
            "est_tgt": [
                0
            ],
            "oracle_est_tgt": [
                0
            ]
        },
        "2": {
            "intv_type": "do",
            "inode": 2,
            "new_mui": 1.0,
            "new_vari": null,
            "noise_type": "gaussian",
            "obs_noise_gamma_shape": 2.0,
            "true_params": {
                "Si": [
                    [
                        1.0,
                        0.7762720259600724,
                        0.0,
                        -0.14298130183641333
                    ],
                    [
                        0.7762720259600724,
                        1.6025982582881553,
                        0.0,
                        0.6886778736829605
                    ],
                    [
                        0.0,
                        0.0,
                        1e-09,
                        0.0
                    ],
                    [
                        -0.14298130183641333,
                        0.6886778736829605,
                        0.0,
                        1.6599161750585447
                    ]
                ],
                "mui": [
                    0.0,
                    0.0,
                    1.0,
                    0.0
                ],
                "Ai": [
                    [
                        0.0,
                        0.0,
                        0.0,
                        0.0
                    ],
                    [
                        0.7762720259600724,
                        0.0,
                        0.0,
                        0.0
                    ],
                    [
                        0.0,
                        0.0,
                        0.0,
                        0.0
                    ],
                    [
                        -0.7637429535285556,
                        0.7996702585339217,
                        -0.0,
                        0.0
                    ]
                ]
            },
            "est_params": {
                "mui": [
                    -0.003321227362587367,
                    -0.0004842174822108819,
                    1.0000001335647442,
                    0.008401914332500685
                ],
                "Si": [
                    [
                        0.9968512311415544,
                        0.7763398346910741,
                        1.4170059219047059e-07,
                        -0.1401764199905245
                    ],
                    [
                        0.7763398346910744,
                        1.6070598703412187,
                        2.58848584194026e-07,
                        0.6942778377720821
                    ],
                    [
                        1.4170059219047059e-07,
                        2.5884858419402594e-07,
                        1.0101106208758736e-06,
                        5.44613380605752e-07
                    ],
                    [
                        -0.1401764199905245,
                        0.6942778377720821,
                        5.44613380605752e-07,
                        1.6693494781985765
                    ]
                ]
            },
            "est_tgt": [
                2
            ],
            "oracle_est_tgt": [
                2
            ]
        },
        "obs": {
            "intv_type": "obs",
            "noise_type": "gaussian",
            "obs_noise_gamma_shape": 2.0,