{
    "expt_args": {
        "save_dir": "all_expt_logs/expt_logs_sim_compsel_backward_cameraready_all",
        "exp_name": "235",
        "num_nodes": 4,
        "num_tgt_prior": 5,
        "obs_noise_mean": 0.0,
        "obs_noise_var": 1.0,
        "obs_noise_gamma_shape": null,
        "noise_type": "gaussian",
        "max_edge_strength": 1.0,
        "graph_sparsity_method": "adj_dense_prop",
        "adj_dense_prop": 0.8,
        "num_parents": null,
        "new_noise_mean": 1.0,
        "mix_samples": 16384,
        "stage2_samples": 16384,
        "gmm_tol": 0.001,
        "intv_type": "do",
        "new_noise_var": null,
        "dtype": "simulation",
        "cutoff_drop_ratio": 0.07,
        "intv_targets": [
            0,
            1,
            2,
            3
        ]
    },
    "intv_args_dict": {
        "0": {
            "intv_type": "do",
            "inode": 0,
            "new_mui": 1.0,
            "new_vari": null,
            "noise_type": "gaussian",
            "obs_noise_gamma_shape": null,
            "true_params": {
                "Si": [
                    [
                        1e-09,
                        -9.092213500727833e-10,
                        0.0,
                        -5.90502755067665e-10
                    ],
                    [
                        -9.092213500727833e-10,
                        1.0000000008266834,
                        0.0,
                        5.368977121843203e-10
                    ],
                    [
                        0.0,
                        0.0,
                        1.0,
                        0.7974871680837543
                    ],
                    [
                        -5.90502755067665e-10,
                        5.368977121843204e-10,
                        0.7974871680837543,
                        1.6359857836069396
                    ]
                ],
                "mui": [
                    1.0,
                    -0.9092213500727833,
                    0.0,
                    -0.5905027550676649
                ],
                "Ai": [
                    [
                        0.0,
                        0.0,
                        0.0,
                        0.0
                    ],
                    [
                        -0.9092213500727833,
                        0.0,
                        0.0,
                        0.0
                    ],
                    [
                        -0.0,
                        0.0,
                        0.0,
                        0.0
                    ],
                    [
                        -0.5905027550676649,
                        0.0,
                        0.7974871680837543,
                        0.0
                    ]
                ]
            },
            "est_params": {
                "mui": [
                    1.0000015673981966,
                    -0.950984596032396,
                    -0.008955256157864647,
                    -0.5880980511259042
                ],
                "Si": [
                    [
                        1.0081549553110185e-06,
                        -9.334243500265911e-07,
                        -1.1820536333556026e-06,
                        -1.3177214083153917e-06
                    ],
                    [
                        -9.334243500265911e-07,
                        0.9867341277529031,
                        0.02314647054765054,
                        0.0020229978631784154
                    ],
                    [
                        -1.1820536333556028e-06,
                        0.02314647054765054,
                        1.0137231658240542,
                        0.8087828566370996
                    ],
                    [
                        -1.3177214083153917e-06,
                        0.002022997863178415,
                        0.8087828566370996,
                        1.6448924189833014
                    ]
                ]
            },
            "est_tgt": [
                0
            ],
            "oracle_est_tgt": [
                0
            ]
        },
        "1": {
            "intv_type": "do",
            "inode": 1,
            "new_mui": 1.0,
            "new_vari": null,
            "noise_type": "gaussian",
            "obs_noise_gamma_shape": null,
            "true_params": {
                "Si": [
                    [
                        1.0,
                        0.0,
                        0.0,
                        -0.5905027550676649
                    ],
                    [
                        0.0,
                        1e-09,
                        0.0,
                        0.0
                    ],
                    [
                        0.0,
                        0.0,
                        1.0,
                        0.7974871680837543
                    ],
                    [
                        -0.5905027550676649,
                        0.0,
                        0.7974871680837543,
                        1.9846792870007488
                    ]
                ],
                "mui": [
                    0.0,
                    1.0,
                    0.0,
                    0.0
                ],
                "Ai": [
                    [
                        0.0,
                        0.0,
                        0.0,
                        0.0
                    ],
                    [
                        0.0,
                        0.0,
                        0.0,
                        0.0
                    ],
                    [
                        -0.0,
                        0.0,
                        0.0,
                        0.0
                    ],
                    [
                        -0.5905027550676649,
                        0.0,
                        0.7974871680837543,
                        0.0
                    ]
                ]
            },
            "est_params": {
                "mui": [
                    0.011889798135637427,
                    1.0000015988651627,
                    -0.011469006385838273,
                    -0.020884858185251067
                ],
                "Si": [
                    [
                        0.9992169156336608,
                        3.7771909334764256e-07,
                        0.0011250062033123676,
                        -0.5874425411328826
                    ],
                    [
                        3.777190933476425e-07,
                        1.0033728516333355e-06,
                        1.4797794619020462e-06,
                        2.258647219883761e-06
                    ],
                    [
                        0.001125006203312365,
                        1.4797794619020462e-06,
                        0.976702949155327,
                        0.7939210797149729
                    ],
                    [
                        -0.5874425411328826,
                        2.258647219883761e-06,
                        0.7939210797149729,
                        2.017055701850173
                    ]
                ]
            },
            "est_tgt": [
                1
            ],
            "oracle_est_tgt": [
                1
            ]
        },
        "2": {
            "intv_type": "do",
            "inode": 2,
            "new_mui": 1.0,
            "new_vari": null,
            "noise_type": "gaussian",
            "obs_noise_gamma_shape": null,