{
    "expt_args": {
        "save_dir": "all_expt_logs/expt_logs_sim_compsel_n48_middleout_oracle_corr-half2",
        "exp_name": "53",
        "num_nodes": 4,
        "num_tgt_prior": 5,
        "obs_noise_mean": 0.0,
        "obs_noise_var": 1.0,
        "obs_noise_gamma_shape": 2.0,
        "noise_type": "gaussian",
        "max_edge_strength": 1.0,
        "graph_sparsity_method": "adj_dense_prop",
        "adj_dense_prop": 0.8,
        "num_parents": null,
        "new_noise_mean": 1.0,
        "mix_samples": 524288,
        "stage2_samples": 524288,
        "gmm_tol": 0.001,
        "intv_type": "do",
        "new_noise_var": null,
        "dtype": "simulation",
        "cutoff_drop_ratio": 0.07,
        "intv_targets": [
            3,
            0
        ]
    },
    "intv_args_dict": {
        "3": {
            "intv_type": "do",
            "inode": 3,
            "new_mui": 1.0,
            "new_vari": null,
            "noise_type": "gaussian",
            "obs_noise_gamma_shape": 2.0,
            "true_params": {
                "Si": [
                    [
                        1.0,
                        -0.8835941350643426,
                        1.1627416443896879,
                        0.0
                    ],
                    [
                        -0.8835941350643426,
                        1.7807385955201038,
                        -1.732227662413616,
                        0.0
                    ],
                    [
                        1.1627416443896879,
                        -1.732227662413616,
                        2.848761868924074,
                        0.0
                    ],
                    [
                        0.0,
                        0.0,
                        0.0,
                        1e-09
                    ]
                ],
                "mui": [
                    0.0,
                    0.0,
                    0.0,
                    1.0
                ],
                "Ai": [
                    [
                        0.0,
                        0.0,
                        0.0,
                        0.0
                    ],
                    [
                        -0.8835941350643426,
                        0.0,
                        0.0,
                        0.0
                    ],
                    [
                        0.5399527196783416,
                        -0.7048359648358182,
                        0.0,
                        0.0
                    ],
                    [
                        0.0,
                        0.0,
                        0.0,
                        0.0
                    ]
                ]
            },
            "est_params": {
                "mui": [
                    0.001199173407672132,
                    -0.0029739519322540126,
                    0.0012106660190825066,
                    1.0000000255104704
                ],
                "Si": [
                    [
                        0.9977826885030255,
                        -0.8797694531075924,
                        1.1585936747273538,
                        -8.639698377173407e-08
                    ],
                    [
                        -0.8797694531075924,
                        1.7787061312745993,
                        -1.7304061192578388,
                        1.3746025953797635e-07
                    ],
                    [
                        1.1585936747273538,
                        -1.7304061192578388,
                        2.848753860692969,
                        -3.364634291267561e-07
                    ],
                    [
                        -8.639698377173415e-08,
                        1.374602595379763e-07,
                        -3.3646342912675603e-07,
                        1.010082278295265e-06
                    ]
                ]
            },
            "est_tgt": [
                3
            ],
            "oracle_est_tgt": [
                3
            ]
        },
        "0": {
            "intv_type": "do",
            "inode": 0,
            "new_mui": 1.0,
            "new_vari": null,
            "noise_type": "gaussian",
            "obs_noise_gamma_shape": 2.0,
            "true_params": {
                "Si": [
                    [
                        1e-09,
                        -8.835941350643426e-10,
                        1.162741644389688e-09,
                        -7.931406329572441e-10
                    ],
                    [
                        -8.835941350643426e-10,
                        1.0000000007807386,
                        -0.70483596586321,
                        -0.33105533926351055
                    ],
                    [
                        1.162741644389688e-09,
                        -0.70483596586321,
                        1.496793738678007,
                        -0.3058688961173535
                    ],
                    [
                        -7.931406329572441e-10,
                        -0.33105533926351055,
                        -0.3058688961173535,
                        1.4003435586189468
                    ]
                ],
                "mui": [
                    1.0,
                    -0.8835941350643426,
                    1.1627416443896879,
                    -0.7931406329572441
                ],
                "Ai": [
                    [
                        0.0,
                        0.0,
                        0.0,
                        0.0
                    ],
                    [
                        -0.8835941350643426,
                        0.0,
                        0.0,
                        0.0
                    ],
                    [
                        0.5399527196783416,
                        -0.7048359648358182,
                        0.0,
                        0.0
                    ],
                    [
                        -0.7945120369051584,
                        -0.7111089574250736,
                        -0.5392086051529407,
                        0.0
                    ]
                ]
            },
            "est_params": {
                "mui": [
                    1.0000004552367046,
                    -0.8851666832441691,
                    1.1638875679321186,
                    -0.7907947270940087
                ],
                "Si": [
                    [
                        1.0102818964434042e-06,
                        -2.988160717117858e-07,
                        2.0330372151471855e-07,
                        -3.6192357709361054e-07
                    ],
                    [
                        -2.988160717117859e-07,
                        0.9956435684231273,
                        -0.7013192236825856,
                        -0.33044441735829716
                    ],
                    [
                        2.0330372151471857e-07,
                        -0.7013192236825856,
                        1.4929853964416266,
                        -0.3051230123101155
                    ],
                    [
                        -3.619235770936107e-07,
                        -0.33044441735829716,
                        -0.3051230123101155,
                        1.4000837197879026
                    ]
                ]
            },
            "est_tgt": [
                0
            ],
            "oracle_est_tgt": [
                0
            ]
        },
        "obs": {
            "intv_type": "obs",
            "noise_type": "gaussian",
            "obs_noise_gamma_shape": 2.0,