{
    "expt_args": {
        "save_dir": "all_expt_logs/expt_logs_sim_compsel_n48_middleout_oracle_corr-half2",
        "exp_name": "2",
        "num_nodes": 4,
        "num_tgt_prior": 5,
        "obs_noise_mean": 0.0,
        "obs_noise_var": 1.0,
        "obs_noise_gamma_shape": 2.0,
        "noise_type": "gaussian",
        "max_edge_strength": 1.0,
        "graph_sparsity_method": "adj_dense_prop",
        "adj_dense_prop": 0.8,
        "num_parents": null,
        "new_noise_mean": 1.0,
        "mix_samples": 4096,
        "stage2_samples": 4096,
        "gmm_tol": 0.001,
        "intv_type": "do",
        "new_noise_var": null,
        "dtype": "simulation",
        "cutoff_drop_ratio": 0.07,
        "intv_targets": [
            2,
            3
        ]
    },
    "intv_args_dict": {
        "2": {
            "intv_type": "do",
            "inode": 2,
            "new_mui": 1.0,
            "new_vari": null,
            "noise_type": "gaussian",
            "obs_noise_gamma_shape": 2.0,
            "true_params": {
                "Si": [
                    [
                        1.0,
                        -0.8835941350643426,
                        0.0,
                        -0.166180332732644
                    ],
                    [
                        -0.8835941350643426,
                        1.7807385955201038,
                        0.0,
                        -0.5642729900594684
                    ],
                    [
                        0.0,
                        0.0,
                        1e-09,
                        -5.392086051529407e-10
                    ],
                    [
                        -0.166180332732644,
                        -0.5642729900594684,
                        -5.392086051529407e-10,
                        1.5332918526080532
                    ]
                ],
                "mui": [
                    0.0,
                    0.0,
                    1.0,
                    -0.5392086051529407
                ],
                "Ai": [
                    [
                        0.0,
                        0.0,
                        0.0,
                        0.0
                    ],
                    [
                        -0.8835941350643426,
                        0.0,
                        0.0,
                        0.0
                    ],
                    [
                        0.0,
                        0.0,
                        0.0,
                        0.0
                    ],
                    [
                        -0.7945120369051584,
                        -0.7111089574250736,
                        -0.5392086051529407,
                        0.0
                    ]
                ]
            },
            "est_params": {
                "mui": [
                    -0.00841724025374748,
                    0.010668895875253721,
                    1.0000004674086238,
                    -0.5189365055978102
                ],
                "Si": [
                    [
                        0.9729883278002114,
                        -0.8553271146002607,
                        -5.361678925040704e-07,
                        -0.11674411533546215
                    ],
                    [
                        -0.8553271146002606,
                        1.7572908483047016,
                        -2.254096687882359e-07,
                        -0.6173827903267894
                    ],
                    [
                        -5.361678925040703e-07,
                        -2.25409668788236e-07,
                        1.0035319566267725e-06,
                        7.650943963340786e-07
                    ],
                    [
                        -0.11674411533546215,
                        -0.6173827903267894,
                        7.650943963340783e-07,
                        1.582888060311141
                    ]
                ]
            },
            "est_tgt": [
                2
            ],
            "oracle_est_tgt": [
                2
            ]
        },
        "3": {
            "intv_type": "do",
            "inode": 3,
            "new_mui": 1.0,
            "new_vari": null,
            "noise_type": "gaussian",
            "obs_noise_gamma_shape": 2.0,
            "true_params": {
                "Si": [
                    [
                        1.0,
                        -0.8835941350643426,
                        1.1627416443896879,
                        0.0
                    ],
                    [
                        -0.8835941350643426,
                        1.7807385955201038,
                        -1.732227662413616,
                        0.0
                    ],
                    [
                        1.1627416443896879,
                        -1.732227662413616,
                        2.848761868924074,
                        0.0
                    ],
                    [
                        0.0,
                        0.0,
                        0.0,
                        1e-09
                    ]
                ],
                "mui": [
                    0.0,
                    0.0,
                    0.0,
                    1.0
                ],
                "Ai": [
                    [
                        0.0,
                        0.0,
                        0.0,
                        0.0
                    ],
                    [
                        -0.8835941350643426,
                        0.0,
                        0.0,
                        0.0
                    ],
                    [
                        0.5399527196783416,
                        -0.7048359648358182,
                        0.0,
                        0.0
                    ],
                    [
                        0.0,
                        0.0,
                        0.0,
                        0.0
                    ]
                ]
            },
            "est_params": {
                "mui": [
                    -0.014388445610310135,
                    0.04662103317556482,
                    -0.062144906419017466,
                    0.9999987199643678
                ],
                "Si": [
                    [
                        1.0004022158968948,
                        -0.8607966253277743,
                        1.123095433255058,
                        1.9702843573559774e-06
                    ],
                    [
                        -0.8607966253277743,
                        1.7342692826092843,
                        -1.6487502696523741,
                        -3.462734054995439e-06
                    ],
                    [
                        1.123095433255058,
                        -1.648750269652374,
                        2.7395450528808905,
                        5.353173021394611e-06
                    ],
                    [
                        1.9702843573559774e-06,
                        -3.462734054995439e-06,
                        5.353173021394612e-06,
                        1.0012795092224852e-06
                    ]
                ]
            },
            "est_tgt": [
                3
            ],
            "oracle_est_tgt": [
                3
            ]
        },
        "obs": {
            "intv_type": "obs",
            "noise_type": "gaussian",
            "obs_noise_gamma_shape": 2.0,