{
    "expt_args": {
        "save_dir": "all_expt_logs/expt_logs_sim_compsel_n48_middleout_oracle_corr-half2",
        "exp_name": "44",
        "num_nodes": 4,
        "num_tgt_prior": 5,
        "obs_noise_mean": 0.0,
        "obs_noise_var": 1.0,
        "obs_noise_gamma_shape": 2.0,
        "noise_type": "gaussian",
        "max_edge_strength": 1.0,
        "graph_sparsity_method": "adj_dense_prop",
        "adj_dense_prop": 0.8,
        "num_parents": null,
        "new_noise_mean": 1.0,
        "mix_samples": 1024,
        "stage2_samples": 1024,
        "gmm_tol": 0.001,
        "intv_type": "do",
        "new_noise_var": null,
        "dtype": "simulation",
        "cutoff_drop_ratio": 0.07,
        "intv_targets": [
            3,
            1
        ]
    },
    "intv_args_dict": {
        "3": {
            "intv_type": "do",
            "inode": 3,
            "new_mui": 1.0,
            "new_vari": null,
            "noise_type": "gaussian",
            "obs_noise_gamma_shape": 2.0,
            "true_params": {
                "Si": [
                    [
                        1.0,
                        -0.8835941350643426,
                        1.1627416443896879,
                        0.0
                    ],
                    [
                        -0.8835941350643426,
                        1.7807385955201038,
                        -1.732227662413616,
                        0.0
                    ],
                    [
                        1.1627416443896879,
                        -1.732227662413616,
                        2.848761868924074,
                        0.0
                    ],
                    [
                        0.0,
                        0.0,
                        0.0,
                        1e-09
                    ]
                ],
                "mui": [
                    0.0,
                    0.0,
                    0.0,
                    1.0
                ],
                "Ai": [
                    [
                        0.0,
                        0.0,
                        0.0,
                        0.0
                    ],
                    [
                        -0.8835941350643426,
                        0.0,
                        0.0,
                        0.0
                    ],
                    [
                        0.5399527196783416,
                        -0.7048359648358182,
                        0.0,
                        0.0
                    ],
                    [
                        0.0,
                        0.0,
                        0.0,
                        0.0
                    ]
                ]
            },
            "est_params": {
                "mui": [
                    -0.035766300459744674,
                    0.11262009833393652,
                    -0.08900794125390012,
                    0.999988967644224
                ],
                "Si": [
                    [
                        1.0171594776804895,
                        -0.8936571500207928,
                        1.1731224080714457,
                        2.9288205065634353e-05
                    ],
                    [
                        -0.8936571500207928,
                        1.8087036608103917,
                        -1.73062558101811,
                        -4.458275688404435e-05
                    ],
                    [
                        1.1731224080714457,
                        -1.73062558101811,
                        2.7597839162922573,
                        5.650185779988406e-05
                    ],
                    [
                        2.9288205065634353e-05,
                        -4.458275688404435e-05,
                        5.6501857799884076e-05,
                        1.0383851515923862e-06
                    ]
                ]
            },
            "est_tgt": [
                0,
                2,
                3
            ],
            "oracle_est_tgt": [
                0,
                2,
                3
            ]
        },
        "1": {
            "intv_type": "do",
            "inode": 1,
            "new_mui": 1.0,
            "new_vari": null,
            "noise_type": "gaussian",
            "obs_noise_gamma_shape": 2.0,
            "true_params": {
                "Si": [
                    [
                        1.0,
                        0.0,
                        0.5399527196783416,
                        -1.0856591897314538
                    ],
                    [
                        0.0,
                        1e-09,
                        -7.048359648358182e-10,
                        -3.3105533996432496e-10
                    ],
                    [
                        0.5399527196783416,
                        -7.048359648358182e-10,
                        1.2915489399848314,
                        -1.125413237058884
                    ],
                    [
                        -1.0856591897314538,
                        -3.3105533996432496e-10,
                        -1.125413237058884,
                        2.4694017962289343
                    ]
                ],
                "mui": [
                    0.0,
                    1.0,
                    -0.7048359648358182,
                    -0.33105533996432496
                ],
                "Ai": [
                    [
                        0.0,
                        0.0,
                        0.0,
                        0.0
                    ],
                    [
                        0.0,
                        0.0,
                        0.0,
                        0.0
                    ],
                    [
                        0.5399527196783416,
                        -0.7048359648358182,
                        0.0,
                        0.0
                    ],
                    [
                        -0.7945120369051584,
                        -0.7111089574250736,
                        -0.5392086051529407,
                        0.0
                    ]
                ]
            },
            "est_params": {
                "mui": [
                    0.012898498814539017,
                    1.0000004720214353,
                    -0.6457741626594332,
                    -0.3224962621283928
                ],
                "Si": [
                    [
                        1.044523883659674,
                        2.7904195054971113e-06,
                        0.5548294270414027,
                        -1.0543435943003823
                    ],
                    [
                        2.7904195054971117e-06,
                        1.0009499100302717e-06,
                        8.353472034817445e-07,
                        -7.450588234982092e-07
                    ],
                    [
                        0.5548294270414027,
                        8.353472034817438e-07,
                        1.1841597130598833,
                        -1.0663481160097423
                    ],
                    [
                        -1.0543435943003823,
                        -7.450588234982098e-07,
                        -1.0663481160097423,
                        2.390061872982013
                    ]
                ]
            },
            "est_tgt": [
                0,
                1,
                3
            ],
            "oracle_est_tgt": [
                0,
                1
            ]
        },
        "obs": {
            "intv_type": "obs",
            "noise_type": "gaussian",
            "obs_noise_gamma_shape": 2.0,