{
    "expt_args": {
        "save_dir": "all_expt_logs/expt_logs_sim_compsel_n48_middleout_oracle_corr-half2",
        "exp_name": "24",
        "num_nodes": 4,
        "num_tgt_prior": 5,
        "obs_noise_mean": 0.0,
        "obs_noise_var": 1.0,
        "obs_noise_gamma_shape": 2.0,
        "noise_type": "gaussian",
        "max_edge_strength": 1.0,
        "graph_sparsity_method": "adj_dense_prop",
        "adj_dense_prop": 0.8,
        "num_parents": null,
        "new_noise_mean": 1.0,
        "mix_samples": 4096,
        "stage2_samples": 4096,
        "gmm_tol": 0.001,
        "intv_type": "do",
        "new_noise_var": null,
        "dtype": "simulation",
        "cutoff_drop_ratio": 0.07,
        "intv_targets": [
            3,
            1
        ]
    },
    "intv_args_dict": {
        "3": {
            "intv_type": "do",
            "inode": 3,
            "new_mui": 1.0,
            "new_vari": null,
            "noise_type": "gaussian",
            "obs_noise_gamma_shape": 2.0,
            "true_params": {
                "Si": [
                    [
                        1.0,
                        -0.8835941350643426,
                        1.1627416443896879,
                        0.0
                    ],
                    [
                        -0.8835941350643426,
                        1.7807385955201038,
                        -1.732227662413616,
                        0.0
                    ],
                    [
                        1.1627416443896879,
                        -1.732227662413616,
                        2.848761868924074,
                        0.0
                    ],
                    [
                        0.0,
                        0.0,
                        0.0,
                        1e-09
                    ]
                ],
                "mui": [
                    0.0,
                    0.0,
                    0.0,
                    1.0
                ],
                "Ai": [
                    [
                        0.0,
                        0.0,
                        0.0,
                        0.0
                    ],
                    [
                        -0.8835941350643426,
                        0.0,
                        0.0,
                        0.0
                    ],
                    [
                        0.5399527196783416,
                        -0.7048359648358182,
                        0.0,
                        0.0
                    ],
                    [
                        0.0,
                        0.0,
                        0.0,
                        0.0
                    ]
                ]
            },
            "est_params": {
                "mui": [
                    -0.008884148894361716,
                    0.012309109908123339,
                    -0.02193837099782787,
                    1.0000004988210012
                ],
                "Si": [
                    [
                        0.9720110623516208,
                        -0.8552379420624179,
                        1.131569889633199,
                        1.5003251917184545e-06
                    ],
                    [
                        -0.855237942062418,
                        1.75780326814108,
                        -1.6936767684383043,
                        -1.9450155219524706e-06
                    ],
                    [
                        1.131569889633199,
                        -1.6936767684383043,
                        2.7114670290963003,
                        2.3098180486479808e-06
                    ],
                    [
                        1.5003251917184545e-06,
                        -1.9450155219524706e-06,
                        2.3098180486479808e-06,
                        1.0014535722602725e-06
                    ]
                ]
            },
            "est_tgt": [
                3
            ],
            "oracle_est_tgt": [
                3
            ]
        },
        "1": {
            "intv_type": "do",
            "inode": 1,
            "new_mui": 1.0,
            "new_vari": null,
            "noise_type": "gaussian",
            "obs_noise_gamma_shape": 2.0,
            "true_params": {
                "Si": [
                    [
                        1.0,
                        0.0,
                        0.5399527196783416,
                        -1.0856591897314538
                    ],
                    [
                        0.0,
                        1e-09,
                        -7.048359648358182e-10,
                        -3.3105533996432496e-10
                    ],
                    [
                        0.5399527196783416,
                        -7.048359648358182e-10,
                        1.2915489399848314,
                        -1.125413237058884
                    ],
                    [
                        -1.0856591897314538,
                        -3.3105533996432496e-10,
                        -1.125413237058884,
                        2.4694017962289343
                    ]
                ],
                "mui": [
                    0.0,
                    1.0,
                    -0.7048359648358182,
                    -0.33105533996432496
                ],
                "Ai": [
                    [
                        0.0,
                        0.0,
                        0.0,
                        0.0
                    ],
                    [
                        0.0,
                        0.0,
                        0.0,
                        0.0
                    ],
                    [
                        0.5399527196783416,
                        -0.7048359648358182,
                        0.0,
                        0.0
                    ],
                    [
                        -0.7945120369051584,
                        -0.7111089574250736,
                        -0.5392086051529407,
                        0.0
                    ]
                ]
            },
            "est_params": {
                "mui": [
                    -0.012844750695579707,
                    1.0000005974632582,
                    -0.733124471619576,
                    -0.33440820448961944
                ],
                "Si": [
                    [
                        1.0004440771408676,
                        6.863804928472152e-07,
                        0.5155687362489196,
                        -1.0180377911631266
                    ],
                    [
                        6.863804928472152e-07,
                        1.005297544097151e-06,
                        8.647180317414041e-07,
                        -2.2996502181997505e-06
                    ],
                    [
                        0.5155687362489196,
                        8.647180317414044e-07,
                        1.2750714967408145,
                        -1.0236252552026974
                    ],
                    [
                        -1.0180377911631269,
                        -2.2996502181997505e-06,
                        -1.0236252552026974,
                        2.337855102861521
                    ]
                ]
            },
            "est_tgt": [
                1
            ],
            "oracle_est_tgt": [
                1
            ]
        },
        "obs": {
            "intv_type": "obs",
            "noise_type": "gaussian",
            "obs_noise_gamma_shape": 2.0,