{
    "expt_args": {
        "save_dir": "all_expt_logs/expt_logs_sim_compsel_n48_middleout_oracle_corr-half2",
        "exp_name": "1",
        "num_nodes": 4,
        "num_tgt_prior": 5,
        "obs_noise_mean": 0.0,
        "obs_noise_var": 1.0,
        "obs_noise_gamma_shape": 2.0,
        "noise_type": "gaussian",
        "max_edge_strength": 1.0,
        "graph_sparsity_method": "adj_dense_prop",
        "adj_dense_prop": 0.8,
        "num_parents": null,
        "new_noise_mean": 1.0,
        "mix_samples": 2048,
        "stage2_samples": 2048,
        "gmm_tol": 0.001,
        "intv_type": "do",
        "new_noise_var": null,
        "dtype": "simulation",
        "cutoff_drop_ratio": 0.07,
        "intv_targets": [
            3,
            1
        ]
    },
    "intv_args_dict": {
        "3": {
            "intv_type": "do",
            "inode": 3,
            "new_mui": 1.0,
            "new_vari": null,
            "noise_type": "gaussian",
            "obs_noise_gamma_shape": 2.0,
            "true_params": {
                "Si": [
                    [
                        1.0,
                        -0.8835941350643426,
                        1.1627416443896879,
                        0.0
                    ],
                    [
                        -0.8835941350643426,
                        1.7807385955201038,
                        -1.732227662413616,
                        0.0
                    ],
                    [
                        1.1627416443896879,
                        -1.732227662413616,
                        2.848761868924074,
                        0.0
                    ],
                    [
                        0.0,
                        0.0,
                        0.0,
                        1e-09
                    ]
                ],
                "mui": [
                    0.0,
                    0.0,
                    0.0,
                    1.0
                ],
                "Ai": [
                    [
                        0.0,
                        0.0,
                        0.0,
                        0.0
                    ],
                    [
                        -0.8835941350643426,
                        0.0,
                        0.0,
                        0.0
                    ],
                    [
                        0.5399527196783416,
                        -0.7048359648358182,
                        0.0,
                        0.0
                    ],
                    [
                        0.0,
                        0.0,
                        0.0,
                        0.0
                    ]
                ]
            },
            "est_params": {
                "mui": [
                    -0.006329182041735156,
                    0.0478067952936456,
                    -0.012022087262047863,
                    1.0000010162575208
                ],
                "Si": [
                    [
                        1.0189019451902972,
                        -0.8481982164487248,
                        1.1360595107304396,
                        2.4009142718112517e-06
                    ],
                    [
                        -0.8481982164487246,
                        1.6855711128707962,
                        -1.6298914064594794,
                        -5.686825768724057e-07
                    ],
                    [
                        1.1360595107304394,
                        -1.6298914064594794,
                        2.660452430838359,
                        4.01395563798033e-06
                    ],
                    [
                        2.4009142718112517e-06,
                        -5.686825768724054e-07,
                        4.01395563798033e-06,
                        1.0162707821840217e-06
                    ]
                ]
            },
            "est_tgt": [
                2,
                3
            ],
            "oracle_est_tgt": [
                2,
                3
            ]
        },
        "1": {
            "intv_type": "do",
            "inode": 1,
            "new_mui": 1.0,
            "new_vari": null,
            "noise_type": "gaussian",
            "obs_noise_gamma_shape": 2.0,
            "true_params": {
                "Si": [
                    [
                        1.0,
                        0.0,
                        0.5399527196783416,
                        -1.0856591897314538
                    ],
                    [
                        0.0,
                        1e-09,
                        -7.048359648358182e-10,
                        -3.3105533996432496e-10
                    ],
                    [
                        0.5399527196783416,
                        -7.048359648358182e-10,
                        1.2915489399848314,
                        -1.125413237058884
                    ],
                    [
                        -1.0856591897314538,
                        -3.3105533996432496e-10,
                        -1.125413237058884,
                        2.4694017962289343
                    ]
                ],
                "mui": [
                    0.0,
                    1.0,
                    -0.7048359648358182,
                    -0.33105533996432496
                ],
                "Ai": [
                    [
                        0.0,
                        0.0,
                        0.0,
                        0.0
                    ],
                    [
                        0.0,
                        0.0,
                        0.0,
                        0.0
                    ],
                    [
                        0.5399527196783416,
                        -0.7048359648358182,
                        0.0,
                        0.0
                    ],
                    [
                        -0.7945120369051584,
                        -0.7111089574250736,
                        -0.5392086051529407,
                        0.0
                    ]
                ]
            },
            "est_params": {
                "mui": [
                    -0.011107331762170021,
                    0.999997589011466,
                    -0.7590344653480758,
                    -0.30251601842923187
                ],
                "Si": [
                    [
                        0.921641448938639,
                        -4.7205078986449495e-07,
                        0.5132151109675025,
                        -0.973591073467791
                    ],
                    [
                        -4.7205078986449464e-07,
                        1.0021024370717174e-06,
                        4.527008592369164e-08,
                        1.8477081551110263e-06
                    ],
                    [
                        0.5132151109675025,
                        4.5270085923691995e-08,
                        1.1911523836200648,
                        -1.0732404073646922
                    ],
                    [
                        -0.973591073467791,
                        1.847708155111027e-06,
                        -1.0732404073646922,
                        2.418696098268868
                    ]
                ]
            },
            "est_tgt": [
                1
            ],
            "oracle_est_tgt": [
                1
            ]
        },
        "obs": {
            "intv_type": "obs",
            "noise_type": "gaussian",
            "obs_noise_gamma_shape": 2.0,