{
    "expt_args": {
        "save_dir": "all_expt_logs/expt_logs_sim_compsel_n48",
        "exp_name": "54",
        "num_nodes": 4,
        "num_tgt_prior": 5,
        "obs_noise_mean": 0.0,
        "obs_noise_var": 1.0,
        "obs_noise_gamma_shape": 2.0,
        "noise_type": "gaussian",
        "max_edge_strength": 1.0,
        "graph_sparsity_method": "adj_dense_prop",
        "adj_dense_prop": 0.8,
        "num_parents": null,
        "new_noise_mean": 1.0,
        "mix_samples": 1048576,
        "stage2_samples": 1048576,
        "gmm_tol": 0.001,
        "intv_type": "do",
        "new_noise_var": null,
        "dtype": "simulation",
        "cutoff_drop_ratio": 0.07,
        "intv_targets": [
            1,
            3
        ]
    },
    "intv_args_dict": {
        "1": {
            "intv_type": "do",
            "inode": 1,
            "new_mui": 1.0,
            "new_vari": null,
            "noise_type": "gaussian",
            "obs_noise_gamma_shape": 2.0,
            "true_params": {
                "Si": [
                    [
                        1.0,
                        0.0,
                        0.6497469086078208,
                        -0.12994203255740955
                    ],
                    [
                        0.0,
                        1e-09,
                        0.0,
                        0.0
                    ],
                    [
                        0.6497469086078208,
                        0.0,
                        1.42217104524542,
                        -1.0686646330717682
                    ],
                    [
                        -0.12994203255740955,
                        0.0,
                        -1.0686646330717682,
                        1.9856038590107057
                    ]
                ],
                "mui": [
                    0.0,
                    1.0,
                    0.0,
                    0.0
                ],
                "Ai": [
                    [
                        0.0,
                        0.0,
                        0.0,
                        0.0
                    ],
                    [
                        0.0,
                        0.0,
                        0.0,
                        0.0
                    ],
                    [
                        0.6497469086078208,
                        -0.0,
                        0.0,
                        0.0
                    ],
                    [
                        0.509561745413407,
                        -0.0,
                        -0.9842351991193745,
                        0.0
                    ]
                ]
            },
            "est_params": {
                "mui": [
                    0.06689624435539251,
                    0.8286317016218682,
                    0.09768992990794188,
                    -0.1618705606831142
                ],
                "Si": [
                    [
                        0.9712634804981787,
                        0.14525704870962974,
                        0.6304554612566553,
                        -0.13926208576710947
                    ],
                    [
                        0.14525704870962974,
                        0.41169643359841324,
                        0.03421726499506443,
                        0.10207525183118492
                    ],
                    [
                        0.6304554612566553,
                        0.03421726499506443,
                        1.4407768115725401,
                        -1.163799575014849
                    ],
                    [
                        -0.13926208576710944,
                        0.10207525183118492,
                        -1.1637995750148493,
                        2.1251623643915387
                    ]
                ]
            },
            "est_tgt": [
                0,
                1,
                2,
                3
            ],
            "oracle_est_tgt": [
                1
            ]
        },
        "3": {
            "intv_type": "do",
            "inode": 3,
            "new_mui": 1.0,
            "new_vari": null,
            "noise_type": "gaussian",
            "obs_noise_gamma_shape": 2.0,
            "true_params": {
                "Si": [
                    [
                        1.0,
                        0.8479027682359028,
                        0.6497469086078208,
                        0.0
                    ],
                    [
                        0.8479027682359028,
                        1.7189391043821072,
                        0.5509222024612914,
                        0.0
                    ],
                    [
                        0.6497469086078208,
                        0.5509222024612914,
                        1.42217104524542,
                        0.0
                    ],
                    [
                        0.0,
                        0.0,
                        0.0,
                        1e-09
                    ]
                ],
                "mui": [
                    0.0,
                    0.0,
                    0.0,
                    1.0
                ],
                "Ai": [
                    [
                        0.0,
                        0.0,
                        0.0,
                        0.0
                    ],
                    [
                        0.8479027682359028,
                        0.0,
                        0.0,
                        0.0
                    ],
                    [
                        0.6497469086078208,
                        -0.0,
                        0.0,
                        0.0
                    ],
                    [
                        0.0,
                        0.0,
                        0.0,
                        0.0
                    ]
                ]
            },
            "est_params": {
                "mui": [
                    -0.06801509071660991,
                    -0.16460734825899412,
                    -0.1019051033548026,
                    0.8348887091335283
                ],
                "Si": [
                    [
                        1.021312830367872,
                        0.9213113682994223,
                        0.6555044183171885,
                        0.034358263902035766
                    ],
                    [
                        0.9213113682994223,
                        1.8376620922715086,
                        0.6020928604145738,
                        0.09813364202925824
                    ],
                    [
                        0.6555044183171885,
                        0.6020928604145738,
                        1.3823382096998753,
                        -0.15697808276396835
                    ],
                    [
                        0.034358263902035766,
                        0.09813364202925826,
                        -0.15697808276396835,
                        0.4616870221607426
                    ]
                ]
            },
            "est_tgt": [
                0,
                1,
                2,
                3
            ],
            "oracle_est_tgt": [
                3
            ]
        },
        "obs": {
            "intv_type": "obs",
            "noise_type": "gaussian",
            "obs_noise_gamma_shape": 2.0,