{
    "expt_args": {
        "save_dir": "all_expt_logs/expt_logs_sim_compsel_n48",
        "exp_name": "118",
        "num_nodes": 4,
        "num_tgt_prior": 5,
        "obs_noise_mean": 0.0,
        "obs_noise_var": 1.0,
        "obs_noise_gamma_shape": 2.0,
        "noise_type": "gaussian",
        "max_edge_strength": 1.0,
        "graph_sparsity_method": "adj_dense_prop",
        "adj_dense_prop": 0.8,
        "num_parents": null,
        "new_noise_mean": 1.0,
        "mix_samples": 262144,
        "stage2_samples": 262144,
        "gmm_tol": 0.001,
        "intv_type": "do",
        "new_noise_var": null,
        "dtype": "simulation",
        "cutoff_drop_ratio": 0.07,
        "intv_targets": [
            2,
            3
        ]
    },
    "intv_args_dict": {
        "2": {
            "intv_type": "do",
            "inode": 2,
            "new_mui": 1.0,
            "new_vari": null,
            "noise_type": "gaussian",
            "obs_noise_gamma_shape": 2.0,
            "true_params": {
                "Si": [
                    [
                        1.0,
                        -0.5344817991324968,
                        0.0,
                        0.38309079551096326
                    ],
                    [
                        -0.5344817991324968,
                        1.2856707936039107,
                        0.0,
                        0.7091669922723594
                    ],
                    [
                        0.0,
                        0.0,
                        1e-09,
                        0.0
                    ],
                    [
                        0.38309079551096326,
                        0.7091669922723594,
                        0.0,
                        1.9820120708769962
                    ]
                ],
                "mui": [
                    0.0,
                    0.0,
                    1.0,
                    0.0
                ],
                "Ai": [
                    [
                        0.0,
                        0.0,
                        0.0,
                        0.0
                    ],
                    [
                        -0.5344817991324968,
                        0.0,
                        0.0,
                        0.0
                    ],
                    [
                        0.0,
                        0.0,
                        0.0,
                        0.0
                    ],
                    [
                        0.8715654970020457,
                        0.9139220498881584,
                        -0.0,
                        0.0
                    ]
                ]
            },
            "est_params": {
                "mui": [
                    0.0004929735860884546,
                    0.007770305183402529,
                    0.9999993383171657,
                    0.010501631818911642
                ],
                "Si": [
                    [
                        1.0075645278977394,
                        -0.5409859112879449,
                        7.110016114953808e-07,
                        0.3898570115873884
                    ],
                    [
                        -0.5409859112879449,
                        1.295797553878244,
                        5.571406480052927e-08,
                        0.7075110953131862
                    ],
                    [
                        7.110016114953808e-07,
                        5.571406480052919e-08,
                        1.0114431667232466e-06,
                        8.333489827696299e-07
                    ],
                    [
                        0.3898570115873885,
                        0.7075110953131862,
                        8.333489827696296e-07,
                        1.983185300013052
                    ]
                ]
            },
            "est_tgt": [
                2
            ],
            "oracle_est_tgt": [
                2
            ]
        },
        "3": {
            "intv_type": "do",
            "inode": 3,
            "new_mui": 1.0,
            "new_vari": null,
            "noise_type": "gaussian",
            "obs_noise_gamma_shape": 2.0,
            "true_params": {
                "Si": [
                    [
                        1.0,
                        -0.5344817991324968,
                        0.0,
                        0.0
                    ],
                    [
                        -0.5344817991324968,
                        1.2856707936039107,
                        0.0,
                        0.0
                    ],
                    [
                        0.0,
                        0.0,
                        1.0,
                        0.0
                    ],
                    [
                        0.0,
                        0.0,
                        0.0,
                        1e-09
                    ]
                ],
                "mui": [
                    0.0,
                    0.0,
                    0.0,
                    1.0
                ],
                "Ai": [
                    [
                        0.0,
                        0.0,
                        0.0,
                        0.0
                    ],
                    [
                        -0.5344817991324968,
                        0.0,
                        0.0,
                        0.0
                    ],
                    [
                        0.0,
                        0.0,
                        0.0,
                        0.0
                    ],
                    [
                        0.0,
                        0.0,
                        0.0,
                        0.0
                    ]
                ]
            },
            "est_params": {
                "mui": [
                    0.0007858733178324297,
                    -0.0019409294360286696,
                    -0.009382853627934793,
                    0.999999943490601
                ],
                "Si": [
                    [
                        0.9948463223447769,
                        -0.5308895056093722,
                        -0.0012062333534144114,
                        6.49170670985632e-08
                    ],
                    [
                        -0.5308895056093723,
                        1.2869911739063506,
                        -0.0021439659247456605,
                        -2.8386385522672733e-07
                    ],
                    [
                        -0.0012062333534144105,
                        -0.0021439659247456614,
                        1.0066129031834121,
                        1.7360449865192275e-07
                    ],
                    [
                        6.49170670985632e-08,
                        -2.8386385522672744e-07,
                        1.7360449865192267e-07,
                        1.0112262136707155e-06
                    ]
                ]
            },
            "est_tgt": [
                3
            ],
            "oracle_est_tgt": [
                3
            ]
        },
        "obs": {
            "intv_type": "obs",
            "noise_type": "gaussian",
            "obs_noise_gamma_shape": 2.0,