{
    "expt_args": {
        "save_dir": "all_expt_logs/expt_logs_sim_compsel_n48",
        "exp_name": "111",
        "num_nodes": 4,
        "num_tgt_prior": 5,
        "obs_noise_mean": 0.0,
        "obs_noise_var": 1.0,
        "obs_noise_gamma_shape": 2.0,
        "noise_type": "gaussian",
        "max_edge_strength": 1.0,
        "graph_sparsity_method": "adj_dense_prop",
        "adj_dense_prop": 0.8,
        "num_parents": null,
        "new_noise_mean": 1.0,
        "mix_samples": 2048,
        "stage2_samples": 2048,
        "gmm_tol": 0.001,
        "intv_type": "do",
        "new_noise_var": null,
        "dtype": "simulation",
        "cutoff_drop_ratio": 0.07,
        "intv_targets": [
            2,
            0
        ]
    },
    "intv_args_dict": {
        "2": {
            "intv_type": "do",
            "inode": 2,
            "new_mui": 1.0,
            "new_vari": null,
            "noise_type": "gaussian",
            "obs_noise_gamma_shape": 2.0,
            "true_params": {
                "Si": [
                    [
                        1.0,
                        -0.8012846681590295,
                        0.0,
                        -1.719725776722778
                    ],
                    [
                        -0.8012846681590295,
                        1.6420571194267262,
                        0.0,
                        2.2781046861981324
                    ],
                    [
                        0.0,
                        0.0,
                        1e-09,
                        -6.477920663530879e-10
                    ],
                    [
                        -1.719725776722778,
                        2.2781046861981324,
                        -6.477920663530879e-10,
                        4.767663378890777
                    ]
                ],
                "mui": [
                    0.0,
                    0.0,
                    1.0,
                    -0.6477920663530878
                ],
                "Ai": [
                    [
                        0.0,
                        0.0,
                        0.0,
                        0.0
                    ],
                    [
                        -0.8012846681590295,
                        0.0,
                        0.0,
                        0.0
                    ],
                    [
                        0.0,
                        0.0,
                        0.0,
                        0.0
                    ],
                    [
                        -0.9984775976174932,
                        0.9001147878722919,
                        -0.6477920663530878,
                        0.0
                    ]
                ]
            },
            "est_params": {
                "mui": [
                    0.002251697133041057,
                    -0.03888166264314409,
                    1.0000060164218845,
                    -0.6907834801834662
                ],
                "Si": [
                    [
                        1.0166352902262283,
                        -0.8595123616429919,
                        4.825919092417371e-06,
                        -1.8000831332114824
                    ],
                    [
                        -0.8595123616429917,
                        1.654808132190109,
                        -4.285070656881006e-06,
                        2.367555872184481
                    ],
                    [
                        4.825919092417371e-06,
                        -4.2850706568810076e-06,
                        1.0328027645827436e-06,
                        -5.487823566738174e-06
                    ],
                    [
                        -1.800083133211482,
                        2.367555872184481,
                        -5.4878235667381786e-06,
                        5.016700588118599
                    ]
                ]
            },
            "est_tgt": [
                1,
                2,
                3
            ],
            "oracle_est_tgt": [
                1,
                2,
                3
            ]
        },
        "0": {
            "intv_type": "do",
            "inode": 0,
            "new_mui": 1.0,
            "new_vari": null,
            "noise_type": "gaussian",
            "obs_noise_gamma_shape": 2.0,
            "true_params": {
                "Si": [
                    [
                        1e-09,
                        -8.012846681590296e-10,
                        -1.9756478238592569e-10,
                        -1.591744878102401e-09
                    ],
                    [
                        -8.012846681590296e-10,
                        1.000000000642057,
                        -0.8018664574090081,
                        1.4195575186344935
                    ],
                    [
                        -1.9756478238592569e-10,
                        -0.8018664574090081,
                        1.6429898158105845,
                        -1.786087623796369
                    ],
                    [
                        -1.591744878102401e-09,
                        1.4195575186344935,
                        -1.786087623796369,
                        3.434778108854252
                    ]
                ],
                "mui": [
                    1.0,
                    -0.8012846681590295,
                    -0.19756478238592567,
                    -1.591744878102401
                ],
                "Ai": [
                    [
                        0.0,
                        0.0,
                        0.0,
                        0.0
                    ],
                    [
                        -0.8012846681590295,
                        0.0,
                        0.0,
                        0.0
                    ],
                    [
                        -0.8400880807456071,
                        -0.8018664575673137,
                        0.0,
                        0.0
                    ],
                    [
                        -0.9984775976174932,
                        0.9001147878722919,
                        -0.6477920663530878,
                        0.0
                    ]
                ]
            },
            "est_params": {
                "mui": [
                    0.9999989456216889,
                    -0.7752413675090873,
                    -0.2863385127888743,
                    -1.4594443582873602
                ],
                "Si": [
                    [
                        1.0035322846607886e-06,
                        -4.4425458455156893e-07,
                        1.1015588043503907e-07,
                        -1.3759066424662205e-06
                    ],
                    [
                        -4.442545845515691e-07,
                        0.9939438328617832,
                        -0.7565238430719197,
                        1.4339185981061107
                    ],
                    [
                        1.1015588043503844e-07,
                        -0.7565238430719197,
                        1.5446731602192552,
                        -1.723918123647478
                    ],
                    [
                        -1.3759066424662205e-06,
                        1.4339185981061107,
                        -1.7239181236474777,
                        3.4535423181258054
                    ]
                ]
            },
            "est_tgt": [
                0
            ],
            "oracle_est_tgt": [
                0
            ]
        },
        "obs": {
            "intv_type": "obs",
            "noise_type": "gaussian",
            "obs_noise_gamma_shape": 2.0,