{
    "expt_args": {
        "save_dir": "all_expt_logs/expt_logs_sim_compsel_n48",
        "exp_name": "10",
        "num_nodes": 4,
        "num_tgt_prior": 5,
        "obs_noise_mean": 0.0,
        "obs_noise_var": 1.0,
        "obs_noise_gamma_shape": 2.0,
        "noise_type": "gaussian",
        "max_edge_strength": 1.0,
        "graph_sparsity_method": "adj_dense_prop",
        "adj_dense_prop": 0.8,
        "num_parents": null,
        "new_noise_mean": 1.0,
        "mix_samples": 1048576,
        "stage2_samples": 1048576,
        "gmm_tol": 0.001,
        "intv_type": "do",
        "new_noise_var": null,
        "dtype": "simulation",
        "cutoff_drop_ratio": 0.07,
        "intv_targets": [
            1,
            0
        ]
    },
    "intv_args_dict": {
        "1": {
            "intv_type": "do",
            "inode": 1,
            "new_mui": 1.0,
            "new_vari": null,
            "noise_type": "gaussian",
            "obs_noise_gamma_shape": 2.0,
            "true_params": {
                "Si": [
                    [
                        1.0,
                        0.0,
                        0.6497469086078208,
                        -0.12994203255740955
                    ],
                    [
                        0.0,
                        1e-09,
                        0.0,
                        0.0
                    ],
                    [
                        0.6497469086078208,
                        0.0,
                        1.42217104524542,
                        -1.0686646330717682
                    ],
                    [
                        -0.12994203255740955,
                        0.0,
                        -1.0686646330717682,
                        1.9856038590107057
                    ]
                ],
                "mui": [
                    0.0,
                    1.0,
                    0.0,
                    0.0
                ],
                "Ai": [
                    [
                        0.0,
                        0.0,
                        0.0,
                        0.0
                    ],
                    [
                        0.0,
                        0.0,
                        0.0,
                        0.0
                    ],
                    [
                        0.6497469086078208,
                        -0.0,
                        0.0,
                        0.0
                    ],
                    [
                        0.509561745413407,
                        -0.0,
                        -0.9842351991193745,
                        0.0
                    ]
                ]
            },
            "est_params": {
                "mui": [
                    0.00016131090217384844,
                    1.0000001074610236,
                    -0.0027742196037536066,
                    0.0046459115407536744
                ],
                "Si": [
                    [
                        1.00102032876548,
                        7.324519982658237e-08,
                        0.6514293051526228,
                        -0.13028756955233106
                    ],
                    [
                        7.324519982658233e-08,
                        1.0101954637889877e-06,
                        -1.2082230342557175e-07,
                        2.7941461381219696e-07
                    ],
                    [
                        0.6514293051526228,
                        -1.2082230342557175e-07,
                        1.4241649908478375,
                        -1.0664332303229789
                    ],
                    [
                        -0.13028756955233106,
                        2.79414613812197e-07,
                        -1.0664332303229789,
                        1.9783053767275167
                    ]
                ]
            },
            "est_tgt": [
                1
            ],
            "oracle_est_tgt": [
                1
            ]
        },
        "0": {
            "intv_type": "do",
            "inode": 0,
            "new_mui": 1.0,
            "new_vari": null,
            "noise_type": "gaussian",
            "obs_noise_gamma_shape": 2.0,
            "true_params": {
                "Si": [
                    [
                        1e-09,
                        8.479027682359029e-10,
                        6.497469086078208e-10,
                        -1.2994203255740957e-10
                    ],
                    [
                        8.479027682359029e-10,
                        1.0000000007189391,
                        5.509222024612915e-10,
                        -1.1017820911562737e-10
                    ],
                    [
                        6.497469086078208e-10,
                        5.509222024612915e-10,
                        1.000000000422171,
                        -0.984235199203804
                    ],
                    [
                        -1.2994203255740957e-10,
                        -1.1017820911562738e-10,
                        -0.984235199203804,
                        1.9687189272024397
                    ]
                ],
                "mui": [
                    1.0,
                    0.8479027682359028,
                    0.6497469086078208,
                    -0.12994203255740955
                ],
                "Ai": [
                    [
                        0.0,
                        0.0,
                        0.0,
                        0.0
                    ],
                    [
                        0.8479027682359028,
                        0.0,
                        0.0,
                        0.0
                    ],
                    [
                        0.6497469086078208,
                        -0.0,
                        0.0,
                        0.0
                    ],
                    [
                        0.509561745413407,
                        -0.0,
                        -0.9842351991193745,
                        0.0
                    ]
                ]
            },
            "est_params": {
                "mui": [
                    1.0000001872736457,
                    0.845163478640817,
                    0.649826076154616,
                    -0.13076352167474004
                ],
                "Si": [
                    [
                        1.0110147896510883e-06,
                        6.059493156621882e-08,
                        -1.735409362236024e-07,
                        4.0165066951312784e-07
                    ],
                    [
                        6.059493156621881e-08,
                        0.9997598616519692,
                        0.001117126839139642,
                        -0.002494903496489687
                    ],
                    [
                        -1.7354093622360236e-07,
                        0.001117126839139641,
                        0.99725626200802,
                        -0.9801872990453424
                    ],
                    [
                        4.016506695131277e-07,
                        -0.002494903496489682,
                        -0.9801872990453424,
                        1.962072992811804
                    ]
                ]
            },
            "est_tgt": [
                0
            ],
            "oracle_est_tgt": [
                0
            ]
        },
        "obs": {
            "intv_type": "obs",
            "noise_type": "gaussian",
            "obs_noise_gamma_shape": 2.0,