{
    "expt_args": {
        "save_dir": "all_expt_logs/expt_logs_sim_compsel_n48",
        "exp_name": "94",
        "num_nodes": 4,
        "num_tgt_prior": 5,
        "obs_noise_mean": 0.0,
        "obs_noise_var": 1.0,
        "obs_noise_gamma_shape": 2.0,
        "noise_type": "gaussian",
        "max_edge_strength": 1.0,
        "graph_sparsity_method": "adj_dense_prop",
        "adj_dense_prop": 0.8,
        "num_parents": null,
        "new_noise_mean": 1.0,
        "mix_samples": 65536,
        "stage2_samples": 65536,
        "gmm_tol": 0.001,
        "intv_type": "do",
        "new_noise_var": null,
        "dtype": "simulation",
        "cutoff_drop_ratio": 0.07,
        "intv_targets": [
            1,
            2
        ]
    },
    "intv_args_dict": {
        "1": {
            "intv_type": "do",
            "inode": 1,
            "new_mui": 1.0,
            "new_vari": null,
            "noise_type": "gaussian",
            "obs_noise_gamma_shape": 2.0,
            "true_params": {
                "Si": [
                    [
                        1.0,
                        0.0,
                        0.0,
                        -0.9820470047483671
                    ],
                    [
                        0.0,
                        1e-09,
                        -5.440830286676184e-10,
                        -6.680369831512629e-10
                    ],
                    [
                        0.0,
                        -5.440830286676184e-10,
                        1.0000000002960263,
                        -0.6059961004743072
                    ],
                    [
                        -0.9820470047483671,
                        -6.680369831512629e-10,
                        -0.6059961004743072,
                        2.3316475942120993
                    ]
                ],
                "mui": [
                    0.0,
                    1.0,
                    -0.5440830286676184,
                    -0.6680369831512629
                ],
                "Ai": [
                    [
                        0.0,
                        0.0,
                        0.0,
                        0.0
                    ],
                    [
                        0.0,
                        0.0,
                        0.0,
                        0.0
                    ],
                    [
                        0.0,
                        -0.5440830286676184,
                        0.0,
                        0.0
                    ],
                    [
                        -0.9820470047483671,
                        -0.9977491770558469,
                        -0.6059961008377748,
                        0.0
                    ]
                ]
            },
            "est_params": {
                "mui": [
                    0.008903471216891994,
                    1.0000006238335513,
                    -0.5432015802989295,
                    -0.6808374094087912
                ],
                "Si": [
                    [
                        1.0114984516966803,
                        1.3444274588402921e-06,
                        0.0028244445199127693,
                        -0.9937177640581001
                    ],
                    [
                        1.3444274588402921e-06,
                        1.0121904390257722e-06,
                        -8.280051997310231e-07,
                        -1.3671573265782376e-06
                    ],
                    [
                        0.002824444519912769,
                        -8.280051997310231e-07,
                        0.9975128389318374,
                        -0.6027968351491616
                    ],
                    [
                        -0.9937177640581001,
                        -1.3671573265782376e-06,
                        -0.6027968351491616,
                        2.34331538057047
                    ]
                ]
            },
            "est_tgt": [
                1
            ],
            "oracle_est_tgt": [
                1
            ]
        },
        "2": {
            "intv_type": "do",
            "inode": 2,
            "new_mui": 1.0,
            "new_vari": null,
            "noise_type": "gaussian",
            "obs_noise_gamma_shape": 2.0,
            "true_params": {
                "Si": [
                    [
                        1.0,
                        0.5561147216232483,
                        0.0,
                        -1.5369100105966045
                    ],
                    [
                        0.5561147216232483,
                        1.3092635836061028,
                        0.0,
                        -1.852447459758761
                    ],
                    [
                        0.0,
                        0.0,
                        1e-09,
                        -6.059961008377748e-10
                    ],
                    [
                        -1.5369100105966045,
                        -1.852447459758761,
                        -6.059961008377748e-10,
                        4.357595801354906
                    ]
                ],
                "mui": [
                    0.0,
                    0.0,
                    1.0,
                    -0.6059961008377748
                ],
                "Ai": [
                    [
                        0.0,
                        0.0,
                        0.0,
                        0.0
                    ],
                    [
                        0.5561147216232483,
                        0.0,
                        0.0,
                        0.0
                    ],
                    [
                        0.0,
                        0.0,
                        0.0,
                        0.0
                    ],
                    [
                        -0.9820470047483671,
                        -0.9977491770558469,
                        -0.6059961008377748,
                        0.0
                    ]
                ]
            },
            "est_params": {
                "mui": [
                    0.009023940947524883,
                    0.008734794079539247,
                    1.0000000566629803,
                    -0.61517456515099
                ],
                "Si": [
                    [
                        1.0133853476619563,
                        0.5568490518762307,
                        -6.657490783812445e-07,
                        -1.5411722700812969
                    ],
                    [
                        0.5568490518762307,
                        1.317805067425083,
                        -4.83723352210873e-07,
                        -1.8566096375114756
                    ],
                    [
                        -6.657490783812444e-07,
                        -4.837233522108732e-07,
                        1.0096509927858157e-06,
                        5.735780492065373e-07
                    ],
                    [
                        -1.5411722700812969,
                        -1.8566096375114756,
                        5.735780492065378e-07,
                        4.353816542939091
                    ]
                ]
            },
            "est_tgt": [
                2
            ],
            "oracle_est_tgt": [
                2
            ]
        },
        "obs": {
            "intv_type": "obs",
            "noise_type": "gaussian",
            "obs_noise_gamma_shape": 2.0,