{
    "expt_args": {
        "save_dir": "all_expt_logs/expt_logs_sim_compsel_n48",
        "exp_name": "45",
        "num_nodes": 4,
        "num_tgt_prior": 5,
        "obs_noise_mean": 0.0,
        "obs_noise_var": 1.0,
        "obs_noise_gamma_shape": 2.0,
        "noise_type": "gaussian",
        "max_edge_strength": 1.0,
        "graph_sparsity_method": "adj_dense_prop",
        "adj_dense_prop": 0.8,
        "num_parents": null,
        "new_noise_mean": 1.0,
        "mix_samples": 2048,
        "stage2_samples": 2048,
        "gmm_tol": 0.001,
        "intv_type": "do",
        "new_noise_var": null,
        "dtype": "simulation",
        "cutoff_drop_ratio": 0.07,
        "intv_targets": [
            0,
            2
        ]
    },
    "intv_args_dict": {
        "0": {
            "intv_type": "do",
            "inode": 0,
            "new_mui": 1.0,
            "new_vari": null,
            "noise_type": "gaussian",
            "obs_noise_gamma_shape": 2.0,
            "true_params": {
                "Si": [
                    [
                        1e-09,
                        8.479027682359029e-10,
                        6.497469086078208e-10,
                        -1.2994203255740957e-10
                    ],
                    [
                        8.479027682359029e-10,
                        1.0000000007189391,
                        5.509222024612915e-10,
                        -1.1017820911562737e-10
                    ],
                    [
                        6.497469086078208e-10,
                        5.509222024612915e-10,
                        1.000000000422171,
                        -0.984235199203804
                    ],
                    [
                        -1.2994203255740957e-10,
                        -1.1017820911562738e-10,
                        -0.984235199203804,
                        1.9687189272024397
                    ]
                ],
                "mui": [
                    1.0,
                    0.8479027682359028,
                    0.6497469086078208,
                    -0.12994203255740955
                ],
                "Ai": [
                    [
                        0.0,
                        0.0,
                        0.0,
                        0.0
                    ],
                    [
                        0.8479027682359028,
                        0.0,
                        0.0,
                        0.0
                    ],
                    [
                        0.6497469086078208,
                        -0.0,
                        0.0,
                        0.0
                    ],
                    [
                        0.509561745413407,
                        -0.0,
                        -0.9842351991193745,
                        0.0
                    ]
                ]
            },
            "est_params": {
                "mui": [
                    1.0000009160125187,
                    0.8443920924318625,
                    0.6928050578303089,
                    -0.1385043025495294
                ],
                "Si": [
                    [
                        1.0018052229886797e-06,
                        -2.0729305961800717e-06,
                        8.081122637868851e-07,
                        2.963673252929645e-07
                    ],
                    [
                        -2.072930596180071e-06,
                        0.9417747465783698,
                        0.021168589668297058,
                        0.05345509388335447
                    ],
                    [
                        8.081122637868852e-07,
                        0.02116858966829705,
                        0.9922331208872331,
                        -1.0036255125710813
                    ],
                    [
                        2.963673252929644e-07,
                        0.05345509388335448,
                        -1.0036255125710813,
                        2.108417057145883
                    ]
                ]
            },
            "est_tgt": [
                0
            ],
            "oracle_est_tgt": [
                0
            ]
        },
        "2": {
            "intv_type": "do",
            "inode": 2,
            "new_mui": 1.0,
            "new_vari": null,
            "noise_type": "gaussian",
            "obs_noise_gamma_shape": 2.0,
            "true_params": {
                "Si": [
                    [
                        1.0,
                        0.8479027682359028,
                        0.0,
                        0.509561745413407
                    ],
                    [
                        0.8479027682359028,
                        1.7189391043821072,
                        0.0,
                        0.4320588145231462
                    ],
                    [
                        0.0,
                        0.0,
                        1e-09,
                        -9.842351991193747e-10
                    ],
                    [
                        0.509561745413407,
                        0.4320588145231462,
                        -9.842351991193747e-10,
                        1.2596531733574767
                    ]
                ],
                "mui": [
                    0.0,
                    0.0,
                    1.0,
                    -0.9842351991193745
                ],
                "Ai": [
                    [
                        0.0,
                        0.0,
                        0.0,
                        0.0
                    ],
                    [
                        0.8479027682359028,
                        0.0,
                        0.0,
                        0.0
                    ],
                    [
                        0.0,
                        0.0,
                        0.0,
                        0.0
                    ],
                    [
                        0.509561745413407,
                        -0.0,
                        -0.9842351991193745,
                        0.0
                    ]
                ]
            },
            "est_params": {
                "mui": [
                    -0.007706442254533555,
                    -0.039871104734204174,
                    0.999999146942334,
                    -0.9506559752372881
                ],
                "Si": [
                    [
                        1.0149857131805302,
                        0.871327287738686,
                        2.0946785513079415e-07,
                        0.5348884907178516
                    ],
                    [
                        0.871327287738686,
                        1.7086233298315552,
                        -1.632358227740055e-07,
                        0.44957205197408057
                    ],
                    [
                        2.0946785513079418e-07,
                        -1.632358227740056e-07,
                        1.0020275414848206e-06,
                        1.2446310876883326e-06
                    ],
                    [
                        0.5348884907178516,
                        0.4495720519740805,
                        1.2446310876883323e-06,
                        1.300829426421701
                    ]
                ]
            },
            "est_tgt": [
                2,
                3
            ],
            "oracle_est_tgt": [
                2,
                3
            ]
        },
        "obs": {
            "intv_type": "obs",
            "noise_type": "gaussian",
            "obs_noise_gamma_shape": 2.0,