{
    "expt_args": {
        "save_dir": "all_expt_logs/expt_logs_sim_compsel_n48",
        "exp_name": "182",
        "num_nodes": 4,
        "num_tgt_prior": 5,
        "obs_noise_mean": 0.0,
        "obs_noise_var": 1.0,
        "obs_noise_gamma_shape": 2.0,
        "noise_type": "gaussian",
        "max_edge_strength": 1.0,
        "graph_sparsity_method": "adj_dense_prop",
        "adj_dense_prop": 0.8,
        "num_parents": null,
        "new_noise_mean": 1.0,
        "mix_samples": 65536,
        "stage2_samples": 65536,
        "gmm_tol": 0.001,
        "intv_type": "do",
        "new_noise_var": null,
        "dtype": "simulation",
        "cutoff_drop_ratio": 0.07,
        "intv_targets": [
            2,
            0
        ]
    },
    "intv_args_dict": {
        "2": {
            "intv_type": "do",
            "inode": 2,
            "new_mui": 1.0,
            "new_vari": null,
            "noise_type": "gaussian",
            "obs_noise_gamma_shape": 2.0,
            "true_params": {
                "Si": [
                    [
                        1.0,
                        -0.5266463707328453,
                        0.0,
                        1.043394479344502
                    ],
                    [
                        -0.5266463707328453,
                        1.2773563998060775,
                        0.0,
                        -1.5459783441233963
                    ],
                    [
                        0.0,
                        0.0,
                        1e-09,
                        -6.276409333550815e-10
                    ],
                    [
                        1.043394479344502,
                        -1.5459783441233963,
                        -6.276409333550815e-10,
                        3.0816412980553722
                    ]
                ],
                "mui": [
                    0.0,
                    0.0,
                    1.0,
                    -0.6276409333550814
                ],
                "Ai": [
                    [
                        0.0,
                        0.0,
                        0.0,
                        0.0
                    ],
                    [
                        -0.5266463707328453,
                        0.0,
                        0.0,
                        0.0
                    ],
                    [
                        0.0,
                        0.0,
                        0.0,
                        0.0
                    ],
                    [
                        0.5186027315488694,
                        -0.9964784283339276,
                        -0.6276409333550814,
                        0.0
                    ]
                ]
            },
            "est_params": {
                "mui": [
                    -0.005168275506727859,
                    0.007517073590631995,
                    1.0000002210819094,
                    -0.6378344247290233
                ],
                "Si": [
                    [
                        0.9907753451583091,
                        -0.5198396076740343,
                        -4.489404190415331e-07,
                        1.0376928011233737
                    ],
                    [
                        -0.5198396076740343,
                        1.280143072010096,
                        4.135227929760063e-07,
                        -1.5453638985826519
                    ],
                    [
                        -4.48940419041533e-07,
                        4.1352279297600645e-07,
                        1.0100460134445168e-06,
                        -7.391454190642109e-07
                    ],
                    [
                        1.0376928011233737,
                        -1.5453638985826519,
                        -7.391454190642107e-07,
                        3.0916254255398643
                    ]
                ]
            },
            "est_tgt": [
                1,
                2
            ],
            "oracle_est_tgt": [
                1,
                2
            ]
        },
        "0": {
            "intv_type": "do",
            "inode": 0,
            "new_mui": 1.0,
            "new_vari": null,
            "noise_type": "gaussian",
            "obs_noise_gamma_shape": 2.0,
            "true_params": {
                "Si": [
                    [
                        1e-09,
                        -5.266463707328453e-10,
                        -1.0949298231051997e-09,
                        1.7306172554765636e-09
                    ],
                    [
                        -5.266463707328453e-10,
                        1.0000000002773564,
                        0.8823812859134572,
                        -1.5502970427492069
                    ],
                    [
                        -1.0949298231051997e-09,
                        0.8823812859134572,
                        1.7785967339115234,
                        -1.9955940316806735
                    ],
                    [
                        1.7306172554765636e-09,
                        -1.5502970427492069,
                        -1.9955940316806735,
                        3.797354062148856
                    ]
                ],
                "mui": [
                    1.0,
                    -0.5266463707328453,
                    -1.0949298231051996,
                    1.7306172554765635
                ],
                "Ai": [
                    [
                        0.0,
                        0.0,
                        0.0,
                        0.0
                    ],
                    [
                        -0.5266463707328453,
                        0.0,
                        0.0,
                        0.0
                    ],
                    [
                        -0.6302269215799821,
                        0.8823812853368164,
                        0.0,
                        0.0
                    ],
                    [
                        0.5186027315488694,
                        -0.9964784283339276,
                        -0.6276409333550814,
                        0.0
                    ]
                ]
            },
            "est_params": {
                "mui": [
                    0.9999999774415764,
                    -0.5368796901107676,
                    -1.0995751720383398,
                    1.7396940608518472
                ],
                "Si": [
                    [
                        1.0115385789475818e-06,
                        4.722545521479211e-07,
                        1.4168640556778363e-06,
                        -1.705817172478174e-06
                    ],
                    [
                        4.722545521479209e-07,
                        1.0155388725797316,
                        0.89831253822979,
                        -1.5825141178862407
                    ],
                    [
                        1.4168640556778367e-06,
                        0.89831253822979,
                        1.7907054727276999,
                        -2.019358243335778
                    ],
                    [
                        -1.705817172478174e-06,
                        -1.5825141178862407,
                        -2.019358243335778,
                        3.8469036161575425
                    ]
                ]
            },
            "est_tgt": [
                0,
                1
            ],
            "oracle_est_tgt": [
                0
            ]
        },
        "obs": {
            "intv_type": "obs",
            "noise_type": "gaussian",
            "obs_noise_gamma_shape": 2.0,