{
    "expt_args": {
        "save_dir": "all_expt_logs/expt_logs_sim_compsel_n48",
        "exp_name": "52",
        "num_nodes": 4,
        "num_tgt_prior": 5,
        "obs_noise_mean": 0.0,
        "obs_noise_var": 1.0,
        "obs_noise_gamma_shape": 2.0,
        "noise_type": "gaussian",
        "max_edge_strength": 1.0,
        "graph_sparsity_method": "adj_dense_prop",
        "adj_dense_prop": 0.8,
        "num_parents": null,
        "new_noise_mean": 1.0,
        "mix_samples": 262144,
        "stage2_samples": 262144,
        "gmm_tol": 0.001,
        "intv_type": "do",
        "new_noise_var": null,
        "dtype": "simulation",
        "cutoff_drop_ratio": 0.07,
        "intv_targets": [
            0,
            3
        ]
    },
    "intv_args_dict": {
        "0": {
            "intv_type": "do",
            "inode": 0,
            "new_mui": 1.0,
            "new_vari": null,
            "noise_type": "gaussian",
            "obs_noise_gamma_shape": 2.0,
            "true_params": {
                "Si": [
                    [
                        1e-09,
                        8.479027682359029e-10,
                        6.497469086078208e-10,
                        -1.2994203255740957e-10
                    ],
                    [
                        8.479027682359029e-10,
                        1.0000000007189391,
                        5.509222024612915e-10,
                        -1.1017820911562737e-10
                    ],
                    [
                        6.497469086078208e-10,
                        5.509222024612915e-10,
                        1.000000000422171,
                        -0.984235199203804
                    ],
                    [
                        -1.2994203255740957e-10,
                        -1.1017820911562738e-10,
                        -0.984235199203804,
                        1.9687189272024397
                    ]
                ],
                "mui": [
                    1.0,
                    0.8479027682359028,
                    0.6497469086078208,
                    -0.12994203255740955
                ],
                "Ai": [
                    [
                        0.0,
                        0.0,
                        0.0,
                        0.0
                    ],
                    [
                        0.8479027682359028,
                        0.0,
                        0.0,
                        0.0
                    ],
                    [
                        0.6497469086078208,
                        -0.0,
                        0.0,
                        0.0
                    ],
                    [
                        0.509561745413407,
                        -0.0,
                        -0.9842351991193745,
                        0.0
                    ]
                ]
            },
            "est_params": {
                "mui": [
                    0.9999996624759663,
                    0.8522187828123879,
                    0.6532356325976312,
                    -0.1293804463371573
                ],
                "Si": [
                    [
                        1.0106741132996118e-06,
                        -5.771511014370581e-08,
                        -1.8674319045265152e-07,
                        4.478674661794632e-07
                    ],
                    [
                        -5.771511014370594e-08,
                        1.0058719783334502,
                        0.00301000228974007,
                        -0.0005397052624477123
                    ],
                    [
                        -1.867431904526515e-07,
                        0.0030100022897400734,
                        0.9979738058629538,
                        -0.9735727158512871
                    ],
                    [
                        4.478674661794633e-07,
                        -0.0005397052624477107,
                        -0.9735727158512871,
                        1.9514480758295667
                    ]
                ]
            },
            "est_tgt": [
                0
            ],
            "oracle_est_tgt": [
                0
            ]
        },
        "3": {
            "intv_type": "do",
            "inode": 3,
            "new_mui": 1.0,
            "new_vari": null,
            "noise_type": "gaussian",
            "obs_noise_gamma_shape": 2.0,
            "true_params": {
                "Si": [
                    [
                        1.0,
                        0.8479027682359028,
                        0.6497469086078208,
                        0.0
                    ],
                    [
                        0.8479027682359028,
                        1.7189391043821072,
                        0.5509222024612914,
                        0.0
                    ],
                    [
                        0.6497469086078208,
                        0.5509222024612914,
                        1.42217104524542,
                        0.0
                    ],
                    [
                        0.0,
                        0.0,
                        0.0,
                        1e-09
                    ]
                ],
                "mui": [
                    0.0,
                    0.0,
                    0.0,
                    1.0
                ],
                "Ai": [
                    [
                        0.0,
                        0.0,
                        0.0,
                        0.0
                    ],
                    [
                        0.8479027682359028,
                        0.0,
                        0.0,
                        0.0
                    ],
                    [
                        0.6497469086078208,
                        -0.0,
                        0.0,
                        0.0
                    ],
                    [
                        0.0,
                        0.0,
                        0.0,
                        0.0
                    ]
                ]
            },
            "est_params": {
                "mui": [
                    -0.0008367290443438012,
                    0.0032423818949188724,
                    -0.008071764150991336,
                    0.9999998844434663
                ],
                "Si": [
                    [
                        0.9984883137826898,
                        0.8501662739190422,
                        0.649935112590794,
                        -3.3038268260702263e-07
                    ],
                    [
                        0.8501662739190422,
                        1.731620826551808,
                        0.5465198890184646,
                        -4.03898480610381e-07
                    ],
                    [
                        0.649935112590794,
                        0.5465198890184646,
                        1.4242617230493033,
                        2.032788058714324e-07
                    ],
                    [
                        -3.3038268260702263e-07,
                        -4.03898480610381e-07,
                        2.0327880587143248e-07,
                        1.0121655889012027e-06
                    ]
                ]
            },
            "est_tgt": [
                3
            ],
            "oracle_est_tgt": [
                3
            ]
        },
        "obs": {
            "intv_type": "obs",
            "noise_type": "gaussian",
            "obs_noise_gamma_shape": 2.0,