{
    "expt_args": {
        "save_dir": "all_expt_logs/expt_logs_sim_compsel_n48",
        "exp_name": "203",
        "num_nodes": 4,
        "num_tgt_prior": 5,
        "obs_noise_mean": 0.0,
        "obs_noise_var": 1.0,
        "obs_noise_gamma_shape": 2.0,
        "noise_type": "gaussian",
        "max_edge_strength": 1.0,
        "graph_sparsity_method": "adj_dense_prop",
        "adj_dense_prop": 0.8,
        "num_parents": null,
        "new_noise_mean": 1.0,
        "mix_samples": 32768,
        "stage2_samples": 32768,
        "gmm_tol": 0.001,
        "intv_type": "do",
        "new_noise_var": null,
        "dtype": "simulation",
        "cutoff_drop_ratio": 0.07,
        "intv_targets": [
            0,
            2
        ]
    },
    "intv_args_dict": {
        "0": {
            "intv_type": "do",
            "inode": 0,
            "new_mui": 1.0,
            "new_vari": null,
            "noise_type": "gaussian",
            "obs_noise_gamma_shape": 2.0,
            "true_params": {
                "Si": [
                    [
                        1e-09,
                        0.0,
                        -6.531921323728371e-10,
                        -7.852237777735172e-11
                    ],
                    [
                        0.0,
                        1.0,
                        -0.896183500089866,
                        1.8606361268671656
                    ],
                    [
                        -6.531921323728371e-10,
                        -0.896183500089866,
                        1.803144866259983,
                        -2.656045003301429
                    ],
                    [
                        -7.852237777735172e-11,
                        1.8606361268671656,
                        -2.656045003301429,
                        5.439244572637858
                    ]
                ],
                "mui": [
                    1.0,
                    0.0,
                    -0.6531921323728371,
                    -0.07852237777735172
                ],
                "Ai": [
                    [
                        0.0,
                        0.0,
                        0.0,
                        0.0
                    ],
                    [
                        0.0,
                        0.0,
                        0.0,
                        0.0
                    ],
                    [
                        -0.6531921323728371,
                        -0.896183500089866,
                        0.0,
                        0.0
                    ],
                    [
                        -0.72425087999961,
                        0.9746927718436889,
                        -0.988573606783251,
                        0.0
                    ]
                ]
            },
            "est_params": {
                "mui": [
                    1.000001709784936,
                    0.0018714031272812,
                    -0.6595142435655569,
                    -0.07130281873065981
                ],
                "Si": [
                    [
                        1.0145297376708513e-06,
                        -1.9980580501524554e-06,
                        2.4848502876307227e-06,
                        -3.6281820147608995e-06
                    ],
                    [
                        -1.9980580501524554e-06,
                        1.0083154049429044,
                        -0.9063447889133878,
                        1.8685698781574323
                    ],
                    [
                        2.4848502876307222e-06,
                        -0.9063447889133878,
                        1.8233896345187128,
                        -2.684414954684937
                    ],
                    [
                        -3.6281820147608995e-06,
                        1.8685698781574323,
                        -2.684414954684937,
                        5.453654423503036
                    ]
                ]
            },
            "est_tgt": [
                0
            ],
            "oracle_est_tgt": [
                0
            ]
        },
        "2": {
            "intv_type": "do",
            "inode": 2,
            "new_mui": 1.0,
            "new_vari": null,
            "noise_type": "gaussian",
            "obs_noise_gamma_shape": 2.0,
            "true_params": {
                "Si": [
                    [
                        1.0,
                        0.0,
                        0.0,
                        -0.72425087999961
                    ],
                    [
                        0.0,
                        1.0,
                        0.0,
                        0.9746927718436889
                    ],
                    [
                        0.0,
                        0.0,
                        1e-09,
                        -9.885736067832511e-10
                    ],
                    [
                        -0.72425087999961,
                        0.9746927718436889,
                        -9.885736067832511e-10,
                        2.4745653376418204
                    ]
                ],
                "mui": [
                    0.0,
                    0.0,
                    1.0,
                    -0.988573606783251
                ],
                "Ai": [
                    [
                        0.0,
                        0.0,
                        0.0,
                        0.0
                    ],
                    [
                        0.0,
                        0.0,
                        0.0,
                        0.0
                    ],
                    [
                        0.0,
                        0.0,
                        0.0,
                        0.0
                    ],
                    [
                        -0.72425087999961,
                        0.9746927718436889,
                        -0.988573606783251,
                        0.0
                    ]
                ]
            },
            "est_params": {
                "mui": [
                    -0.02067339299886091,
                    0.006471121044260248,
                    0.9999997550520449,
                    -0.9854100193650466
                ],
                "Si": [
                    [
                        1.0181667454942231,
                        0.012709346076093987,
                        2.7615387388080877e-07,
                        -0.7324835032553709
                    ],
                    [
                        0.012709346076093983,
                        1.0055306529939236,
                        -3.946415547230384e-07,
                        0.9653060879049039
                    ],
                    [
                        2.7615387388080877e-07,
                        -3.9464155472303825e-07,
                        1.0085413307435854e-06,
                        -7.587668111469708e-07
                    ],
                    [
                        -0.7324835032553709,
                        0.9653060879049039,
                        -7.587668111469706e-07,
                        2.4586953292450193
                    ]
                ]
            },
            "est_tgt": [
                2,
                3
            ],
            "oracle_est_tgt": [
                2,
                3
            ]
        },
        "obs": {
            "intv_type": "obs",
            "noise_type": "gaussian",
            "obs_noise_gamma_shape": 2.0,