{
    "expt_args": {
        "save_dir": "all_expt_logs/expt_logs_sim_compsel_n48",
        "exp_name": "140",
        "num_nodes": 4,
        "num_tgt_prior": 5,
        "obs_noise_mean": 0.0,
        "obs_noise_var": 1.0,
        "obs_noise_gamma_shape": 2.0,
        "noise_type": "gaussian",
        "max_edge_strength": 1.0,
        "graph_sparsity_method": "adj_dense_prop",
        "adj_dense_prop": 0.8,
        "num_parents": null,
        "new_noise_mean": 1.0,
        "mix_samples": 262144,
        "stage2_samples": 262144,
        "gmm_tol": 0.001,
        "intv_type": "do",
        "new_noise_var": null,
        "dtype": "simulation",
        "cutoff_drop_ratio": 0.07,
        "intv_targets": [
            3,
            0
        ]
    },
    "intv_args_dict": {
        "3": {
            "intv_type": "do",
            "inode": 3,
            "new_mui": 1.0,
            "new_vari": null,
            "noise_type": "gaussian",
            "obs_noise_gamma_shape": 2.0,
            "true_params": {
                "Si": [
                    [
                        1.0,
                        -0.9445350590015493,
                        -0.18649337135586308,
                        0.0
                    ],
                    [
                        -0.9445350590015493,
                        1.89214647768306,
                        -0.6617223775050831,
                        0.0
                    ],
                    [
                        -0.18649337135586308,
                        -0.6617223775050831,
                        1.736809106785024,
                        0.0
                    ],
                    [
                        0.0,
                        0.0,
                        0.0,
                        1e-09
                    ]
                ],
                "mui": [
                    0.0,
                    0.0,
                    0.0,
                    1.0
                ],
                "Ai": [
                    [
                        0.0,
                        0.0,
                        0.0,
                        0.0
                    ],
                    [
                        -0.9445350590015493,
                        0.0,
                        0.0,
                        0.0
                    ],
                    [
                        -0.9778927606016444,
                        -0.8378719050220911,
                        0.0,
                        0.0
                    ],
                    [
                        0.0,
                        0.0,
                        0.0,
                        0.0
                    ]
                ]
            },
            "est_params": {
                "mui": [
                    0.006188880762439955,
                    -0.00879401016235135,
                    -0.00046065140082730653,
                    0.9999996569433497
                ],
                "Si": [
                    [
                        0.9996741345297808,
                        -0.938519142268931,
                        -0.19316780447079396,
                        -1.8588288757528896e-07
                    ],
                    [
                        -0.938519142268931,
                        1.8855222410386712,
                        -0.6566470815011218,
                        -1.0605033234887723e-07
                    ],
                    [
                        -0.19316780447079396,
                        -0.6566470815011218,
                        1.7377110941305502,
                        4.7434239627272715e-07
                    ],
                    [
                        -1.8588288757528888e-07,
                        -1.0605033234887724e-07,
                        4.74342396272727e-07,
                        1.006673516360524e-06
                    ]
                ]
            },
            "est_tgt": [
                3
            ],
            "oracle_est_tgt": [
                3
            ]
        },
        "0": {
            "intv_type": "do",
            "inode": 0,
            "new_mui": 1.0,
            "new_vari": null,
            "noise_type": "gaussian",
            "obs_noise_gamma_shape": 2.0,
            "true_params": {
                "Si": [
                    [
                        1e-09,
                        -9.445350590015494e-10,
                        -1.8649337135586309e-10,
                        1.8782282272505077e-09
                    ],
                    [
                        -9.445350590015494e-10,
                        1.0000000008921466,
                        -0.8378719048459415,
                        -0.3164631332582473
                    ],
                    [
                        -1.8649337135586309e-10,
                        -0.8378719048459415,
                        1.7020293292601278,
                        -0.408144832012834
                    ],
                    [
                        1.8782282272505077e-09,
                        -0.3164631332582473,
                        -0.408144832012834,
                        1.5534823437481964
                    ]
                ],
                "mui": [
                    1.0,
                    -0.9445350590015493,
                    -0.18649337135586308,
                    1.8782282272505078
                ],
                "Ai": [
                    [
                        0.0,
                        0.0,
                        0.0,
                        0.0
                    ],
                    [
                        -0.9445350590015493,
                        0.0,
                        0.0,
                        0.0
                    ],
                    [
                        -0.9778927606016444,
                        -0.8378719050220911,
                        0.0,
                        0.0
                    ],
                    [
                        0.920902119270628,
                        -0.8806026190346246,
                        -0.6733003985084758,
                        0.0
                    ]
                ]
            },
            "est_params": {
                "mui": [
                    0.999999661633683,
                    -0.9464009900852306,
                    -0.18646977921307467,
                    1.8793083406045719
                ],
                "Si": [
                    [
                        1.0113956308054775e-06,
                        1.745812172288561e-07,
                        -2.9907410229661743e-07,
                        2.5988900377076744e-07
                    ],
                    [
                        1.7458121722885617e-07,
                        1.0050871920075028,
                        -0.840168997367835,
                        -0.32103977187771593
                    ],
                    [
                        -2.9907410229661754e-07,
                        -0.840168997367835,
                        1.6994242874192234,
                        -0.400058048828749
                    ],
                    [
                        2.598890037707674e-07,
                        -0.32103977187771593,
                        -0.400058048828749,
                        1.5526273188554356
                    ]
                ]
            },
            "est_tgt": [
                0
            ],
            "oracle_est_tgt": [
                0
            ]
        },
        "obs": {
            "intv_type": "obs",
            "noise_type": "gaussian",
            "obs_noise_gamma_shape": 2.0,