{
    "expt_args": {
        "save_dir": "all_expt_logs/expt_logs_sim_compsel_n48",
        "exp_name": "134",
        "num_nodes": 4,
        "num_tgt_prior": 5,
        "obs_noise_mean": 0.0,
        "obs_noise_var": 1.0,
        "obs_noise_gamma_shape": 2.0,
        "noise_type": "gaussian",
        "max_edge_strength": 1.0,
        "graph_sparsity_method": "adj_dense_prop",
        "adj_dense_prop": 0.8,
        "num_parents": null,
        "new_noise_mean": 1.0,
        "mix_samples": 4096,
        "stage2_samples": 4096,
        "gmm_tol": 0.001,
        "intv_type": "do",
        "new_noise_var": null,
        "dtype": "simulation",
        "cutoff_drop_ratio": 0.07,
        "intv_targets": [
            2,
            0
        ]
    },
    "intv_args_dict": {
        "2": {
            "intv_type": "do",
            "inode": 2,
            "new_mui": 1.0,
            "new_vari": null,
            "noise_type": "gaussian",
            "obs_noise_gamma_shape": 2.0,
            "true_params": {
                "Si": [
                    [
                        1.0,
                        0.9155377503527615,
                        0.0,
                        0.7709850255619242
                    ],
                    [
                        0.9155377503527615,
                        1.8382093723209953,
                        0.0,
                        1.5479775676764878
                    ],
                    [
                        0.0,
                        0.0,
                        1e-09,
                        -5.877170696515721e-10
                    ],
                    [
                        0.7709850255619242,
                        1.5479775676764878,
                        -5.877170696515721e-10,
                        2.3035699777979985
                    ]
                ],
                "mui": [
                    0.0,
                    0.0,
                    1.0,
                    -0.587717069651572
                ],
                "Ai": [
                    [
                        0.0,
                        0.0,
                        0.0,
                        0.0
                    ],
                    [
                        0.9155377503527615,
                        0.0,
                        0.0,
                        0.0
                    ],
                    [
                        0.0,
                        0.0,
                        0.0,
                        0.0
                    ],
                    [
                        0.0,
                        0.8421116718178574,
                        -0.587717069651572,
                        0.0
                    ]
                ]
            },
            "est_params": {
                "mui": [
                    0.01367321880084579,
                    0.044571781543394993,
                    1.000000078666195,
                    -0.5900963872686912
                ],
                "Si": [
                    [
                        1.0115347979481832,
                        0.9529234992624886,
                        -2.791765176835629e-06,
                        0.8598193655795944
                    ],
                    [
                        0.9529234992624886,
                        1.8773720729980623,
                        -1.868779270935039e-06,
                        1.5875521670450976
                    ],
                    [
                        -2.7917651768356293e-06,
                        -1.8687792709350394e-06,
                        1.01081732216159e-06,
                        -3.5854520175739306e-06
                    ],
                    [
                        0.8598193655795944,
                        1.5875521670450976,
                        -3.58545201757393e-06,
                        2.361347678911377
                    ]
                ]
            },
            "est_tgt": [
                1,
                2,
                3
            ],
            "oracle_est_tgt": [
                1,
                2,
                3
            ]
        },
        "0": {
            "intv_type": "do",
            "inode": 0,
            "new_mui": 1.0,
            "new_vari": null,
            "noise_type": "gaussian",
            "obs_noise_gamma_shape": 2.0,
            "true_params": {
                "Si": [
                    [
                        1e-09,
                        9.155377503527615e-10,
                        7.675453932685437e-10,
                        3.198854962055723e-10
                    ],
                    [
                        9.155377503527615e-10,
                        1.0000000008382093,
                        0.8383547195254025,
                        0.3493962934356882
                    ],
                    [
                        7.675453932685437e-10,
                        0.8383547195254025,
                        1.7028386351613904,
                        -0.294799038310607
                    ],
                    [
                        3.198854962055723e-10,
                        0.3493962934356882,
                        -0.294799038310607,
                        1.4674891237241015
                    ]
                ],
                "mui": [
                    1.0,
                    0.9155377503527615,
                    0.7675453932685437,
                    0.3198854962055723
                ],
                "Ai": [
                    [
                        0.0,
                        0.0,
                        0.0,
                        0.0
                    ],
                    [
                        0.9155377503527615,
                        0.0,
                        0.0,
                        0.0
                    ],
                    [
                        -0.0,
                        0.8383547188226858,
                        0.0,
                        0.0
                    ],
                    [
                        0.0,
                        0.8421116718178574,
                        -0.587717069651572,
                        0.0
                    ]
                ]
            },
            "est_params": {
                "mui": [
                    1.0000007704677132,
                    0.9438966286104081,
                    0.7684538553630084,
                    0.3810011362279421
                ],
                "Si": [
                    [
                        1.0051428749526025e-06,
                        2.4733735720130716e-06,
                        1.3816287944558506e-06,
                        -6.069670265168593e-07
                    ],
                    [
                        2.4733735720130716e-06,
                        0.9813178594485401,
                        0.7964465044794721,
                        0.40035957103409464
                    ],
                    [
                        1.381628794455851e-06,
                        0.7964465044794721,
                        1.6888424811005798,
                        -0.21982552967454655
                    ],
                    [
                        -6.069670265168592e-07,
                        0.40035957103409464,
                        -0.21982552967454655,
                        1.389436908617043
                    ]
                ]
            },
            "est_tgt": [
                0,
                1,
                2,
                3
            ],
            "oracle_est_tgt": [
                0,
                1,
                2,
                3
            ]
        },
        "obs": {
            "intv_type": "obs",
            "noise_type": "gaussian",
            "obs_noise_gamma_shape": 2.0,