{
    "expt_args": {
        "save_dir": "all_expt_logs/expt_logs_sim_compsel_n48",
        "exp_name": "25",
        "num_nodes": 4,
        "num_tgt_prior": 5,
        "obs_noise_mean": 0.0,
        "obs_noise_var": 1.0,
        "obs_noise_gamma_shape": 2.0,
        "noise_type": "gaussian",
        "max_edge_strength": 1.0,
        "graph_sparsity_method": "adj_dense_prop",
        "adj_dense_prop": 0.8,
        "num_parents": null,
        "new_noise_mean": 1.0,
        "mix_samples": 8192,
        "stage2_samples": 8192,
        "gmm_tol": 0.001,
        "intv_type": "do",
        "new_noise_var": null,
        "dtype": "simulation",
        "cutoff_drop_ratio": 0.07,
        "intv_targets": [
            3,
            0
        ]
    },
    "intv_args_dict": {
        "3": {
            "intv_type": "do",
            "inode": 3,
            "new_mui": 1.0,
            "new_vari": null,
            "noise_type": "gaussian",
            "obs_noise_gamma_shape": 2.0,
            "true_params": {
                "Si": [
                    [
                        1.0,
                        0.8479027682359028,
                        0.6497469086078208,
                        0.0
                    ],
                    [
                        0.8479027682359028,
                        1.7189391043821072,
                        0.5509222024612914,
                        0.0
                    ],
                    [
                        0.6497469086078208,
                        0.5509222024612914,
                        1.42217104524542,
                        0.0
                    ],
                    [
                        0.0,
                        0.0,
                        0.0,
                        1e-09
                    ]
                ],
                "mui": [
                    0.0,
                    0.0,
                    0.0,
                    1.0
                ],
                "Ai": [
                    [
                        0.0,
                        0.0,
                        0.0,
                        0.0
                    ],
                    [
                        0.8479027682359028,
                        0.0,
                        0.0,
                        0.0
                    ],
                    [
                        0.6497469086078208,
                        -0.0,
                        0.0,
                        0.0
                    ],
                    [
                        0.0,
                        0.0,
                        0.0,
                        0.0
                    ]
                ]
            },
            "est_params": {
                "mui": [
                    -0.028396025473852168,
                    -0.033303169357711083,
                    -0.018052565008948047,
                    1.0000034154207953
                ],
                "Si": [
                    [
                        0.9539739163626223,
                        0.805396765094204,
                        0.6266316330748531,
                        -1.2917834677495646e-06
                    ],
                    [
                        0.8053967650942038,
                        1.6823077838415252,
                        0.5098000700981432,
                        1.0288291338757092e-06
                    ],
                    [
                        0.6266316330748531,
                        0.5098000700981432,
                        1.3827132915249356,
                        -3.252339089466049e-06
                    ],
                    [
                        -1.2917834677495646e-06,
                        1.028829133875709e-06,
                        -3.252339089466049e-06,
                        1.0135740757465344e-06
                    ]
                ]
            },
            "est_tgt": [
                3
            ],
            "oracle_est_tgt": [
                3
            ]
        },
        "0": {
            "intv_type": "do",
            "inode": 0,
            "new_mui": 1.0,
            "new_vari": null,
            "noise_type": "gaussian",
            "obs_noise_gamma_shape": 2.0,
            "true_params": {
                "Si": [
                    [
                        1e-09,
                        8.479027682359029e-10,
                        6.497469086078208e-10,
                        -1.2994203255740957e-10
                    ],
                    [
                        8.479027682359029e-10,
                        1.0000000007189391,
                        5.509222024612915e-10,
                        -1.1017820911562737e-10
                    ],
                    [
                        6.497469086078208e-10,
                        5.509222024612915e-10,
                        1.000000000422171,
                        -0.984235199203804
                    ],
                    [
                        -1.2994203255740957e-10,
                        -1.1017820911562738e-10,
                        -0.984235199203804,
                        1.9687189272024397
                    ]
                ],
                "mui": [
                    1.0,
                    0.8479027682359028,
                    0.6497469086078208,
                    -0.12994203255740955
                ],
                "Ai": [
                    [
                        0.0,
                        0.0,
                        0.0,
                        0.0
                    ],
                    [
                        0.8479027682359028,
                        0.0,
                        0.0,
                        0.0
                    ],
                    [
                        0.6497469086078208,
                        -0.0,
                        0.0,
                        0.0
                    ],
                    [
                        0.509561745413407,
                        -0.0,
                        -0.9842351991193745,
                        0.0
                    ]
                ]
            },
            "est_params": {
                "mui": [
                    1.000004369425129,
                    0.8271102753169064,
                    0.6810626123528568,
                    -0.15693966979032645
                ],
                "Si": [
                    [
                        1.010605405431676e-06,
                        1.1725697061594345e-07,
                        -6.823658052023408e-07,
                        -4.6836282021189377e-07
                    ],
                    [
                        1.1725697061594337e-07,
                        0.973091052025052,
                        -0.005778806997732519,
                        0.026847296299809236
                    ],
                    [
                        -6.823658052023408e-07,
                        -0.0057788069977325225,
                        0.9489347646018175,
                        -0.9363771891872565
                    ],
                    [
                        -4.683628202118933e-07,
                        0.026847296299809247,
                        -0.9363771891872565,
                        1.9425611748304579
                    ]
                ]
            },
            "est_tgt": [
                0
            ],
            "oracle_est_tgt": [
                0
            ]
        },
        "obs": {
            "intv_type": "obs",
            "noise_type": "gaussian",
            "obs_noise_gamma_shape": 2.0,