{
    "expt_args": {
        "save_dir": "all_expt_logs/expt_logs_sim_compsel_n48",
        "exp_name": "96",
        "num_nodes": 4,
        "num_tgt_prior": 5,
        "obs_noise_mean": 0.0,
        "obs_noise_var": 1.0,
        "obs_noise_gamma_shape": 2.0,
        "noise_type": "gaussian",
        "max_edge_strength": 1.0,
        "graph_sparsity_method": "adj_dense_prop",
        "adj_dense_prop": 0.8,
        "num_parents": null,
        "new_noise_mean": 1.0,
        "mix_samples": 262144,
        "stage2_samples": 262144,
        "gmm_tol": 0.001,
        "intv_type": "do",
        "new_noise_var": null,
        "dtype": "simulation",
        "cutoff_drop_ratio": 0.07,
        "intv_targets": [
            1,
            3
        ]
    },
    "intv_args_dict": {
        "1": {
            "intv_type": "do",
            "inode": 1,
            "new_mui": 1.0,
            "new_vari": null,
            "noise_type": "gaussian",
            "obs_noise_gamma_shape": 2.0,
            "true_params": {
                "Si": [
                    [
                        1.0,
                        0.0,
                        -0.8723331324971337,
                        1.4025397197287761
                    ],
                    [
                        0.0,
                        1e-09,
                        -7.923257267131207e-10,
                        1.442093449750081e-09
                    ],
                    [
                        -0.8723331324971337,
                        -7.923257267131207e-10,
                        1.760965094680042,
                        -1.9807900115877028
                    ],
                    [
                        1.4025397197287761,
                        1.442093449750081e-09,
                        -1.9807900115877028,
                        3.5406332913784038
                    ]
                ],
                "mui": [
                    0.0,
                    1.0,
                    -0.7923257267131206,
                    1.442093449750081
                ],
                "Ai": [
                    [
                        0.0,
                        0.0,
                        0.0,
                        0.0
                    ],
                    [
                        0.0,
                        0.0,
                        0.0,
                        0.0
                    ],
                    [
                        -0.8723331324971337,
                        -0.7923257267131206,
                        0.0,
                        0.0
                    ],
                    [
                        0.7419147348336173,
                        0.8420587247780579,
                        -0.7573081432824398,
                        0.0
                    ]
                ]
            },
            "est_params": {
                "mui": [
                    0.004984584305308104,
                    1.0000003480502127,
                    -0.7972903367052487,
                    1.453795408438308
                ],
                "Si": [
                    [
                        1.0066076352209932,
                        -1.0415439142857177e-07,
                        -0.8769531793965565,
                        1.416276791532811
                    ],
                    [
                        -1.0415439142857197e-07,
                        1.0098879210267175e-06,
                        -8.399841579811218e-08,
                        -3.595203900368439e-07
                    ],
                    [
                        -0.8769531793965565,
                        -8.399841579811206e-08,
                        1.7627273733154247,
                        -1.9813900836635563
                    ],
                    [
                        1.416276791532811,
                        -3.595203900368441e-07,
                        -1.9813900836635563,
                        3.5527866253881197
                    ]
                ]
            },
            "est_tgt": [
                1
            ],
            "oracle_est_tgt": [
                1
            ]
        },
        "3": {
            "intv_type": "do",
            "inode": 3,
            "new_mui": 1.0,
            "new_vari": null,
            "noise_type": "gaussian",
            "obs_noise_gamma_shape": 2.0,
            "true_params": {
                "Si": [
                    [
                        1.0,
                        -0.5421198423308631,
                        -0.44279763445673026,
                        0.0
                    ],
                    [
                        -0.5421198423308631,
                        1.2938939234488398,
                        -0.5522763429369588,
                        0.0
                    ],
                    [
                        -0.44279763445673026,
                        -0.5522763429369588,
                        1.8238498022919507,
                        0.0
                    ],
                    [
                        0.0,
                        0.0,
                        0.0,
                        1e-09
                    ]
                ],
                "mui": [
                    0.0,
                    0.0,
                    0.0,
                    1.0
                ],
                "Ai": [
                    [
                        0.0,
                        0.0,
                        0.0,
                        0.0
                    ],
                    [
                        -0.5421198423308631,
                        0.0,
                        0.0,
                        0.0
                    ],
                    [
                        -0.8723331324971337,
                        -0.7923257267131206,
                        0.0,
                        0.0
                    ],
                    [
                        0.0,
                        0.0,
                        0.0,
                        0.0
                    ]
                ]
            },
            "est_params": {
                "mui": [
                    -0.0013357113911867601,
                    0.0009018453169023265,
                    -0.0051687740061375845,
                    0.9999996771211651
                ],
                "Si": [
                    [
                        0.9973221891317751,
                        -0.5387348567232831,
                        -0.44354216638656435,
                        1.85971184648229e-08
                    ],
                    [
                        -0.5387348567232831,
                        1.2977538927487364,
                        -0.5623441373167549,
                        -1.0666297780067357e-07
                    ],
                    [
                        -0.4435421663865643,
                        -0.5623441373167549,
                        1.8406388850909694,
                        1.7834643421965413e-07
                    ],
                    [
                        1.8597118464822845e-08,
                        -1.0666297780067351e-07,
                        1.7834643421965427e-07,
                        1.0076973045250118e-06
                    ]
                ]
            },
            "est_tgt": [
                3
            ],
            "oracle_est_tgt": [
                3
            ]
        },
        "obs": {
            "intv_type": "obs",
            "noise_type": "gaussian",
            "obs_noise_gamma_shape": 2.0,