{
    "expt_args": {
        "save_dir": "all_expt_logs/expt_logs_sim_compsel_n48",
        "exp_name": "201",
        "num_nodes": 4,
        "num_tgt_prior": 5,
        "obs_noise_mean": 0.0,
        "obs_noise_var": 1.0,
        "obs_noise_gamma_shape": 2.0,
        "noise_type": "gaussian",
        "max_edge_strength": 1.0,
        "graph_sparsity_method": "adj_dense_prop",
        "adj_dense_prop": 0.8,
        "num_parents": null,
        "new_noise_mean": 1.0,
        "mix_samples": 8192,
        "stage2_samples": 8192,
        "gmm_tol": 0.001,
        "intv_type": "do",
        "new_noise_var": null,
        "dtype": "simulation",
        "cutoff_drop_ratio": 0.07,
        "intv_targets": [
            2,
            1
        ]
    },
    "intv_args_dict": {
        "2": {
            "intv_type": "do",
            "inode": 2,
            "new_mui": 1.0,
            "new_vari": null,
            "noise_type": "gaussian",
            "obs_noise_gamma_shape": 2.0,
            "true_params": {
                "Si": [
                    [
                        1.0,
                        -0.5830739850898976,
                        0.0,
                        1.3825411228491469
                    ],
                    [
                        -0.5830739850898976,
                        1.3399752720886142,
                        0.0,
                        -1.7684171124517039
                    ],
                    [
                        0.0,
                        0.0,
                        1e-09,
                        -5.463254327041829e-10
                    ],
                    [
                        1.3825411228491469,
                        -1.7684171124517039,
                        -5.463254327041829e-10,
                        3.837428448894184
                    ]
                ],
                "mui": [
                    0.0,
                    0.0,
                    1.0,
                    -0.5463254327041829
                ],
                "Ai": [
                    [
                        0.0,
                        0.0,
                        0.0,
                        0.0
                    ],
                    [
                        -0.5830739850898976,
                        0.0,
                        0.0,
                        0.0
                    ],
                    [
                        0.0,
                        0.0,
                        0.0,
                        0.0
                    ],
                    [
                        0.8214529042050991,
                        -0.9622933504013902,
                        -0.5463254327041829,
                        0.0
                    ]
                ]
            },
            "est_params": {
                "mui": [
                    0.03288138264640622,
                    -0.010248872071302356,
                    1.000001229463595,
                    -0.5094966112001257
                ],
                "Si": [
                    [
                        1.0508550722791334,
                        -0.6229737144186636,
                        2.42894774768886e-06,
                        1.4962786557426553
                    ],
                    [
                        -0.6229737144186633,
                        1.3403377894038242,
                        -7.993766755428876e-07,
                        -1.8424533527996056
                    ],
                    [
                        2.428947747688859e-06,
                        -7.993766755428872e-07,
                        1.0072323878782151e-06,
                        2.182726286493057e-07
                    ],
                    [
                        1.496278655742655,
                        -1.8424533527996056,
                        2.1827262864930506e-07,
                        4.085445239138937
                    ]
                ]
            },
            "est_tgt": [
                2
            ],
            "oracle_est_tgt": [
                2
            ]
        },
        "1": {
            "intv_type": "do",
            "inode": 1,
            "new_mui": 1.0,
            "new_vari": null,
            "noise_type": "gaussian",
            "obs_noise_gamma_shape": 2.0,
            "true_params": {
                "Si": [
                    [
                        1.0,
                        0.0,
                        0.0,
                        0.8214529042050991
                    ],
                    [
                        0.0,
                        1e-09,
                        0.0,
                        -9.622933504013902e-10
                    ],
                    [
                        0.0,
                        0.0,
                        1.0,
                        -0.5463254327041829
                    ],
                    [
                        0.8214529042050991,
                        -9.622933504013902e-10,
                        -0.5463254327041829,
                        1.9732563531724128
                    ]
                ],
                "mui": [
                    0.0,
                    1.0,
                    0.0,
                    -0.9622933504013902
                ],
                "Ai": [
                    [
                        0.0,
                        0.0,
                        0.0,
                        0.0
                    ],
                    [
                        0.0,
                        0.0,
                        0.0,
                        0.0
                    ],
                    [
                        0.0,
                        0.0,
                        0.0,
                        0.0
                    ],
                    [
                        0.8214529042050991,
                        -0.9622933504013902,
                        -0.5463254327041829,
                        0.0
                    ]
                ]
            },
            "est_params": {
                "mui": [
                    0.010879232849847523,
                    0.9999985287632422,
                    -0.02908314670782855,
                    -0.9444696240651284
                ],
                "Si": [
                    [
                        1.0091998264669084,
                        -1.4991852228985797e-06,
                        0.021582964318425248,
                        0.8203739652397102
                    ],
                    [
                        -1.4991852228985793e-06,
                        1.0082143167751427e-06,
                        1.1931938350711413e-06,
                        1.376506498951964e-06
                    ],
                    [
                        0.021582964318425248,
                        1.1931938350711421e-06,
                        1.0046621607951154,
                        -0.512680570895328
                    ],
                    [
                        0.8203739652397102,
                        1.3765064989519637e-06,
                        -0.512680570895328,
                        1.9502971509795708
                    ]
                ]
            },
            "est_tgt": [
                1
            ],
            "oracle_est_tgt": [
                1
            ]
        },
        "obs": {
            "intv_type": "obs",
            "noise_type": "gaussian",
            "obs_noise_gamma_shape": 2.0,