{
    "expt_args": {
        "save_dir": "all_expt_logs/expt_logs_sim_compsel_n48",
        "exp_name": "28",
        "num_nodes": 4,
        "num_tgt_prior": 5,
        "obs_noise_mean": 0.0,
        "obs_noise_var": 1.0,
        "obs_noise_gamma_shape": 2.0,
        "noise_type": "gaussian",
        "max_edge_strength": 1.0,
        "graph_sparsity_method": "adj_dense_prop",
        "adj_dense_prop": 0.8,
        "num_parents": null,
        "new_noise_mean": 1.0,
        "mix_samples": 65536,
        "stage2_samples": 65536,
        "gmm_tol": 0.001,
        "intv_type": "do",
        "new_noise_var": null,
        "dtype": "simulation",
        "cutoff_drop_ratio": 0.07,
        "intv_targets": [
            0,
            3
        ]
    },
    "intv_args_dict": {
        "0": {
            "intv_type": "do",
            "inode": 0,
            "new_mui": 1.0,
            "new_vari": null,
            "noise_type": "gaussian",
            "obs_noise_gamma_shape": 2.0,
            "true_params": {
                "Si": [
                    [
                        1e-09,
                        8.479027682359029e-10,
                        6.497469086078208e-10,
                        -1.2994203255740957e-10
                    ],
                    [
                        8.479027682359029e-10,
                        1.0000000007189391,
                        5.509222024612915e-10,
                        -1.1017820911562737e-10
                    ],
                    [
                        6.497469086078208e-10,
                        5.509222024612915e-10,
                        1.000000000422171,
                        -0.984235199203804
                    ],
                    [
                        -1.2994203255740957e-10,
                        -1.1017820911562738e-10,
                        -0.984235199203804,
                        1.9687189272024397
                    ]
                ],
                "mui": [
                    1.0,
                    0.8479027682359028,
                    0.6497469086078208,
                    -0.12994203255740955
                ],
                "Ai": [
                    [
                        0.0,
                        0.0,
                        0.0,
                        0.0
                    ],
                    [
                        0.8479027682359028,
                        0.0,
                        0.0,
                        0.0
                    ],
                    [
                        0.6497469086078208,
                        -0.0,
                        0.0,
                        0.0
                    ],
                    [
                        0.509561745413407,
                        -0.0,
                        -0.9842351991193745,
                        0.0
                    ]
                ]
            },
            "est_params": {
                "mui": [
                    0.9999996363889744,
                    0.8530988704344363,
                    0.6569394418806885,
                    -0.13259903098107284
                ],
                "Si": [
                    [
                        1.010873991557333e-06,
                        -4.670948058999395e-07,
                        1.2341351985060136e-07,
                        -8.195302344545433e-07
                    ],
                    [
                        -4.6709480589993936e-07,
                        1.0078133899678487,
                        0.00045348511906924687,
                        0.004245602948811418
                    ],
                    [
                        1.234135198506013e-07,
                        0.0004534851190692489,
                        0.9916737116337813,
                        -0.9713575995626795
                    ],
                    [
                        -8.195302344545433e-07,
                        0.0042456029488114255,
                        -0.9713575995626795,
                        1.9594325575372729
                    ]
                ]
            },
            "est_tgt": [
                0
            ],
            "oracle_est_tgt": [
                0
            ]
        },
        "3": {
            "intv_type": "do",
            "inode": 3,
            "new_mui": 1.0,
            "new_vari": null,
            "noise_type": "gaussian",
            "obs_noise_gamma_shape": 2.0,
            "true_params": {
                "Si": [
                    [
                        1.0,
                        0.8479027682359028,
                        0.6497469086078208,
                        0.0
                    ],
                    [
                        0.8479027682359028,
                        1.7189391043821072,
                        0.5509222024612914,
                        0.0
                    ],
                    [
                        0.6497469086078208,
                        0.5509222024612914,
                        1.42217104524542,
                        0.0
                    ],
                    [
                        0.0,
                        0.0,
                        0.0,
                        1e-09
                    ]
                ],
                "mui": [
                    0.0,
                    0.0,
                    0.0,
                    1.0
                ],
                "Ai": [
                    [
                        0.0,
                        0.0,
                        0.0,
                        0.0
                    ],
                    [
                        0.8479027682359028,
                        0.0,
                        0.0,
                        0.0
                    ],
                    [
                        0.6497469086078208,
                        -0.0,
                        0.0,
                        0.0
                    ],
                    [
                        0.0,
                        0.0,
                        0.0,
                        0.0
                    ]
                ]
            },
            "est_params": {
                "mui": [
                    0.003939890879301285,
                    -0.0014317929169032594,
                    0.00990371455874752,
                    1.0000002171321822
                ],
                "Si": [
                    [
                        1.0116133787629067,
                        0.8405896204520599,
                        0.6498760997850292,
                        -6.476530258982647e-07
                    ],
                    [
                        0.8405896204520599,
                        1.7077420040012736,
                        0.5320729116541475,
                        7.917591171443271e-08
                    ],
                    [
                        0.6498760997850292,
                        0.5320729116541475,
                        1.4181622587178773,
                        -4.639435068658056e-08
                    ],
                    [
                        -6.476530258982648e-07,
                        7.917591171443272e-08,
                        -4.63943506865805e-08,
                        1.0081239601526256e-06
                    ]
                ]
            },
            "est_tgt": [
                2,
                3
            ],
            "oracle_est_tgt": [
                3
            ]
        },
        "obs": {
            "intv_type": "obs",
            "noise_type": "gaussian",
            "obs_noise_gamma_shape": 2.0,