{
    "expt_args": {
        "save_dir": "all_expt_logs/expt_logs_sim_compsel_n48",
        "exp_name": "9",
        "num_nodes": 4,
        "num_tgt_prior": 5,
        "obs_noise_mean": 0.0,
        "obs_noise_var": 1.0,
        "obs_noise_gamma_shape": 2.0,
        "noise_type": "gaussian",
        "max_edge_strength": 1.0,
        "graph_sparsity_method": "adj_dense_prop",
        "adj_dense_prop": 0.8,
        "num_parents": null,
        "new_noise_mean": 1.0,
        "mix_samples": 524288,
        "stage2_samples": 524288,
        "gmm_tol": 0.001,
        "intv_type": "do",
        "new_noise_var": null,
        "dtype": "simulation",
        "cutoff_drop_ratio": 0.07,
        "intv_targets": [
            0,
            3
        ]
    },
    "intv_args_dict": {
        "0": {
            "intv_type": "do",
            "inode": 0,
            "new_mui": 1.0,
            "new_vari": null,
            "noise_type": "gaussian",
            "obs_noise_gamma_shape": 2.0,
            "true_params": {
                "Si": [
                    [
                        1e-09,
                        8.479027682359029e-10,
                        6.497469086078208e-10,
                        -1.2994203255740957e-10
                    ],
                    [
                        8.479027682359029e-10,
                        1.0000000007189391,
                        5.509222024612915e-10,
                        -1.1017820911562737e-10
                    ],
                    [
                        6.497469086078208e-10,
                        5.509222024612915e-10,
                        1.000000000422171,
                        -0.984235199203804
                    ],
                    [
                        -1.2994203255740957e-10,
                        -1.1017820911562738e-10,
                        -0.984235199203804,
                        1.9687189272024397
                    ]
                ],
                "mui": [
                    1.0,
                    0.8479027682359028,
                    0.6497469086078208,
                    -0.12994203255740955
                ],
                "Ai": [
                    [
                        0.0,
                        0.0,
                        0.0,
                        0.0
                    ],
                    [
                        0.8479027682359028,
                        0.0,
                        0.0,
                        0.0
                    ],
                    [
                        0.6497469086078208,
                        -0.0,
                        0.0,
                        0.0
                    ],
                    [
                        0.509561745413407,
                        -0.0,
                        -0.9842351991193745,
                        0.0
                    ]
                ]
            },
            "est_params": {
                "mui": [
                    1.0000002127708076,
                    0.8516868986652152,
                    0.6481993382377262,
                    -0.12474622184709953
                ],
                "Si": [
                    [
                        1.0110304967024902e-06,
                        -8.953310939564579e-08,
                        6.488073169530143e-08,
                        -1.0119308221501156e-07
                    ],
                    [
                        -8.953310939564591e-08,
                        1.0069767099694664,
                        -0.0018322888725987748,
                        0.002374123859246475
                    ],
                    [
                        6.488073169530147e-08,
                        -0.0018322888725987754,
                        1.0000521648998753,
                        -0.9787562414986101
                    ],
                    [
                        -1.011930822150116e-07,
                        0.0023741238592464775,
                        -0.9787562414986101,
                        1.956799345006597
                    ]
                ]
            },
            "est_tgt": [
                0
            ],
            "oracle_est_tgt": [
                0
            ]
        },
        "3": {
            "intv_type": "do",
            "inode": 3,
            "new_mui": 1.0,
            "new_vari": null,
            "noise_type": "gaussian",
            "obs_noise_gamma_shape": 2.0,
            "true_params": {
                "Si": [
                    [
                        1.0,
                        0.8479027682359028,
                        0.6497469086078208,
                        0.0
                    ],
                    [
                        0.8479027682359028,
                        1.7189391043821072,
                        0.5509222024612914,
                        0.0
                    ],
                    [
                        0.6497469086078208,
                        0.5509222024612914,
                        1.42217104524542,
                        0.0
                    ],
                    [
                        0.0,
                        0.0,
                        0.0,
                        1e-09
                    ]
                ],
                "mui": [
                    0.0,
                    0.0,
                    0.0,
                    1.0
                ],
                "Ai": [
                    [
                        0.0,
                        0.0,
                        0.0,
                        0.0
                    ],
                    [
                        0.8479027682359028,
                        0.0,
                        0.0,
                        0.0
                    ],
                    [
                        0.6497469086078208,
                        -0.0,
                        0.0,
                        0.0
                    ],
                    [
                        0.0,
                        0.0,
                        0.0,
                        0.0
                    ]
                ]
            },
            "est_params": {
                "mui": [
                    -0.0023463175793082755,
                    -0.0019287002332987403,
                    -0.006084446929426841,
                    1.0000000002636382
                ],
                "Si": [
                    [
                        1.0001105610766587,
                        0.8445607988269116,
                        0.6507776418639059,
                        7.614837607699824e-09
                    ],
                    [
                        0.8445607988269116,
                        1.7128856226056783,
                        0.5503730181743018,
                        -1.3492369134751246e-07
                    ],
                    [
                        0.6507776418639059,
                        0.5503730181743018,
                        1.4236520348194377,
                        9.975168288046566e-09
                    ],
                    [
                        7.614837607699705e-09,
                        -1.3492369134751251e-07,
                        9.975168288046561e-09,
                        1.00941158910353e-06
                    ]
                ]
            },
            "est_tgt": [
                3
            ],
            "oracle_est_tgt": [
                3
            ]
        },
        "obs": {
            "intv_type": "obs",
            "noise_type": "gaussian",
            "obs_noise_gamma_shape": 2.0,