{
    "expt_args": {
        "save_dir": "all_expt_logs/expt_logs_11.05.24-main_plus_oracle",
        "exp_name": "97",
        "num_nodes": 4,
        "obs_noise_mean": 0.0,
        "obs_noise_var": 1.0,
        "max_edge_strength": 1.0,
        "graph_sparsity_method": "adj_dense_prop",
        "adj_dense_prop": 0.8,
        "num_parents": null,
        "new_noise_mean": 1.0,
        "mix_samples": 2048,
        "stage2_samples": 2048,
        "gmm_tol": 0.001,
        "intv_type": "do",
        "new_noise_sigma": 0.0,
        "intv_targets": [
            0,
            1,
            2,
            3
        ]
    },
    "intv_args_dict": {
        "0": {
            "intv_type": "do",
            "inode": 0,
            "new_mui": 1.0,
            "new_sigmai": 0.0,
            "true_params": {
                "Si": [
                    [
                        0.0,
                        0.0,
                        0.0,
                        0.0
                    ],
                    [
                        0.0,
                        1.0,
                        0.6779246527237752,
                        -0.6645759409459018
                    ],
                    [
                        0.0,
                        0.6779246527237752,
                        1.4595818347706513,
                        -0.45053241397432664
                    ],
                    [
                        0.0,
                        -0.6645759409459018,
                        -0.45053241397432664,
                        1.4416611812841307
                    ]
                ],
                "mui": [
                    1.0,
                    0.8381252118608535,
                    0.5681857431898096,
                    0.13528851991456325
                ],
                "Ai": [
                    [
                        0.0,
                        0.0,
                        0.0,
                        0.0
                    ],
                    [
                        0.8381252118608535,
                        0.0,
                        0.0,
                        0.0
                    ],
                    [
                        -0.0,
                        0.6779246527237752,
                        0.0,
                        0.0
                    ],
                    [
                        0.6922863712174733,
                        -0.6645759409459018,
                        0.0,
                        0.0
                    ]
                ]
            },
            "est_params": {
                "mui": [
                    0.9999898700143147,
                    0.8628124297643995,
                    0.5932057060665964,
                    0.1991515286932254
                ],
                "Si": [
                    [
                        1.0398245385373097e-06,
                        -2.327630003322198e-05,
                        -3.224787299906102e-05,
                        1.213496085160767e-05
                    ],
                    [
                        -2.3276300033221977e-05,
                        1.0139842132295318,
                        0.7827178195685093,
                        -0.6003066449988215
                    ],
                    [
                        -3.224787299906101e-05,
                        0.7827178195685093,
                        1.5567375680967517,
                        -0.5308775403497075
                    ],
                    [
                        1.213496085160767e-05,
                        -0.6003066449988215,
                        -0.5308775403497075,
                        1.3513293149696795
                    ]
                ]
            },
            "est_tgt": [
                0
            ],
            "oracle_est_tgt": [
                0,
                1
            ]
        },
        "1": {
            "intv_type": "do",
            "inode": 1,
            "new_mui": 1.0,
            "new_sigmai": 0.0,
            "true_params": {
                "Si": [
                    [
                        1.0,
                        0.0,
                        0.0,
                        0.6922863712174733
                    ],
                    [
                        0.0,
                        0.0,
                        0.0,
                        0.0
                    ],
                    [
                        0.0,
                        0.0,
                        1.0,
                        0.0
                    ],
                    [
                        0.6922863712174733,
                        0.0,
                        0.0,
                        1.4792604197734571
                    ]
                ],
                "mui": [
                    0.0,
                    1.0,
                    0.6779246527237752,
                    -0.6645759409459018
                ],
                "Ai": [
                    [
                        0.0,
                        0.0,
                        0.0,
                        0.0
                    ],
                    [
                        0.0,
                        0.0,
                        0.0,
                        0.0
                    ],
                    [
                        -0.0,
                        0.6779246527237752,
                        0.0,
                        0.0
                    ],
                    [
                        0.6922863712174733,
                        -0.6645759409459018,
                        0.0,
                        0.0
                    ]
                ]
            },
            "est_params": {
                "mui": [
                    -0.04704414653603356,
                    1.0000005489197348,
                    0.6971476223481582,
                    -0.7164443557059552
                ],
                "Si": [
                    [
                        1.0253962745313074,
                        5.747407001233965e-07,
                        -0.030318888850257127,
                        0.6686435116682773
                    ],
                    [
                        5.747407001233965e-07,
                        1.0008751409122903e-06,
                        -3.151281816784952e-08,
                        2.1833629429683397e-07
                    ],
                    [
                        -0.030318888850257127,
                        -3.151281816784951e-08,
                        1.0305300307343834,
                        -0.02668478868686622
                    ],
                    [
                        0.6686435116682773,
                        2.1833629429683397e-07,
                        -0.026684788686866204,
                        1.5078751970320405
                    ]
                ]
            },
            "est_tgt": [
                1,
                3
            ],
            "oracle_est_tgt": [
                1,
                2,
                3
            ]
        },
        "2": {
            "intv_type": "do",
            "inode": 2,
            "new_mui": 1.0,
            "new_sigmai": 0.0,