{
    "expt_args": {
        "save_dir": "all_expt_logs/expt_logs_11.05.24-main_plus_oracle",
        "exp_name": "123",
        "num_nodes": 4,
        "obs_noise_mean": 0.0,
        "obs_noise_var": 1.0,
        "max_edge_strength": 1.0,
        "graph_sparsity_method": "adj_dense_prop",
        "adj_dense_prop": 0.8,
        "num_parents": null,
        "new_noise_mean": 1.0,
        "mix_samples": 8192,
        "stage2_samples": 8192,
        "gmm_tol": 0.001,
        "intv_type": "do",
        "new_noise_sigma": 0.0,
        "intv_targets": [
            0,
            1,
            2,
            3
        ]
    },
    "intv_args_dict": {
        "0": {
            "intv_type": "do",
            "inode": 0,
            "new_mui": 1.0,
            "new_sigmai": 0.0,
            "true_params": {
                "Si": [
                    [
                        0.0,
                        0.0,
                        0.0,
                        0.0
                    ],
                    [
                        0.0,
                        1.0,
                        0.8120307190863483,
                        0.15815760801426026
                    ],
                    [
                        0.0,
                        0.8120307190863483,
                        1.659393888739892,
                        -0.7929525094682655
                    ],
                    [
                        0.0,
                        0.15815760801426026,
                        -0.7929525094682655,
                        1.8739574130533843
                    ]
                ],
                "mui": [
                    1.0,
                    0.8725990630680458,
                    0.10335869499447081,
                    0.06467827598070908
                ],
                "Ai": [
                    [
                        0.0,
                        0.0,
                        0.0,
                        0.0
                    ],
                    [
                        0.8725990630680458,
                        0.0,
                        0.0,
                        0.0
                    ],
                    [
                        -0.6052185496627482,
                        0.8120307190863483,
                        0.0,
                        0.0
                    ],
                    [
                        -0.6309669862799707,
                        0.9063475646614227,
                        -0.921381345633062,
                        0.0
                    ]
                ]
            },
            "est_params": {
                "mui": [
                    1.0000015068834205,
                    0.8912969320520516,
                    0.11792498220807635,
                    0.11143703689726576
                ],
                "Si": [
                    [
                        1.0036309787574026e-06,
                        -2.1059988238422204e-06,
                        -6.297205525669031e-08,
                        -3.1788347938477024e-06
                    ],
                    [
                        -2.1059988238422204e-06,
                        1.0053066229059453,
                        0.7950408962282768,
                        0.18579636364198848
                    ],
                    [
                        -6.297205525669031e-08,
                        0.7950408962282768,
                        1.5966810709432366,
                        -0.7805828317565416
                    ],
                    [
                        -3.178834793847702e-06,
                        0.18579636364198848,
                        -0.7805828317565416,
                        1.9054804006402608
                    ]
                ]
            },
            "est_tgt": [
                0
            ],
            "oracle_est_tgt": [
                0,
                1,
                2
            ]
        },
        "1": {
            "intv_type": "do",
            "inode": 1,
            "new_mui": 1.0,
            "new_sigmai": 0.0,
            "true_params": {
                "Si": [
                    [
                        1.0,
                        0.0,
                        -0.6052185496627482,
                        -0.07332990458961763
                    ],
                    [
                        0.0,
                        0.0,
                        0.0,
                        0.0
                    ],
                    [
                        -0.6052185496627482,
                        0.0,
                        1.3662894928558804,
                        -0.8770007271304259
                    ],
                    [
                        -0.07332990458961763,
                        0.0,
                        -0.8770007271304259,
                        1.8543208589877143
                    ]
                ],
                "mui": [
                    0.0,
                    1.0,
                    0.8120307190863483,
                    0.15815760801426026
                ],
                "Ai": [
                    [
                        0.0,
                        0.0,
                        0.0,
                        0.0
                    ],
                    [
                        0.0,
                        0.0,
                        0.0,
                        0.0
                    ],
                    [
                        -0.6052185496627482,
                        0.8120307190863483,
                        0.0,
                        0.0
                    ],
                    [
                        -0.6309669862799707,
                        0.9063475646614227,
                        -0.921381345633062,
                        0.0
                    ]
                ]
            },
            "est_params": {
                "mui": [
                    -0.01995890028328218,
                    1.000000002131966,
                    0.8374904872039803,
                    0.1715839361861004
                ],
                "Si": [
                    [
                        0.9561911093824953,
                        -3.138525362409676e-06,
                        -0.5590497771583711,
                        -0.09124495847446969
                    ],
                    [
                        -3.138525362409676e-06,
                        1.0162505325093087e-06,
                        -1.9024632295660092e-07,
                        9.347540110561701e-08
                    ],
                    [
                        -0.5590497771583711,
                        -1.9024632295660105e-07,
                        1.3437305010682001,
                        -0.8679600966235672
                    ],
                    [
                        -0.09124495847446969,
                        9.347540110561701e-08,
                        -0.8679600966235672,
                        1.8361070577317333
                    ]
                ]
            },
            "est_tgt": [
                1
            ],
            "oracle_est_tgt": [
                1,
                2
            ]
        },
        "2": {
            "intv_type": "do",
            "inode": 2,
            "new_mui": 1.0,
            "new_sigmai": 0.0,