{
    "expt_args": {
        "save_dir": "all_expt_logs/expt_logs_11.05.24-main_plus_oracle",
        "exp_name": "144",
        "num_nodes": 4,
        "obs_noise_mean": 0.0,
        "obs_noise_var": 1.0,
        "max_edge_strength": 1.0,
        "graph_sparsity_method": "adj_dense_prop",
        "adj_dense_prop": 0.8,
        "num_parents": null,
        "new_noise_mean": 1.0,
        "mix_samples": 1024,
        "stage2_samples": 1024,
        "gmm_tol": 0.001,
        "intv_type": "do",
        "new_noise_sigma": 0.0,
        "intv_targets": [
            0,
            1,
            2,
            3
        ]
    },
    "intv_args_dict": {
        "0": {
            "intv_type": "do",
            "inode": 0,
            "new_mui": 1.0,
            "new_sigmai": 0.0,
            "true_params": {
                "Si": [
                    [
                        0.0,
                        0.0,
                        0.0,
                        0.0
                    ],
                    [
                        0.0,
                        1.0,
                        -0.6200563289662598,
                        -1.3401305118857827
                    ],
                    [
                        0.0,
                        -0.6200563289662598,
                        1.3844698510911146,
                        1.445045958926515
                    ],
                    [
                        0.0,
                        -1.3401305118857827,
                        1.445045958926515,
                        3.1730557684711367
                    ]
                ],
                "mui": [
                    1.0,
                    -0.8859112880194785,
                    -0.1966061510211794,
                    1.3197030759063444
                ],
                "Ai": [
                    [
                        0.0,
                        0.0,
                        0.0,
                        0.0
                    ],
                    [
                        -0.8859112880194785,
                        0.0,
                        0.0,
                        0.0
                    ],
                    [
                        -0.7459210520603081,
                        -0.6200563289662598,
                        0.0,
                        0.0
                    ],
                    [
                        0.5905286537320239,
                        -0.9593603977536651,
                        0.6140895533909421,
                        0.0
                    ]
                ]
            },
            "est_params": {
                "mui": [
                    1.0000000000000266,
                    -0.9630475153429394,
                    -0.29498771907647403,
                    1.3823610737425363
                ],
                "Si": [
                    [
                        1.0000000001744868e-06,
                        5.259778849211318e-14,
                        -3.288073581096049e-14,
                        -7.233180423626566e-14
                    ],
                    [
                        5.259778849211318e-14,
                        1.0976864817852716,
                        -0.594243281944651,
                        -1.2796091974657648
                    ],
                    [
                        -3.288073581096049e-14,
                        -0.594243281944651,
                        1.4333359089478417,
                        1.4442190676931632
                    ],
                    [
                        -7.233180423626566e-14,
                        -1.2796091974657648,
                        1.4442190676931632,
                        3.0552905051596246
                    ]
                ]
            },
            "est_tgt": [
                0
            ],
            "oracle_est_tgt": [
                0,
                1,
                2
            ]
        },
        "1": {
            "intv_type": "do",
            "inode": 1,
            "new_mui": 1.0,
            "new_sigmai": 0.0,
            "true_params": {
                "Si": [
                    [
                        1.0,
                        0.0,
                        -0.7459210520603081,
                        0.13246632800740765
                    ],
                    [
                        0.0,
                        0.0,
                        0.0,
                        0.0
                    ],
                    [
                        -0.7459210520603081,
                        0.0,
                        1.5563982159067569,
                        0.5152801306410907
                    ],
                    [
                        0.13246632800740765,
                        0.0,
                        0.5152801306410907,
                        1.3946533076396528
                    ]
                ],
                "mui": [
                    0.0,
                    1.0,
                    -0.6200563289662598,
                    -1.3401305118857827
                ],
                "Ai": [
                    [
                        0.0,
                        0.0,
                        0.0,
                        0.0
                    ],
                    [
                        0.0,
                        0.0,
                        0.0,
                        0.0
                    ],
                    [
                        -0.7459210520603081,
                        -0.6200563289662598,
                        0.0,
                        0.0
                    ],
                    [
                        0.5905286537320239,
                        -0.9593603977536651,
                        0.6140895533909421,
                        0.0
                    ]
                ]
            },
            "est_params": {
                "mui": [
                    -0.05456314210049347,
                    0.9999999977115052,
                    -0.6495743924841775,
                    -1.3785769275510915
                ],
                "Si": [
                    [
                        1.178912109169216,
                        4.752405995276936e-10,
                        -0.9611454497765741,
                        0.07482147092398864
                    ],
                    [
                        4.752405995276938e-10,
                        1.0000475879861823e-06,
                        1.997910188326659e-08,
                        -6.073856692178233e-09
                    ],
                    [
                        -0.9611454497765741,
                        1.997910188326659e-08,
                        1.769847014203603,
                        0.494832595726237
                    ],
                    [
                        0.07482147092398865,
                        -6.073856692178237e-09,
                        0.49483259572623695,
                        1.2010465003252688
                    ]
                ]
            },
            "est_tgt": [
                1
            ],
            "oracle_est_tgt": [
                1,
                3
            ]
        },
        "2": {
            "intv_type": "do",
            "inode": 2,
            "new_mui": 1.0,
            "new_sigmai": 0.0,