{
    "expt_args": {
        "save_dir": "all_expt_logs/expt_logs_11.05.24-main_plus_oracle",
        "exp_name": "216",
        "num_nodes": 4,
        "obs_noise_mean": 0.0,
        "obs_noise_var": 1.0,
        "max_edge_strength": 1.0,
        "graph_sparsity_method": "adj_dense_prop",
        "adj_dense_prop": 0.8,
        "num_parents": null,
        "new_noise_mean": 1.0,
        "mix_samples": 1024,
        "stage2_samples": 1024,
        "gmm_tol": 0.001,
        "intv_type": "do",
        "new_noise_sigma": 0.0,
        "intv_targets": [
            0,
            1,
            2,
            3
        ]
    },
    "intv_args_dict": {
        "0": {
            "intv_type": "do",
            "inode": 0,
            "new_mui": 1.0,
            "new_sigmai": 0.0,
            "true_params": {
                "Si": [
                    [
                        0.0,
                        0.0,
                        0.0,
                        0.0
                    ],
                    [
                        0.0,
                        1.0,
                        0.7678695877181216,
                        1.3534480528647972
                    ],
                    [
                        0.0,
                        0.7678695877181216,
                        1.5896237037423981,
                        1.70616677823902
                    ],
                    [
                        0.0,
                        1.3534480528647972,
                        1.70616677823902,
                        3.276570812761137
                    ]
                ],
                "mui": [
                    1.0,
                    -0.6053421335413354,
                    -1.3028360268383679,
                    -1.3781654370469418
                ],
                "Ai": [
                    [
                        0.0,
                        0.0,
                        0.0,
                        0.0
                    ],
                    [
                        -0.6053421335413354,
                        0.0,
                        0.0,
                        0.0
                    ],
                    [
                        -0.8380122123275745,
                        0.7678695877181216,
                        0.0,
                        0.0
                    ],
                    [
                        0.0,
                        0.8413595260331237,
                        0.6668951798878338,
                        0.0
                    ]
                ]
            },
            "est_params": {
                "mui": [
                    1.0000000002908846,
                    -0.7225298125006828,
                    -1.3284407574012487,
                    -1.4556032781730406
                ],
                "Si": [
                    [
                        1.000001269782625e-06,
                        1.4653080623137516e-10,
                        -2.6593405514282362e-11,
                        7.018728790626631e-10
                    ],
                    [
                        1.4653080623137516e-10,
                        0.9268141900296113,
                        0.6727936333981512,
                        1.2766150092429769
                    ],
                    [
                        -2.6593405514282362e-11,
                        0.6727936333981512,
                        1.3347680417248617,
                        1.5257050935146486
                    ],
                    [
                        7.018728790626631e-10,
                        1.276615009242977,
                        1.5257050935146486,
                        3.308180597967362
                    ]
                ]
            },
            "est_tgt": [
                0
            ],
            "oracle_est_tgt": [
                0,
                2
            ]
        },
        "1": {
            "intv_type": "do",
            "inode": 1,
            "new_mui": 1.0,
            "new_sigmai": 0.0,
            "true_params": {
                "Si": [
                    [
                        1.0,
                        0.0,
                        -0.8380122123275745,
                        -0.5588663050883993
                    ],
                    [
                        0.0,
                        0.0,
                        0.0,
                        0.0
                    ],
                    [
                        -0.8380122123275745,
                        0.0,
                        1.702264468010156,
                        1.1352319686103005
                    ],
                    [
                        -0.5588663050883993,
                        0.0,
                        1.1352319686103005,
                        1.757080727920786
                    ]
                ],
                "mui": [
                    0.0,
                    1.0,
                    0.7678695877181216,
                    1.3534480528647972
                ],
                "Ai": [
                    [
                        0.0,
                        0.0,
                        0.0,
                        0.0
                    ],
                    [
                        0.0,
                        0.0,
                        0.0,
                        0.0
                    ],
                    [
                        -0.8380122123275745,
                        0.7678695877181216,
                        0.0,
                        0.0
                    ],
                    [
                        0.0,
                        0.8413595260331237,
                        0.6668951798878338,
                        0.0
                    ]
                ]
            },
            "est_params": {
                "mui": [
                    -0.016288940436311187,
                    1.0000056995887747,
                    0.6046513594846271,
                    1.223689849671742
                ],
                "Si": [
                    [
                        1.1372330140122269,
                        -5.477093213757172e-06,
                        -0.9429750641659893,
                        -0.6582592530626515
                    ],
                    [
                        -5.477093213757172e-06,
                        1.0066361896015392e-06,
                        3.16972731617639e-06,
                        4.831213538879359e-07
                    ],
                    [
                        -0.9429750641659893,
                        3.16972731617639e-06,
                        1.991107011426253,
                        1.3472046211974846
                    ],
                    [
                        -0.6582592530626517,
                        4.83121353887936e-07,
                        1.3472046211974846,
                        1.8490256016980882
                    ]
                ]
            },
            "est_tgt": [
                1,
                2,
                3
            ],
            "oracle_est_tgt": [
                1,
                2,
                3
            ]
        },
        "2": {
            "intv_type": "do",
            "inode": 2,
            "new_mui": 1.0,
            "new_sigmai": 0.0,