{
    "expt_args": {
        "save_dir": "all_expt_logs/expt_logs_11.05.24-main_plus_oracle",
        "exp_name": "149",
        "num_nodes": 4,
        "obs_noise_mean": 0.0,
        "obs_noise_var": 1.0,
        "max_edge_strength": 1.0,
        "graph_sparsity_method": "adj_dense_prop",
        "adj_dense_prop": 0.8,
        "num_parents": null,
        "new_noise_mean": 1.0,
        "mix_samples": 32768,
        "stage2_samples": 32768,
        "gmm_tol": 0.001,
        "intv_type": "do",
        "new_noise_sigma": 0.0,
        "intv_targets": [
            0,
            1,
            2,
            3
        ]
    },
    "intv_args_dict": {
        "0": {
            "intv_type": "do",
            "inode": 0,
            "new_mui": 1.0,
            "new_sigmai": 0.0,
            "true_params": {
                "Si": [
                    [
                        0.0,
                        0.0,
                        0.0,
                        0.0
                    ],
                    [
                        0.0,
                        1.0,
                        -0.7567004257811616,
                        -0.1451619625328281
                    ],
                    [
                        0.0,
                        -0.7567004257811616,
                        1.5725955343773912,
                        -0.7712529122870584
                    ],
                    [
                        0.0,
                        -0.1451619625328281,
                        -0.7712529122870584,
                        1.7974039736551766
                    ]
                ],
                "mui": [
                    1.0,
                    0.5349559391945315,
                    -1.3190571790988734,
                    1.4620519630505249
                ],
                "Ai": [
                    [
                        0.0,
                        0.0,
                        0.0,
                        0.0
                    ],
                    [
                        0.5349559391945315,
                        0.0,
                        0.0,
                        0.0
                    ],
                    [
                        -0.9142557921362102,
                        -0.7567004257811616,
                        0.0,
                        0.0
                    ],
                    [
                        0.7341591528961999,
                        -0.8118884611531616,
                        -0.8810970311428784,
                        0.0
                    ]
                ]
            },
            "est_params": {
                "mui": [
                    1.000000453681149,
                    0.5410512365883254,
                    -1.3275033679317119,
                    1.454832215055394
                ],
                "Si": [
                    [
                        1.0057740412709535e-06,
                        4.191764446880334e-07,
                        -6.529757522891747e-08,
                        -5.325119502249365e-07
                    ],
                    [
                        4.191764446880333e-07,
                        1.017977131202133,
                        -0.7783963689493798,
                        -0.13497377507038727
                    ],
                    [
                        -6.52975752289174e-08,
                        -0.7783963689493798,
                        1.605796341184736,
                        -0.7719184192047275
                    ],
                    [
                        -5.325119502249365e-07,
                        -0.13497377507038727,
                        -0.7719184192047275,
                        1.7784921305124997
                    ]
                ]
            },
            "est_tgt": [
                0
            ],
            "oracle_est_tgt": [
                0,
                1,
                2,
                3
            ]
        },
        "1": {
            "intv_type": "do",
            "inode": 1,
            "new_mui": 1.0,
            "new_sigmai": 0.0,
            "true_params": {
                "Si": [
                    [
                        1.0,
                        0.0,
                        -0.9142557921362102,
                        1.5397072170525954
                    ],
                    [
                        0.0,
                        0.0,
                        0.0,
                        0.0
                    ],
                    [
                        -0.9142557921362102,
                        0.0,
                        1.8358636534546093,
                        -2.2887832725271386
                    ],
                    [
                        1.5397072170525954,
                        0.0,
                        -2.2887832725271386,
                        4.1470302925326425
                    ]
                ],
                "mui": [
                    0.0,
                    1.0,
                    -0.7567004257811616,
                    -0.1451619625328281
                ],
                "Ai": [
                    [
                        0.0,
                        0.0,
                        0.0,
                        0.0
                    ],
                    [
                        0.0,
                        0.0,
                        0.0,
                        0.0
                    ],
                    [
                        -0.9142557921362102,
                        -0.7567004257811616,
                        0.0,
                        0.0
                    ],
                    [
                        0.7341591528961999,
                        -0.8118884611531616,
                        -0.8810970311428784,
                        0.0
                    ]
                ]
            },
            "est_params": {
                "mui": [
                    0.012893016072952639,
                    0.9999992196863762,
                    -0.7694073647912092,
                    -0.11833820413929037
                ],
                "Si": [
                    [
                        0.9824129742617633,
                        -1.399688234188633e-06,
                        -0.8850741558460468,
                        1.511774459164841
                    ],
                    [
                        -1.399688234188633e-06,
                        1.0086891281396646e-06,
                        9.978949491939496e-07,
                        -3.3917012340631447e-06
                    ],
                    [
                        -0.8850741558460468,
                        9.978949491939494e-07,
                        1.7894086645949092,
                        -2.2423465317572284
                    ],
                    [
                        1.5117744591648412,
                        -3.391701234063145e-06,
                        -2.2423465317572284,
                        4.119377864795735
                    ]
                ]
            },
            "est_tgt": [
                1
            ],
            "oracle_est_tgt": [
                1,
                2,
                3
            ]
        },
        "2": {
            "intv_type": "do",
            "inode": 2,
            "new_mui": 1.0,
            "new_sigmai": 0.0,