{
    "expt_args": {
        "save_dir": "all_expt_logs/expt_logs_11.05.24-main_plus_oracle",
        "exp_name": "170",
        "num_nodes": 4,
        "obs_noise_mean": 0.0,
        "obs_noise_var": 1.0,
        "max_edge_strength": 1.0,
        "graph_sparsity_method": "adj_dense_prop",
        "adj_dense_prop": 0.8,
        "num_parents": null,
        "new_noise_mean": 1.0,
        "mix_samples": 4096,
        "stage2_samples": 4096,
        "gmm_tol": 0.001,
        "intv_type": "do",
        "new_noise_sigma": 0.0,
        "intv_targets": [
            0,
            1,
            2,
            3
        ]
    },
    "intv_args_dict": {
        "0": {
            "intv_type": "do",
            "inode": 0,
            "new_mui": 1.0,
            "new_sigmai": 0.0,
            "true_params": {
                "Si": [
                    [
                        0.0,
                        0.0,
                        0.0,
                        0.0
                    ],
                    [
                        0.0,
                        1.0,
                        0.0,
                        -0.8658224487242874
                    ],
                    [
                        0.0,
                        0.0,
                        1.0,
                        0.8293036100484096
                    ],
                    [
                        0.0,
                        -0.8658224487242874,
                        0.8293036100484096,
                        2.4373929903542457
                    ]
                ],
                "mui": [
                    1.0,
                    0.6681131252484556,
                    0.8662032232450989,
                    0.8619373314094614
                ],
                "Ai": [
                    [
                        0.0,
                        0.0,
                        0.0,
                        0.0
                    ],
                    [
                        0.6681131252484556,
                        0.0,
                        0.0,
                        0.0
                    ],
                    [
                        0.8662032232450989,
                        -0.0,
                        0.0,
                        0.0
                    ],
                    [
                        0.7220592134641868,
                        -0.8658224487242874,
                        0.8293036100484096,
                        0.0
                    ]
                ]
            },
            "est_params": {
                "mui": [
                    1.0000050433446785,
                    0.6597284307078908,
                    0.8212288943576384,
                    0.785249058945267
                ],
                "Si": [
                    [
                        1.0163627052071386e-06,
                        1.150765940743663e-06,
                        6.425287727597336e-06,
                        1.0846014516039788e-07
                    ],
                    [
                        1.150765940743663e-06,
                        0.988786884123038,
                        0.016004392443474097,
                        -0.8296348243739048
                    ],
                    [
                        6.4252877275973354e-06,
                        0.016004392443474114,
                        0.9195284684365795,
                        0.6983092664846096
                    ],
                    [
                        1.0846014516039788e-07,
                        -0.8296348243739048,
                        0.6983092664846096,
                        2.253421106823229
                    ]
                ]
            },
            "est_tgt": [
                0
            ],
            "oracle_est_tgt": [
                0,
                1,
                2,
                3
            ]
        },
        "1": {
            "intv_type": "do",
            "inode": 1,
            "new_mui": 1.0,
            "new_sigmai": 0.0,
            "true_params": {
                "Si": [
                    [
                        1.0,
                        0.0,
                        0.8662032232450989,
                        1.4404046735369156
                    ],
                    [
                        0.0,
                        0.0,
                        0.0,
                        0.0
                    ],
                    [
                        0.8662032232450989,
                        0.0,
                        1.7503080239601987,
                        2.07698678104339
                    ],
                    [
                        1.4404046735369156,
                        0.0,
                        2.07698678104339,
                        3.762510101186313
                    ]
                ],
                "mui": [
                    0.0,
                    1.0,
                    0.0,
                    -0.8658224487242874
                ],
                "Ai": [
                    [
                        0.0,
                        0.0,
                        0.0,
                        0.0
                    ],
                    [
                        0.0,
                        0.0,
                        0.0,
                        0.0
                    ],
                    [
                        0.8662032232450989,
                        -0.0,
                        0.0,
                        0.0
                    ],
                    [
                        0.7220592134641868,
                        -0.8658224487242874,
                        0.8293036100484096,
                        0.0
                    ]
                ]
            },
            "est_params": {
                "mui": [
                    0.01669772110021795,
                    0.9999957553717043,
                    -0.04064852934596159,
                    -0.9350095049004371
                ],
                "Si": [
                    [
                        0.9846876432133201,
                        -3.0117405458611436e-06,
                        0.7827125235835407,
                        1.401253933692092
                    ],
                    [
                        -3.011740545861144e-06,
                        1.0131906701691412e-06,
                        -6.554349803681497e-07,
                        -4.739782894160347e-06
                    ],
                    [
                        0.7827125235835406,
                        -6.554349803681497e-07,
                        1.5820775625602284,
                        1.9252283967859987
                    ],
                    [
                        1.4012539336920922,
                        -4.739782894160346e-06,
                        1.9252283967859987,
                        3.670146376732503
                    ]
                ]
            },
            "est_tgt": [
                1
            ],
            "oracle_est_tgt": [
                1,
                3
            ]
        },
        "2": {
            "intv_type": "do",
            "inode": 2,
            "new_mui": 1.0,
            "new_sigmai": 0.0,