{
    "expt_args": {
        "save_dir": "all_expt_logs/expt_logs_11.05.24-main_plus_oracle",
        "exp_name": "73",
        "num_nodes": 4,
        "obs_noise_mean": 0.0,
        "obs_noise_var": 1.0,
        "max_edge_strength": 1.0,
        "graph_sparsity_method": "adj_dense_prop",
        "adj_dense_prop": 0.8,
        "num_parents": null,
        "new_noise_mean": 1.0,
        "mix_samples": 2048,
        "stage2_samples": 2048,
        "gmm_tol": 0.001,
        "intv_type": "do",
        "new_noise_sigma": 0.0,
        "intv_targets": [
            0,
            1,
            2,
            3
        ]
    },
    "intv_args_dict": {
        "0": {
            "intv_type": "do",
            "inode": 0,
            "new_mui": 1.0,
            "new_sigmai": 0.0,
            "true_params": {
                "Si": [
                    [
                        0.0,
                        0.0,
                        0.0,
                        0.0
                    ],
                    [
                        0.0,
                        1.0,
                        0.0,
                        -0.7422677948647677
                    ],
                    [
                        0.0,
                        0.0,
                        1.0,
                        -0.8659408230205576
                    ],
                    [
                        0.0,
                        -0.7422677948647677,
                        -0.8659408230205576,
                        2.3008149882669255
                    ]
                ],
                "mui": [
                    1.0,
                    0.0,
                    0.931544709427334,
                    -0.0201078206441746
                ],
                "Ai": [
                    [
                        0.0,
                        0.0,
                        0.0,
                        0.0
                    ],
                    [
                        0.0,
                        0.0,
                        0.0,
                        0.0
                    ],
                    [
                        0.931544709427334,
                        0.0,
                        0.0,
                        0.0
                    ],
                    [
                        0.7865547717177772,
                        -0.7422677948647677,
                        -0.8659408230205576,
                        0.0
                    ]
                ]
            },
            "est_params": {
                "mui": [
                    0.9999940848867735,
                    0.0038530702977435734,
                    0.9359764042455171,
                    0.019701408314988404
                ],
                "Si": [
                    [
                        1.015349718548444e-06,
                        7.62205262376411e-07,
                        -2.5447421183603666e-07,
                        7.573238649390438e-06
                    ],
                    [
                        7.62205262376411e-07,
                        0.982938948678283,
                        -0.08712190534144011,
                        -0.6312389922681728
                    ],
                    [
                        -2.5447421183603677e-07,
                        -0.08712190534144013,
                        1.0863396891891581,
                        -0.8074998214173514
                    ],
                    [
                        7.573238649390438e-06,
                        -0.6312389922681728,
                        -0.8074998214173517,
                        2.145913419440841
                    ]
                ]
            },
            "est_tgt": [
                0
            ],
            "oracle_est_tgt": [
                0,
                2,
                3
            ]
        },
        "1": {
            "intv_type": "do",
            "inode": 1,
            "new_mui": 1.0,
            "new_sigmai": 0.0,
            "true_params": {
                "Si": [
                    [
                        1.0,
                        0.0,
                        0.931544709427334,
                        -0.0201078206441746
                    ],
                    [
                        0.0,
                        0.0,
                        0.0,
                        0.0
                    ],
                    [
                        0.931544709427334,
                        0.0,
                        1.8677755456620562,
                        -0.8846721569597522
                    ],
                    [
                        -0.0201078206441746,
                        0.0,
                        -0.8846721569597522,
                        1.750257833424579
                    ]
                ],
                "mui": [
                    0.0,
                    1.0,
                    0.0,
                    -0.7422677948647677
                ],
                "Ai": [
                    [
                        0.0,
                        0.0,
                        0.0,
                        0.0
                    ],
                    [
                        0.0,
                        0.0,
                        0.0,
                        0.0
                    ],
                    [
                        0.931544709427334,
                        0.0,
                        0.0,
                        0.0
                    ],
                    [
                        0.7865547717177772,
                        -0.7422677948647677,
                        -0.8659408230205576,
                        0.0
                    ]
                ]
            },
            "est_params": {
                "mui": [
                    -0.04181720843448567,
                    1.0000002659180596,
                    0.06474340837692355,
                    -0.8808860599734185
                ],
                "Si": [
                    [
                        1.0341098636315091,
                        1.4727835761331462e-07,
                        1.0560775408525684,
                        -0.1008818961591114
                    ],
                    [
                        1.472783576133146e-07,
                        1.0022152680397312e-06,
                        -1.1326143757367856e-06,
                        1.9078293044110864e-06
                    ],
                    [
                        1.0560775408525684,
                        -1.1326143757367856e-06,
                        2.2639521998468513,
                        -1.0622246353019087
                    ],
                    [
                        -0.1008818961591114,
                        1.9078293044110864e-06,
                        -1.0622246353019085,
                        1.7586845725208866
                    ]
                ]
            },
            "est_tgt": [
                1
            ],
            "oracle_est_tgt": [
                1,
                3
            ]
        },
        "2": {
            "intv_type": "do",
            "inode": 2,
            "new_mui": 1.0,
            "new_sigmai": 0.0,