{
    "expt_args": {
        "save_dir": "all_expt_logs/expt_logs_11.05.24-main_plus_oracle",
        "exp_name": "98",
        "num_nodes": 4,
        "obs_noise_mean": 0.0,
        "obs_noise_var": 1.0,
        "max_edge_strength": 1.0,
        "graph_sparsity_method": "adj_dense_prop",
        "adj_dense_prop": 0.8,
        "num_parents": null,
        "new_noise_mean": 1.0,
        "mix_samples": 4096,
        "stage2_samples": 4096,
        "gmm_tol": 0.001,
        "intv_type": "do",
        "new_noise_sigma": 0.0,
        "intv_targets": [
            0,
            1,
            2,
            3
        ]
    },
    "intv_args_dict": {
        "0": {
            "intv_type": "do",
            "inode": 0,
            "new_mui": 1.0,
            "new_sigmai": 0.0,
            "true_params": {
                "Si": [
                    [
                        0.0,
                        0.0,
                        0.0,
                        0.0
                    ],
                    [
                        0.0,
                        1.0,
                        0.0,
                        0.8672967897640846
                    ],
                    [
                        0.0,
                        0.0,
                        1.0,
                        0.6008534589659378
                    ],
                    [
                        0.0,
                        0.8672967897640846,
                        0.6008534589659378,
                        2.1132286006864187
                    ]
                ],
                "mui": [
                    1.0,
                    -0.5519203197804653,
                    -0.9037154342773819,
                    -1.8892441322337596
                ],
                "Ai": [
                    [
                        0.0,
                        0.0,
                        0.0,
                        0.0
                    ],
                    [
                        -0.5519203197804653,
                        0.0,
                        0.0,
                        0.0
                    ],
                    [
                        -0.9037154342773819,
                        0.0,
                        0.0,
                        0.0
                    ],
                    [
                        -0.8675648660761254,
                        0.8672967897640846,
                        0.6008534589659378,
                        0.0
                    ]
                ]
            },
            "est_params": {
                "mui": [
                    1.0000003970644846,
                    -0.6120109735238325,
                    -0.9035003601981421,
                    -1.9674582397629992
                ],
                "Si": [
                    [
                        1.0005342849230286e-06,
                        5.978150737473158e-07,
                        3.565268586608362e-08,
                        3.0289236393394046e-07
                    ],
                    [
                        5.978150737473158e-07,
                        1.066887268564597,
                        -0.012399540192034875,
                        0.8719369098329772
                    ],
                    [
                        3.5652685866083635e-08,
                        -0.012399540192034875,
                        0.9197969835938689,
                        0.5416720492442275
                    ],
                    [
                        3.0289236393394046e-07,
                        0.8719369098329772,
                        0.5416720492442275,
                        2.0423792840502926
                    ]
                ]
            },
            "est_tgt": [
                0
            ],
            "oracle_est_tgt": [
                0,
                1,
                2,
                3
            ]
        },
        "1": {
            "intv_type": "do",
            "inode": 1,
            "new_mui": 1.0,
            "new_sigmai": 0.0,
            "true_params": {
                "Si": [
                    [
                        1.0,
                        0.0,
                        -0.9037154342773819,
                        -1.410565410682595
                    ],
                    [
                        0.0,
                        0.0,
                        0.0,
                        0.0
                    ],
                    [
                        -0.9037154342773819,
                        0.0,
                        1.816701586151157,
                        1.8756031916576126
                    ],
                    [
                        -1.410565410682595,
                        0.0,
                        1.8756031916576126,
                        3.3507196569654893
                    ]
                ],
                "mui": [
                    0.0,
                    1.0,
                    0.0,
                    0.8672967897640846
                ],
                "Ai": [
                    [
                        0.0,
                        0.0,
                        0.0,
                        0.0
                    ],
                    [
                        0.0,
                        0.0,
                        0.0,
                        0.0
                    ],
                    [
                        -0.9037154342773819,
                        0.0,
                        0.0,
                        0.0
                    ],
                    [
                        -0.8675648660761254,
                        0.8672967897640846,
                        0.6008534589659378,
                        0.0
                    ]
                ]
            },
            "est_params": {
                "mui": [
                    -0.006318541398871253,
                    1.0000007270854587,
                    0.018111394379393703,
                    0.8789083636425219
                ],
                "Si": [
                    [
                        1.0149092758281164,
                        2.473308774676404e-06,
                        -0.9456973928679692,
                        -1.4706965772018576
                    ],
                    [
                        2.473308774676404e-06,
                        1.0028290486955859e-06,
                        -3.7616368380051518e-06,
                        -8.803079516360764e-06
                    ],
                    [
                        -0.9456973928679692,
                        -3.761636838005152e-06,
                        1.8393828212086387,
                        1.9349989309201978
                    ],
                    [
                        -1.4706965772018576,
                        -8.803079516360764e-06,
                        1.9349989309201976,
                        3.4125191897049
                    ]
                ]
            },
            "est_tgt": [
                1,
                3
            ],
            "oracle_est_tgt": [
                1,
                3
            ]
        },
        "2": {
            "intv_type": "do",
            "inode": 2,
            "new_mui": 1.0,
            "new_sigmai": 0.0,