{
    "expt_args": {
        "save_dir": "all_expt_logs/expt_logs_11.05.24-main_plus_oracle",
        "exp_name": "75",
        "num_nodes": 4,
        "obs_noise_mean": 0.0,
        "obs_noise_var": 1.0,
        "max_edge_strength": 1.0,
        "graph_sparsity_method": "adj_dense_prop",
        "adj_dense_prop": 0.8,
        "num_parents": null,
        "new_noise_mean": 1.0,
        "mix_samples": 8192,
        "stage2_samples": 8192,
        "gmm_tol": 0.001,
        "intv_type": "do",
        "new_noise_sigma": 0.0,
        "intv_targets": [
            0,
            1,
            2,
            3
        ]
    },
    "intv_args_dict": {
        "0": {
            "intv_type": "do",
            "inode": 0,
            "new_mui": 1.0,
            "new_sigmai": 0.0,
            "true_params": {
                "Si": [
                    [
                        0.0,
                        0.0,
                        0.0,
                        0.0
                    ],
                    [
                        0.0,
                        1.0,
                        -0.746387019075484,
                        0.34647495103977666
                    ],
                    [
                        0.0,
                        -0.746387019075484,
                        1.557093582244387,
                        0.5544634568554334
                    ],
                    [
                        0.0,
                        0.34647495103977666,
                        0.5544634568554334,
                        1.7811242411289112
                    ]
                ],
                "mui": [
                    1.0,
                    -0.821962242013756,
                    -0.3846291834694786,
                    -1.0963376730450256
                ],
                "Ai": [
                    [
                        0.0,
                        0.0,
                        0.0,
                        0.0
                    ],
                    [
                        -0.821962242013756,
                        0.0,
                        0.0,
                        0.0
                    ],
                    [
                        -0.9981311310787275,
                        -0.746387019075484,
                        0.0,
                        0.0
                    ],
                    [
                        0.0,
                        0.9533382494210896,
                        0.8130678627463366,
                        0.0
                    ]
                ]
            },
            "est_params": {
                "mui": [
                    0.9999997495812022,
                    -0.8637666227223773,
                    -0.34700308003967983,
                    -1.0742630983458232
                ],
                "Si": [
                    [
                        1.000750342588452e-06,
                        -2.1765486086546197e-07,
                        -2.1812754440422508e-07,
                        -5.446629300357449e-07
                    ],
                    [
                        -2.1765486086546194e-07,
                        0.9372583642499562,
                        -0.7011949571245607,
                        0.2865023003553821
                    ],
                    [
                        -2.1812754440422508e-07,
                        -0.7011949571245607,
                        1.5344605665671556,
                        0.5935136318987432
                    ],
                    [
                        -5.446629300357449e-07,
                        0.2865023003553821,
                        0.5935136318987432,
                        1.6715280095640261
                    ]
                ]
            },
            "est_tgt": [
                0
            ],
            "oracle_est_tgt": [
                0,
                1,
                2
            ]
        },
        "1": {
            "intv_type": "do",
            "inode": 1,
            "new_mui": 1.0,
            "new_sigmai": 0.0,
            "true_params": {
                "Si": [
                    [
                        1.0,
                        0.0,
                        -0.9981311310787275,
                        -0.8115483454867645
                    ],
                    [
                        0.0,
                        0.0,
                        0.0,
                        0.0
                    ],
                    [
                        -0.9981311310787275,
                        0.0,
                        1.9962657548284999,
                        1.6230995307521108
                    ],
                    [
                        -0.8115483454867645,
                        0.0,
                        1.6230995307521108,
                        2.3196900664932003
                    ]
                ],
                "mui": [
                    0.0,
                    1.0,
                    -0.746387019075484,
                    0.34647495103977666
                ],
                "Ai": [
                    [
                        0.0,
                        0.0,
                        0.0,
                        0.0
                    ],
                    [
                        0.0,
                        0.0,
                        0.0,
                        0.0
                    ],
                    [
                        -0.9981311310787275,
                        -0.746387019075484,
                        0.0,
                        0.0
                    ],
                    [
                        0.0,
                        0.9533382494210896,
                        0.8130678627463366,
                        0.0
                    ]
                ]
            },
            "est_params": {
                "mui": [
                    0.001835327381288631,
                    0.9999991324260847,
                    -0.7837102893648896,
                    0.3024683024736986
                ],
                "Si": [
                    [
                        0.9944170454405284,
                        -2.764876421695405e-06,
                        -0.9753760681136195,
                        -0.7834032661220809
                    ],
                    [
                        -2.7648764216954046e-06,
                        1.018006169742578e-06,
                        6.577337253366248e-08,
                        -3.0485565676145004e-06
                    ],
                    [
                        -0.9753760681136195,
                        6.577337253366248e-08,
                        1.97026876951709,
                        1.6250643225151584
                    ],
                    [
                        -0.783403266122081,
                        -3.0485565676145004e-06,
                        1.6250643225151584,
                        2.2942821947163936
                    ]
                ]
            },
            "est_tgt": [
                1
            ],
            "oracle_est_tgt": [
                1,
                2,
                3
            ]
        },
        "2": {
            "intv_type": "do",
            "inode": 2,
            "new_mui": 1.0,
            "new_sigmai": 0.0,