{
    "expt_args": {
        "save_dir": "all_expt_logs/expt_logs_11.05.24-main_plus_oracle",
        "exp_name": "222",
        "num_nodes": 4,
        "obs_noise_mean": 0.0,
        "obs_noise_var": 1.0,
        "max_edge_strength": 1.0,
        "graph_sparsity_method": "adj_dense_prop",
        "adj_dense_prop": 0.8,
        "num_parents": null,
        "new_noise_mean": 1.0,
        "mix_samples": 65536,
        "stage2_samples": 65536,
        "gmm_tol": 0.001,
        "intv_type": "do",
        "new_noise_sigma": 0.0,
        "intv_targets": [
            0,
            1,
            2,
            3
        ]
    },
    "intv_args_dict": {
        "0": {
            "intv_type": "do",
            "inode": 0,
            "new_mui": 1.0,
            "new_sigmai": 0.0,
            "true_params": {
                "Si": [
                    [
                        0.0,
                        0.0,
                        0.0,
                        0.0
                    ],
                    [
                        0.0,
                        1.0,
                        0.771589255304243,
                        0.17525521045708753
                    ],
                    [
                        0.0,
                        0.771589255304243,
                        1.5953499789009564,
                        -0.47619202865993393
                    ],
                    [
                        0.0,
                        0.17525521045708753,
                        -0.47619202865993393,
                        1.404545217369705
                    ]
                ],
                "mui": [
                    1.0,
                    0.0,
                    -0.8782752552143894,
                    -0.05123028230142579
                ],
                "Ai": [
                    [
                        0.0,
                        0.0,
                        0.0,
                        0.0
                    ],
                    [
                        -0.0,
                        0.0,
                        0.0,
                        0.0
                    ],
                    [
                        -0.8782752552143894,
                        0.771589255304243,
                        0.0,
                        0.0
                    ],
                    [
                        -0.5882227619715771,
                        0.6470180490805324,
                        -0.6114170659847065,
                        0.0
                    ]
                ]
            },
            "est_params": {
                "mui": [
                    0.9999992984320154,
                    0.001501054589491512,
                    -0.8753002687621486,
                    -0.06117242594785088
                ],
                "Si": [
                    [
                        1.01243761790831e-06,
                        6.967878678150653e-07,
                        4.3685549897613965e-07,
                        2.025237258663183e-06
                    ],
                    [
                        6.967878678150653e-07,
                        0.9921699642332124,
                        0.7595761475623606,
                        0.17399673325605744
                    ],
                    [
                        4.3685549897613965e-07,
                        0.7595761475623606,
                        1.553449881659093,
                        -0.43687059967120817
                    ],
                    [
                        2.025237258663183e-06,
                        0.17399673325605744,
                        -0.43687059967120817,
                        1.3810174570438272
                    ]
                ]
            },
            "est_tgt": [
                0
            ],
            "oracle_est_tgt": [
                0,
                2,
                3
            ]
        },
        "1": {
            "intv_type": "do",
            "inode": 1,
            "new_mui": 1.0,
            "new_sigmai": 0.0,
            "true_params": {
                "Si": [
                    [
                        1.0,
                        0.0,
                        -0.8782752552143894,
                        -0.05123028230142579
                    ],
                    [
                        0.0,
                        0.0,
                        0.0,
                        0.0
                    ],
                    [
                        -0.8782752552143894,
                        0.0,
                        1.7713674239219008,
                        -0.5664227767217165
                    ],
                    [
                        -0.05123028230142579,
                        0.0,
                        -0.5664227767217165,
                        1.3764553704020308
                    ]
                ],
                "mui": [
                    0.0,
                    1.0,
                    0.771589255304243,
                    0.17525521045708753
                ],
                "Ai": [
                    [
                        0.0,
                        0.0,
                        0.0,
                        0.0
                    ],
                    [
                        0.0,
                        0.0,
                        0.0,
                        0.0
                    ],
                    [
                        -0.8782752552143894,
                        0.771589255304243,
                        0.0,
                        0.0
                    ],
                    [
                        -0.5882227619715771,
                        0.6470180490805324,
                        -0.6114170659847065,
                        0.0
                    ]
                ]
            },
            "est_params": {
                "mui": [
                    0.00790461666899502,
                    1.0000007727011064,
                    0.7720180169883849,
                    0.17171493566578522
                ],
                "Si": [
                    [
                        0.9859896966846463,
                        1.0642936993207051e-07,
                        -0.8632179857122606,
                        -0.03654632410811488
                    ],
                    [
                        1.0642936993207051e-07,
                        1.0124719506880732e-06,
                        -9.277198278637953e-07,
                        2.779258486586479e-06
                    ],
                    [
                        -0.8632179857122606,
                        -9.277198278637953e-07,
                        1.7648678192148075,
                        -0.5999625151330268
                    ],
                    [
                        -0.03654632410811489,
                        2.779258486586479e-06,
                        -0.5999625151330268,
                        1.4018862278724815
                    ]
                ]
            },
            "est_tgt": [
                1
            ],
            "oracle_est_tgt": [
                1,
                2,
                3
            ]
        },
        "2": {
            "intv_type": "do",
            "inode": 2,
            "new_mui": 1.0,
            "new_sigmai": 0.0,