{
    "expt_args": {
        "save_dir": "expt_logs_29.04.24-11",
        "exp_name": "77",
        "num_nodes": 4,
        "obs_noise_mean": 0.0,
        "obs_noise_var": 1.0,
        "max_edge_strength": 1.0,
        "num_parents": 2,
        "new_noise_mean": 1.0,
        "mix_samples": 32768,
        "stage2_samples": 32768,
        "intv_targets": [
            0,
            1,
            2,
            3
        ]
    },
    "intv_args_dict": {
        "0": {
            "intv_type": "do",
            "inode": 0,
            "new_mui": 1.0,
            "true_params": {
                "Si": [
                    [
                        0.0,
                        0.0,
                        0.0,
                        0.0
                    ],
                    [
                        0.0,
                        1.0,
                        -0.5450162122034425,
                        0.6907433671236278
                    ],
                    [
                        0.0,
                        -0.5450162122034425,
                        1.297042671564588,
                        -0.37646633355437154
                    ],
                    [
                        0.0,
                        0.6907433671236278,
                        -0.37646633355437154,
                        1.4771263992252868
                    ]
                ],
                "mui": [
                    1.0,
                    0.506409866680591,
                    0.6329633913158919,
                    -0.18365950093606243
                ],
                "Ai": [
                    [
                        0.0,
                        0.0,
                        0.0,
                        0.0
                    ],
                    [
                        0.506409866680591,
                        0.0,
                        0.0,
                        0.0
                    ],
                    [
                        0.9089649786765979,
                        -0.5450162122034425,
                        0.0,
                        0.0
                    ],
                    [
                        -0.5334587573916413,
                        0.6907433671236278,
                        -0.0,
                        0.0
                    ]
                ]
            },
            "est_params": {
                "mui": [
                    0.9999995454978262,
                    0.47332782075187546,
                    0.6511144056310905,
                    -0.20419536533737176
                ],
                "Si": [
                    [
                        1.0121318226154336e-06,
                        -1.4692419387739293e-06,
                        1.4571345568153005e-06,
                        1.8835565227957471e-06
                    ],
                    [
                        -1.469241938773929e-06,
                        1.0009007081376466,
                        -0.5421660002199512,
                        0.7086963586814227
                    ],
                    [
                        1.4571345568153001e-06,
                        -0.5421660002199512,
                        1.280501150416671,
                        -0.37627611506115544
                    ],
                    [
                        1.883556522795748e-06,
                        0.7086963586814227,
                        -0.37627611506115544,
                        1.5171312613004442
                    ]
                ]
            },
            "est_tgt": [
                0
            ]
        },
        "1": {
            "intv_type": "do",
            "inode": 1,
            "new_mui": 1.0,
            "true_params": {
                "Si": [
                    [
                        1.0,
                        0.0,
                        0.9089649786765979,
                        -0.5334587573916413
                    ],
                    [
                        0.0,
                        0.0,
                        0.0,
                        0.0
                    ],
                    [
                        0.9089649786765979,
                        0.0,
                        1.8262173324605482,
                        -0.4848953280373376
                    ],
                    [
                        -0.5334587573916413,
                        0.0,
                        -0.4848953280373376,
                        1.2845782458378339
                    ]
                ],
                "mui": [
                    0.0,
                    1.0,
                    -0.5450162122034425,
                    0.6907433671236278
                ],
                "Ai": [
                    [
                        0.0,
                        0.0,
                        0.0,
                        0.0
                    ],
                    [
                        0.0,
                        0.0,
                        0.0,
                        0.0
                    ],
                    [
                        0.9089649786765979,
                        -0.5450162122034425,
                        0.0,
                        0.0
                    ],
                    [
                        -0.5334587573916413,
                        0.6907433671236278,
                        -0.0,
                        0.0
                    ]
                ]
            },
            "est_params": {
                "mui": [
                    0.00944666045019205,
                    0.9999973888628426,
                    -0.5335407642591766,
                    0.6852897829515142
                ],
                "Si": [
                    [
                        1.0223513133037994,
                        6.69622177957428e-07,
                        0.9426317890123592,
                        -0.5526796866711233
                    ],
                    [
                        6.69622177957428e-07,
                        1.0149393887363725e-06,
                        6.775425080811015e-07,
                        -4.5779772155251586e-07
                    ],
                    [
                        0.9426317890123592,
                        6.775425080811015e-07,
                        1.8616334349619683,
                        -0.49823568693809644
                    ],
                    [
                        -0.5526796866711233,
                        -4.577977215525158e-07,
                        -0.49823568693809644,
                        1.317842344326498
                    ]
                ]
            },
            "est_tgt": [
                1
            ]
        },
        "2": {
            "intv_type": "do",
            "inode": 2,
            "new_mui": 1.0,
            "true_params": {
                "Si": [
                    [
                        1.0,
                        0.506409866680591,
                        0.0,
                        -0.18365950093606243
                    ],
                    [
                        0.506409866680591,
                        1.2564509530714538,
                        0.0,
                        0.5977363837399726
                    ],
                    [
                        0.0,
                        0.0,
                        0.0,
                        0.0
                    ],
                    [
                        -0.18365950093606243,
                        0.5977363837399726,
                        0.0,
                        1.5108572115093704
                    ]
                ],
                "mui": [
                    0.0,
                    0.0,
                    1.0,
                    0.0
                ],