{
    "expt_args": {
        "save_dir": "expt_logs_29.04.24-4",
        "exp_name": "67",
        "num_nodes": 4,
        "obs_noise_mean": 0.5,
        "obs_noise_var": 1.0,
        "max_edge_strength": 30.0,
        "num_parents": 2,
        "new_noise_mean": 10.0,
        "mix_samples": 8192,
        "stage2_samples": 8192,
        "intv_targets": [
            0,
            1,
            2,
            3
        ]
    },
    "intv_args_dict": {
        "0": {
            "intv_type": "do",
            "inode": 0,
            "new_mui": 10.0,
            "true_params": {
                "Si": [
                    [
                        0.0,
                        0.0,
                        0.0,
                        0.0
                    ],
                    [
                        0.0,
                        0.9999999999999964,
                        -15.377795363692796,
                        -27.327544726629686
                    ],
                    [
                        0.0,
                        -15.377795363692796,
                        237.47659024761248,
                        420.237390598275
                    ],
                    [
                        0.0,
                        -27.327544726629686,
                        420.237390598275,
                        747.7947007859486
                    ]
                ],
                "mui": [
                    10.000000000000009,
                    197.83551299146083,
                    -3091.4447520291787,
                    -5675.280042635409
                ],
                "Ai": [
                    [
                        0.0,
                        0.0,
                        0.0,
                        0.0
                    ],
                    [
                        19.73355129914612,
                        0.0,
                        0.0,
                        0.0
                    ],
                    [
                        -4.9670717575295775,
                        -15.377795363692849,
                        0.0,
                        0.0
                    ],
                    [
                        -26.94212128455147,
                        -27.327544726629785,
                        0.0,
                        0.0
                    ]
                ]
            },
            "est_params": {
                "mui": [
                    10.000000000000002,
                    197.8959886001159,
                    -3092.346651362032,
                    -5676.934129693127
                ],
                "Si": [
                    [
                        1e-06,
                        9.382339811449123e-29,
                        -2.990512936485019e-27,
                        -3.5783578276938155e-27
                    ],
                    [
                        9.382339811449123e-29,
                        0.9540781835120352,
                        -14.679257344597834,
                        -26.075834405521892
                    ],
                    [
                        -2.990512936485019e-27,
                        -14.679257344597834,
                        226.88735673042183,
                        401.18655636960494
                    ],
                    [
                        -3.5783578276938155e-27,
                        -26.075834405521892,
                        401.18655636960494,
                        713.6600455826697
                    ]
                ]
            },
            "est_tgt": [
                0
            ]
        },
        "1": {
            "intv_type": "do",
            "inode": 1,
            "new_mui": 10.0,
            "true_params": {
                "Si": [
                    [
                        1.0,
                        -1.718002044354295e-16,
                        -4.967071757529576,
                        -26.942121284551465
                    ],
                    [
                        -1.718002044354295e-16,
                        2.951531024405537e-32,
                        8.533439433890292e-16,
                        4.628661944610078e-15
                    ],
                    [
                        -4.967071757529576,
                        8.533439433890292e-16,
                        25.67180184444795,
                        133.82344972043202
                    ],
                    [
                        -26.942121284551465,
                        4.628661944610078e-15,
                        133.82344972043202,
                        726.8778993114811
                    ]
                ],
                "mui": [
                    0.5,
                    9.999999999999998,
                    -155.7614895156933,
                    -286.24650790857356
                ],
                "Ai": [
                    [
                        0.0,
                        0.0,
                        0.0,
                        0.0
                    ],
                    [
                        0.0,
                        0.0,
                        0.0,
                        0.0
                    ],
                    [
                        -4.9670717575295775,
                        -15.377795363692849,
                        0.0,
                        0.0
                    ],
                    [
                        -26.94212128455147,
                        -27.327544726629785,
                        0.0,
                        0.0
                    ]
                ]
            },
            "est_params": {
                "mui": [
                    0.5246511552740983,
                    10.0,
                    -155.86577928237202,
                    -286.8898708091097
                ],
                "Si": [
                    [
                        1.0268220071685294,
                        -1.41569533732497e-16,
                        -5.094654264809908,
                        -27.66997122694902
                    ],
                    [
                        -1.41569533732497e-16,
                        1e-06,
                        7.0282843371983e-16,
                        3.823223394293143e-15
                    ],
                    [
                        -5.094654264809908,
                        7.0282843371983e-16,
                        26.248755119342896,
                        137.26714102901556
                    ],
                    [
                        -27.66997122694902,
                        3.823223394293143e-15,
                        137.26714102901556,
                        746.6155559955125
                    ]
                ]
            },
            "est_tgt": [
                1
            ]
        },
        "2": {
            "intv_type": "do",
            "inode": 2,
            "new_mui": 10.0,
            "true_params": {
                "Si": [
                    [
                        1.0000000000000018,
                        19.7335512991461,
                        0.0,
                        -566.2116270272098
                    ],
                    [
                        19.7335512991461,
                        390.41304687603,
                        0.0,
                        -11200.693732841035
                    ],
                    [
                        0.0,
                        0.0,
                        0.0,
                        0.0
                    ],
                    [
                        -566.2116270272098,
                        -11200.693732841035,
                        0.0,
                        321343.4012815856
                    ]
                ],
                "mui": [
                    0.5000000000000004,
                    10.36677564957304,
                    10.0,
                    -296.26958587691956
                ],