{
    "expt_args": {
        "save_dir": "expt_logs_30.04.24-allunk",
        "exp_name": "145",
        "num_nodes": 4,
        "obs_noise_mean": 0.0,
        "obs_noise_var": 1.0,
        "max_edge_strength": 1.0,
        "graph_sparsity_method": "num_parents",
        "adj_dense_prop": null,
        "num_parents": 2,
        "new_noise_mean": 1.0,
        "mix_samples": 2048,
        "stage2_samples": 2048,
        "gmm_tol": 0.001,
        "intv_targets": [
            0,
            1,
            2,
            3
        ]
    },
    "intv_args_dict": {
        "0": {
            "intv_type": "do",
            "inode": 0,
            "new_mui": 1.0,
            "true_params": {
                "Si": [
                    [
                        0.0,
                        0.0,
                        0.0,
                        0.0
                    ],
                    [
                        0.0,
                        1.0,
                        -0.9447423491007609,
                        -0.276573459155239
                    ],
                    [
                        0.0,
                        -0.9447423491007609,
                        1.892538106184424,
                        -0.2879955267988801
                    ],
                    [
                        0.0,
                        -0.276573459155239,
                        -0.2879955267988801,
                        1.3782081927692291
                    ]
                ],
                "mui": [
                    1.0,
                    0.8157664684763359,
                    -1.4501622645949448,
                    0.1476058528852322
                ],
                "Ai": [
                    [
                        0.0,
                        0.0,
                        0.0,
                        0.0
                    ],
                    [
                        0.8157664684763359,
                        0.0,
                        0.0,
                        0.0
                    ],
                    [
                        -0.6794731348489792,
                        -0.9447423491007609,
                        0.0,
                        0.0
                    ],
                    [
                        -0.0,
                        -0.7955073811290163,
                        -0.5492861863001239,
                        0.0
                    ]
                ]
            },
            "est_params": {
                "mui": [
                    1.0000063250548052,
                    0.8483034984558321,
                    -1.5444706943930262,
                    0.09021083847196944
                ],
                "Si": [
                    [
                        1.016701267942266e-06,
                        2.5511834157340747e-06,
                        6.275765867709015e-06,
                        -3.2390382555272744e-06
                    ],
                    [
                        2.5511834157340747e-06,
                        0.9949024354833252,
                        -0.8980219312586394,
                        -0.2301162772620897
                    ],
                    [
                        6.275765867709015e-06,
                        -0.8980219312586394,
                        1.7289539053779583,
                        -0.22851720575329354
                    ],
                    [
                        -3.2390382555272744e-06,
                        -0.2301162772620897,
                        -0.22851720575329348,
                        1.226168290635393
                    ]
                ]
            },
            "est_tgt": [
                0
            ]
        },
        "1": {
            "intv_type": "do",
            "inode": 1,
            "new_mui": 1.0,
            "true_params": {
                "Si": [
                    [
                        1.0,
                        0.0,
                        -0.6794731348489792,
                        0.3732252069345856
                    ],
                    [
                        0.0,
                        0.0,
                        0.0,
                        0.0
                    ],
                    [
                        -0.6794731348489792,
                        0.0,
                        1.4616837409814991,
                        -0.8028826876606259
                    ],
                    [
                        0.3732252069345856,
                        0.0,
                        -0.8028826876606259,
                        1.4410123695514987
                    ]
                ],
                "mui": [
                    0.0,
                    1.0,
                    -0.9447423491007609,
                    -0.276573459155239
                ],
                "Ai": [
                    [
                        0.0,
                        0.0,
                        0.0,
                        0.0
                    ],
                    [
                        0.0,
                        0.0,
                        0.0,
                        0.0
                    ],
                    [
                        -0.6794731348489792,
                        -0.9447423491007609,
                        0.0,
                        0.0
                    ],
                    [
                        -0.0,
                        -0.7955073811290163,
                        -0.5492861863001239,
                        0.0
                    ]
                ]
            },
            "est_params": {
                "mui": [
                    -0.07706835305320296,
                    1.000000765146563,
                    -0.9187076398112382,
                    -0.3259111664581515
                ],
                "Si": [
                    [
                        0.9314963896899093,
                        -1.6196243023665575e-06,
                        -0.6769351083399533,
                        0.3752152079601475
                    ],
                    [
                        -1.6196243023665573e-06,
                        1.001496080150657e-06,
                        2.3602554526141555e-06,
                        -1.8047592590173637e-06
                    ],
                    [
                        -0.6769351083399533,
                        2.360255452614156e-06,
                        1.558073581329026,
                        -0.9085463385241201
                    ],
                    [
                        0.3752152079601475,
                        -1.8047592590173635e-06,
                        -0.9085463385241201,
                        1.574274862524386
                    ]
                ]
            },
            "est_tgt": [
                1,
                2
            ]
        },
        "2": {
            "intv_type": "do",
            "inode": 2,
            "new_mui": 1.0,
            "true_params": {
                "Si": [
                    [
                        1.0,
                        0.8157664684763359,
                        0.0,
                        -0.6489482469504763
                    ],
                    [
                        0.8157664684763359,
                        1.665474931090353,
                        0.0,
                        -1.3248976007677156
                    ],
                    [
                        0.0,
                        0.0,
                        0.0,
                        0.0
                    ],
                    [
                        -0.6489482469504763,
                        -1.3248976007677156,
                        0.0,
                        2.053965820650842
                    ]
                ],
                "mui": [
                    0.0,
                    0.0,
                    1.0,
                    -0.5492861863001239
                ],