{
    "expt_args": {
        "save_dir": "expt_logs_30.04.24-allunk",
        "exp_name": "149",
        "num_nodes": 4,
        "obs_noise_mean": 0.0,
        "obs_noise_var": 1.0,
        "max_edge_strength": 1.0,
        "graph_sparsity_method": "num_parents",
        "adj_dense_prop": null,
        "num_parents": 2,
        "new_noise_mean": 1.0,
        "mix_samples": 32768,
        "stage2_samples": 32768,
        "gmm_tol": 0.001,
        "intv_targets": [
            0,
            1,
            2,
            3
        ]
    },
    "intv_args_dict": {
        "0": {
            "intv_type": "do",
            "inode": 0,
            "new_mui": 1.0,
            "true_params": {
                "Si": [
                    [
                        0.0,
                        0.0,
                        0.0,
                        0.0
                    ],
                    [
                        0.0,
                        1.0,
                        0.9494800460182649,
                        -0.24006640081162856
                    ],
                    [
                        0.0,
                        0.9494800460182649,
                        1.9015123577868462,
                        0.3628297502553726
                    ],
                    [
                        0.0,
                        -0.24006640081162856,
                        0.3628297502553726,
                        1.4066387155378548
                    ]
                ],
                "mui": [
                    1.0,
                    -0.739950501895358,
                    -1.6619296817349993,
                    -0.38912279569494757
                ],
                "Ai": [
                    [
                        0.0,
                        0.0,
                        0.0,
                        0.0
                    ],
                    [
                        -0.739950501895358,
                        0.0,
                        0.0,
                        0.0
                    ],
                    [
                        -0.9593614451441567,
                        0.9494800460182649,
                        0.0,
                        0.0
                    ],
                    [
                        -0.0,
                        -0.8009888358019887,
                        0.5907680075454369,
                        0.0
                    ]
                ]
            },
            "est_params": {
                "mui": [
                    1.0000013418649627,
                    -0.738364739967293,
                    -1.6638901826567194,
                    -0.3828550979936901
                ],
                "Si": [
                    [
                        1.008800987633063e-06,
                        -6.834850718264503e-07,
                        -8.225709494237251e-07,
                        2.0481692239128148e-06
                    ],
                    [
                        -6.834850718264503e-07,
                        1.0059400536728764,
                        0.9623526709119172,
                        -0.23556024991594768
                    ],
                    [
                        -8.225709494237253e-07,
                        0.9623526709119172,
                        1.9375970245391314,
                        0.37110609687225476
                    ],
                    [
                        2.0481692239128148e-06,
                        -0.23556024991594768,
                        0.37110609687225476,
                        1.3868688787159793
                    ]
                ]
            },
            "est_tgt": [
                0,
                1,
                2,
                3
            ]
        },
        "1": {
            "intv_type": "do",
            "inode": 1,
            "new_mui": 1.0,
            "true_params": {
                "Si": [
                    [
                        1.0,
                        0.0,
                        -0.9593614451441567,
                        -0.5667600494637244
                    ],
                    [
                        0.0,
                        0.0,
                        0.0,
                        0.0
                    ],
                    [
                        -0.9593614451441567,
                        0.0,
                        1.9203743824290846,
                        1.1344957476489292
                    ],
                    [
                        -0.5667600494637244,
                        0.0,
                        1.1344957476489292,
                        1.6702237924073287
                    ]
                ],
                "mui": [
                    0.0,
                    1.0,
                    0.9494800460182649,
                    -0.24006640081162856
                ],
                "Ai": [
                    [
                        0.0,
                        0.0,
                        0.0,
                        0.0
                    ],
                    [
                        0.0,
                        0.0,
                        0.0,
                        0.0
                    ],
                    [
                        -0.9593614451441567,
                        0.9494800460182649,
                        0.0,
                        0.0
                    ],
                    [
                        -0.0,
                        -0.8009888358019887,
                        0.5907680075454369,
                        0.0
                    ]
                ]
            },
            "est_params": {
                "mui": [
                    0.006036880909228858,
                    1.000002607602262,
                    0.9507338081735116,
                    -0.24246927503017757
                ],
                "Si": [
                    [
                        0.9823848516860997,
                        -9.928157277062866e-07,
                        -0.9303605166474954,
                        -0.5546903981937973
                    ],
                    [
                        -9.92815727706287e-07,
                        1.0149147688777148e-06,
                        4.949269889863865e-07,
                        2.1132076969096604e-06
                    ],
                    [
                        -0.9303605166474954,
                        4.949269889863867e-07,
                        1.8992272952553733,
                        1.1162920638704166
                    ],
                    [
                        -0.5546903981937973,
                        2.1132076969096604e-06,
                        1.1162920638704166,
                        1.6765881318520433
                    ]
                ]
            },
            "est_tgt": [
                0,
                1,
                2,
                3
            ]
        },
        "2": {
            "intv_type": "do",
            "inode": 2,
            "new_mui": 1.0,
            "true_params": {
                "Si": [
                    [
                        1.0,
                        -0.739950501895358,
                        0.0,
                        0.59269209106426
                    ],
                    [
                        -0.739950501895358,
                        1.5475267452551922,
                        0.0,
                        -1.2395516460543972
                    ],
                    [
                        0.0,
                        0.0,
                        0.0,
                        0.0
                    ],
                    [
                        0.59269209106426,
                        -1.2395516460543972,
                        0.0,
                        1.9928670298895503
                    ]
                ],