{
    "expt_args": {
        "save_dir": "expt_logs_30.04.24-test",
        "exp_name": "7",
        "num_nodes": 4,
        "obs_noise_mean": 0.0,
        "obs_noise_var": 1.0,
        "max_edge_strength": 1.0,
        "graph_sparsity_method": "num_parents",
        "adj_dense_prop": null,
        "num_parents": 2,
        "new_noise_mean": 1.0,
        "mix_samples": 131072,
        "stage2_samples": 131072,
        "gmm_tol": 0.001,
        "intv_targets": [
            0,
            1,
            2,
            3
        ]
    },
    "intv_args_dict": {
        "0": {
            "intv_type": "do",
            "inode": 0,
            "new_mui": 1.0,
            "true_params": {
                "Si": [
                    [
                        0.0,
                        0.0,
                        0.0,
                        0.0
                    ],
                    [
                        0.0,
                        1.0,
                        0.9470397711540757,
                        1.119414146828131
                    ],
                    [
                        0.0,
                        0.9470397711540757,
                        1.896884328147564,
                        1.6260033394621165
                    ],
                    [
                        0.0,
                        1.119414146828131,
                        1.6260033394621165,
                        2.5733009882207982
                    ]
                ],
                "mui": [
                    1.0,
                    0.9076184268575185,
                    0.14168183083516606,
                    0.6097778230672849
                ],
                "Ai": [
                    [
                        0.0,
                        0.0,
                        0.0,
                        0.0
                    ],
                    [
                        0.9076184268575185,
                        0.0,
                        0.0,
                        0.0
                    ],
                    [
                        -0.7178689164312004,
                        0.9470397711540757,
                        0.0,
                        0.0
                    ],
                    [
                        -0.0,
                        0.5835093213249918,
                        0.5658736220233687,
                        0.0
                    ]
                ]
            },
            "est_params": {
                "mui": [
                    1.0000002310940443,
                    0.907956144604058,
                    0.1526084468179212,
                    0.6299027566608436
                ],
                "Si": [
                    [
                        1.0089274752031816e-06,
                        5.625465612445036e-07,
                        1.2284564391965015e-06,
                        7.318255934661702e-07
                    ],
                    [
                        5.625465612445037e-07,
                        0.9870868873606848,
                        0.9323804726608006,
                        1.1009524469276506
                    ],
                    [
                        1.2284564391965015e-06,
                        0.9323804726608006,
                        1.8905908041244148,
                        1.6101552498030212
                    ],
                    [
                        7.318255934661702e-07,
                        1.1009524469276506,
                        1.6101552498030212,
                        2.554560919622603
                    ]
                ]
            },
            "est_tgt": [
                0
            ]
        },
        "1": {
            "intv_type": "do",
            "inode": 1,
            "new_mui": 1.0,
            "true_params": {
                "Si": [
                    [
                        1.0,
                        0.0,
                        -0.7178689164312004,
                        -0.4062230838789143
                    ],
                    [
                        0.0,
                        0.0,
                        0.0,
                        0.0
                    ],
                    [
                        -0.7178689164312004,
                        0.0,
                        1.5153357811781059,
                        0.8574885470768655
                    ],
                    [
                        -0.4062230838789143,
                        0.0,
                        0.8574885470768655,
                        1.4852301499779417
                    ]
                ],
                "mui": [
                    0.0,
                    1.0,
                    0.9470397711540757,
                    1.119414146828131
                ],
                "Ai": [
                    [
                        0.0,
                        0.0,
                        0.0,
                        0.0
                    ],
                    [
                        0.0,
                        0.0,
                        0.0,
                        0.0
                    ],
                    [
                        -0.7178689164312004,
                        0.9470397711540757,
                        0.0,
                        0.0
                    ],
                    [
                        -0.0,
                        0.5835093213249918,
                        0.5658736220233687,
                        0.0
                    ]
                ]
            },
            "est_params": {
                "mui": [
                    0.0005428352236955257,
                    0.9999988875194491,
                    0.9447778723251834,
                    1.128820681795351
                ],
                "Si": [
                    [
                        1.0033037534159996,
                        -4.3352196915810053e-07,
                        -0.7225928872762802,
                        -0.4074803361532834
                    ],
                    [
                        -4.3352196915810053e-07,
                        1.010185168336192e-06,
                        8.401701259200174e-07,
                        2.3329963363847546e-07
                    ],
                    [
                        -0.7225928872762802,
                        8.401701259200174e-07,
                        1.5235378905330001,
                        0.870508169953916
                    ],
                    [
                        -0.4074803361532834,
                        2.332996336384755e-07,
                        0.870508169953916,
                        1.5106585684018352
                    ]
                ]
            },
            "est_tgt": [
                1
            ]
        },
        "2": {
            "intv_type": "do",
            "inode": 2,
            "new_mui": 1.0,
            "true_params": {
                "Si": [
                    [
                        1.0,
                        0.9076184268575185,
                        0.0,
                        0.5296038122776873
                    ],
                    [
                        0.9076184268575185,
                        1.8237712087713165,
                        0.0,
                        1.0641875002822108
                    ],
                    [
                        0.0,
                        0.0,
                        0.0,
                        0.0
                    ],
                    [
                        0.5296038122776873,
                        1.0641875002822108,
                        0.0,
                        1.6209633260522125
                    ]
                ],
                "mui": [
                    0.0,
                    0.0,
                    1.0,
                    0.5658736220233687
                ],