{
    "expt_args": {
        "save_dir": "expt_logs_30.04.24-test",
        "exp_name": "74",
        "num_nodes": 4,
        "obs_noise_mean": 0.0,
        "obs_noise_var": 1.0,
        "max_edge_strength": 1.0,
        "graph_sparsity_method": "num_parents",
        "adj_dense_prop": null,
        "num_parents": 2,
        "new_noise_mean": 1.0,
        "mix_samples": 4096,
        "stage2_samples": 4096,
        "gmm_tol": 0.001,
        "intv_targets": [
            0,
            1,
            2,
            3
        ]
    },
    "intv_args_dict": {
        "0": {
            "intv_type": "do",
            "inode": 0,
            "new_mui": 1.0,
            "true_params": {
                "Si": [
                    [
                        0.0,
                        0.0,
                        0.0,
                        0.0
                    ],
                    [
                        0.0,
                        1.0,
                        -0.6553946457820301,
                        0.7336291935061314
                    ],
                    [
                        0.0,
                        -0.6553946457820301,
                        1.4295421417197527,
                        -0.48081664541330743
                    ],
                    [
                        0.0,
                        0.7336291935061314,
                        -0.48081664541330743,
                        1.5382117935644568
                    ]
                ],
                "mui": [
                    1.0,
                    -0.9300007121376963,
                    1.3111335603027996,
                    -1.4877572910347219
                ],
                "Ai": [
                    [
                        0.0,
                        0.0,
                        0.0,
                        0.0
                    ],
                    [
                        -0.9300007121376963,
                        0.0,
                        0.0,
                        0.0
                    ],
                    [
                        0.7016160729942784,
                        -0.6553946457820301,
                        0.0,
                        0.0
                    ],
                    [
                        -0.8054816186290157,
                        0.7336291935061314,
                        0.0,
                        0.0
                    ]
                ]
            },
            "est_params": {
                "mui": [
                    1.0000037121448144,
                    -0.9285157896373809,
                    1.3707232939447247,
                    -1.4952656635137205
                ],
                "Si": [
                    [
                        1.0145702914883754e-06,
                        -2.6404622426391503e-06,
                        2.0955272757642004e-06,
                        -1.171506480127746e-06
                    ],
                    [
                        -2.6404622426391503e-06,
                        0.9733433837068224,
                        -0.6801377195341,
                        0.6664366473164263
                    ],
                    [
                        2.0955272757642004e-06,
                        -0.6801377195340998,
                        1.4010325808185882,
                        -0.5071762986331898
                    ],
                    [
                        -1.171506480127746e-06,
                        0.6664366473164263,
                        -0.5071762986331897,
                        1.451229630351029
                    ]
                ]
            },
            "est_tgt": [
                0
            ]
        },
        "1": {
            "intv_type": "do",
            "inode": 1,
            "new_mui": 1.0,
            "true_params": {
                "Si": [
                    [
                        1.0,
                        0.0,
                        0.7016160729942784,
                        -0.8054816186290157
                    ],
                    [
                        0.0,
                        0.0,
                        0.0,
                        0.0
                    ],
                    [
                        0.7016160729942784,
                        0.0,
                        1.4922651138839127,
                        -0.565138850131565
                    ],
                    [
                        -0.8054816186290157,
                        0.0,
                        -0.565138850131565,
                        1.648800637949219
                    ]
                ],
                "mui": [
                    0.0,
                    1.0,
                    -0.6553946457820301,
                    0.7336291935061314
                ],
                "Ai": [
                    [
                        0.0,
                        0.0,
                        0.0,
                        0.0
                    ],
                    [
                        0.0,
                        0.0,
                        0.0,
                        0.0
                    ],
                    [
                        0.7016160729942784,
                        -0.6553946457820301,
                        0.0,
                        0.0
                    ],
                    [
                        -0.8054816186290157,
                        0.7336291935061314,
                        0.0,
                        0.0
                    ]
                ]
            },
            "est_params": {
                "mui": [
                    0.05842618700231891,
                    1.0000028285464424,
                    -0.6276487619722295,
                    0.6988911685624044
                ],
                "Si": [
                    [
                        1.0472341385785193,
                        -2.5924939167257634e-06,
                        0.7529746062520968,
                        -0.8572604235436637
                    ],
                    [
                        -2.5924939167257634e-06,
                        1.0095979923847575e-06,
                        -3.638566549953035e-06,
                        1.5933830424727149e-06
                    ],
                    [
                        0.7529746062520968,
                        -3.638566549953036e-06,
                        1.5595980416160355,
                        -0.6397327026342574
                    ],
                    [
                        -0.8572604235436637,
                        1.593383042472715e-06,
                        -0.6397327026342574,
                        1.6762480124799595
                    ]
                ]
            },
            "est_tgt": [
                1
            ]
        },
        "2": {
            "intv_type": "do",
            "inode": 2,
            "new_mui": 1.0,
            "true_params": {
                "Si": [
                    [
                        1.0,
                        -0.9300007121376963,
                        0.0,
                        -1.4877572910347219
                    ],
                    [
                        -0.9300007121376963,
                        1.8649013245766222,
                        0.0,
                        2.1172445336564727
                    ],
                    [
                        0.0,
                        0.0,
                        0.0,
                        0.0
                    ],
                    [
                        -1.4877572910347219,
                        2.1172445336564727,
                        0.0,
                        3.751633550591431
                    ]
                ],
                "mui": [
                    0.0,
                    0.0,
                    1.0,
                    0.0
                ],