{
    "expt_args": {
        "save_dir": "expt_logs_30.04.24-test",
        "exp_name": "193",
        "num_nodes": 4,
        "obs_noise_mean": 0.0,
        "obs_noise_var": 1.0,
        "max_edge_strength": 1.0,
        "graph_sparsity_method": "num_parents",
        "adj_dense_prop": null,
        "num_parents": 2,
        "new_noise_mean": 1.0,
        "mix_samples": 2048,
        "stage2_samples": 2048,
        "gmm_tol": 0.001,
        "intv_targets": [
            0,
            1,
            2,
            3
        ]
    },
    "intv_args_dict": {
        "0": {
            "intv_type": "do",
            "inode": 0,
            "new_mui": 1.0,
            "true_params": {
                "Si": [
                    [
                        0.0,
                        0.0,
                        0.0,
                        0.0
                    ],
                    [
                        0.0,
                        1.0,
                        0.903915459904758,
                        -0.00319977885789291
                    ],
                    [
                        0.0,
                        0.903915459904758,
                        1.8170631586548303,
                        0.60469644552575
                    ],
                    [
                        0.0,
                        -0.00319977885789291,
                        0.60469644552575,
                        1.3691743582167246
                    ]
                ],
                "mui": [
                    1.0,
                    -0.5480564835109023,
                    0.07883401447097343,
                    0.3506498132042372
                ],
                "Ai": [
                    [
                        0.0,
                        0.0,
                        0.0,
                        0.0
                    ],
                    [
                        -0.5480564835109023,
                        0.0,
                        0.0,
                        0.0
                    ],
                    [
                        0.5742307428175151,
                        0.903915459904758,
                        0.0,
                        0.0
                    ],
                    [
                        -0.0,
                        -0.5524086659387006,
                        0.6075887751036758,
                        0.0
                    ]
                ]
            },
            "est_params": {
                "mui": [
                    0.9999994760800356,
                    -0.5295169711088055,
                    0.07617491999086791,
                    0.3398532320069719
                ],
                "Si": [
                    [
                        1.00122200194071e-06,
                        -1.3217648088910386e-07,
                        -5.960721795377505e-07,
                        -3.4586414376730824e-07
                    ],
                    [
                        -1.3217648088910386e-07,
                        1.0594001609593287,
                        0.9395992209356606,
                        -0.13197242819743035
                    ],
                    [
                        -5.960721795377506e-07,
                        0.9395992209356606,
                        1.896254188874284,
                        0.6227791885852384
                    ],
                    [
                        -3.4586414376730824e-07,
                        -0.13197242819743035,
                        0.6227791885852384,
                        1.4583206585513986
                    ]
                ]
            },
            "est_tgt": [
                0
            ]
        },
        "1": {
            "intv_type": "do",
            "inode": 1,
            "new_mui": 1.0,
            "true_params": {
                "Si": [
                    [
                        1.0,
                        0.0,
                        0.5742307428175151,
                        0.34889615365536786
                    ],
                    [
                        0.0,
                        0.0,
                        0.0,
                        0.0
                    ],
                    [
                        0.5742307428175151,
                        0.0,
                        1.329740945996755,
                        0.8079356725833715
                    ],
                    [
                        0.34889615365536786,
                        0.0,
                        0.8079356725833715,
                        1.4908926456674951
                    ]
                ],
                "mui": [
                    0.0,
                    1.0,
                    0.903915459904758,
                    -0.00319977885789291
                ],
                "Ai": [
                    [
                        0.0,
                        0.0,
                        0.0,
                        0.0
                    ],
                    [
                        0.0,
                        0.0,
                        0.0,
                        0.0
                    ],
                    [
                        0.5742307428175151,
                        0.903915459904758,
                        0.0,
                        0.0
                    ],
                    [
                        -0.0,
                        -0.5524086659387006,
                        0.6075887751036758,
                        0.0
                    ]
                ]
            },
            "est_params": {
                "mui": [
                    0.09161896136873773,
                    0.9999960860226328,
                    0.9563731557621985,
                    0.00015779931373687887
                ],
                "Si": [
                    [
                        1.0560900356237088,
                        9.270374120371579e-07,
                        0.6792776538923005,
                        0.4269203140278828
                    ],
                    [
                        9.270374120371579e-07,
                        1.025330807954936e-06,
                        3.3521370205802126e-06,
                        -1.051716459649439e-05
                    ],
                    [
                        0.6792776538923005,
                        3.352137020580213e-06,
                        1.3743039191138215,
                        0.8427806584206068
                    ],
                    [
                        0.4269203140278828,
                        -1.051716459649439e-05,
                        0.8427806584206068,
                        1.6088479833233627
                    ]
                ]
            },
            "est_tgt": [
                1,
                2
            ]
        },
        "2": {
            "intv_type": "do",
            "inode": 2,
            "new_mui": 1.0,
            "true_params": {
                "Si": [
                    [
                        1.0,
                        -0.5480564835109023,
                        0.0,
                        0.302751150915313
                    ],
                    [
                        -0.5480564835109023,
                        1.300365909118336,
                        0.0,
                        -0.7183333970882255
                    ],
                    [
                        0.0,
                        0.0,
                        0.0,
                        0.0
                    ],
                    [
                        0.302751150915313,
                        -0.7183333970882255,
                        0.0,
                        1.3968135935847217
                    ]
                ],
                "mui": [
                    0.0,
                    0.0,
                    1.0,
                    0.6075887751036758
                ],