{
    "expt_args": {
        "save_dir": "expt_logs_30.04.24-test",
        "exp_name": "174",
        "num_nodes": 4,
        "obs_noise_mean": 0.0,
        "obs_noise_var": 1.0,
        "max_edge_strength": 1.0,
        "graph_sparsity_method": "num_parents",
        "adj_dense_prop": null,
        "num_parents": 2,
        "new_noise_mean": 1.0,
        "mix_samples": 65536,
        "stage2_samples": 65536,
        "gmm_tol": 0.001,
        "intv_targets": [
            0,
            1,
            2,
            3
        ]
    },
    "intv_args_dict": {
        "0": {
            "intv_type": "do",
            "inode": 0,
            "new_mui": 1.0,
            "true_params": {
                "Si": [
                    [
                        0.0,
                        0.0,
                        0.0,
                        0.0
                    ],
                    [
                        0.0,
                        1.0,
                        -0.5673842947901646,
                        -0.840855591483884
                    ],
                    [
                        0.0,
                        -0.5673842947901646,
                        1.3219249379745324,
                        0.47708825679445027
                    ],
                    [
                        0.0,
                        -0.840855591483884,
                        0.47708825679445027,
                        1.7070381257297123
                    ]
                ],
                "mui": [
                    1.0,
                    0.7417914007713207,
                    0.34131048356132426,
                    0.05520234314790484
                ],
                "Ai": [
                    [
                        0.0,
                        0.0,
                        0.0,
                        0.0
                    ],
                    [
                        0.7417914007713207,
                        0.0,
                        0.0,
                        0.0
                    ],
                    [
                        0.7621912743693684,
                        -0.5673842947901646,
                        0.0,
                        0.0
                    ],
                    [
                        0.6789417902011325,
                        -0.840855591483884,
                        -0.0,
                        0.0
                    ]
                ]
            },
            "est_params": {
                "mui": [
                    1.0000006418354448,
                    0.7584457427998734,
                    0.31595465099984094,
                    0.05151623516451901
                ],
                "Si": [
                    [
                        1.0109445260277508e-06,
                        1.7680800806911697e-07,
                        -1.5244369433608926e-06,
                        -3.0132769372569173e-07
                    ],
                    [
                        1.7680800806911697e-07,
                        1.001604045897609,
                        -0.559659171719485,
                        -0.8262027183232876
                    ],
                    [
                        -1.5244369433608926e-06,
                        -0.559659171719485,
                        1.3125774801897496,
                        0.45194007138199954
                    ],
                    [
                        -3.013276937256918e-07,
                        -0.8262027183232876,
                        0.45194007138199954,
                        1.6870561246933684
                    ]
                ]
            },
            "est_tgt": [
                0
            ]
        },
        "1": {
            "intv_type": "do",
            "inode": 1,
            "new_mui": 1.0,
            "true_params": {
                "Si": [
                    [
                        1.0,
                        0.0,
                        0.7621912743693684,
                        0.6789417902011325
                    ],
                    [
                        0.0,
                        0.0,
                        0.0,
                        0.0
                    ],
                    [
                        0.7621912743693684,
                        0.0,
                        1.5809355387248019,
                        0.5174835082960215
                    ],
                    [
                        0.6789417902011325,
                        0.0,
                        0.5174835082960215,
                        1.4609619544815187
                    ]
                ],
                "mui": [
                    0.0,
                    1.0,
                    -0.5673842947901646,
                    -0.840855591483884
                ],
                "Ai": [
                    [
                        0.0,
                        0.0,
                        0.0,
                        0.0
                    ],
                    [
                        0.0,
                        0.0,
                        0.0,
                        0.0
                    ],
                    [
                        0.7621912743693684,
                        -0.5673842947901646,
                        0.0,
                        0.0
                    ],
                    [
                        0.6789417902011325,
                        -0.840855591483884,
                        -0.0,
                        0.0
                    ]
                ]
            },
            "est_params": {
                "mui": [
                    0.008886032134574414,
                    1.000000109701395,
                    -0.5634814789483705,
                    -0.8409681912966599
                ],
                "Si": [
                    [
                        0.9902708678172759,
                        4.135238126555303e-07,
                        0.7606215479940275,
                        0.6645691212985471
                    ],
                    [
                        4.1352381265553047e-07,
                        1.0084557792975944e-06,
                        -2.277391729137472e-08,
                        1.1160487370552685e-06
                    ],
                    [
                        0.7606215479940275,
                        -2.2773917291374595e-08,
                        1.5830282131773896,
                        0.5159055271659869
                    ],
                    [
                        0.664569121298547,
                        1.1160487370552685e-06,
                        0.5159055271659869,
                        1.430173209299944
                    ]
                ]
            },
            "est_tgt": [
                1
            ]
        },
        "2": {
            "intv_type": "do",
            "inode": 2,
            "new_mui": 1.0,
            "true_params": {
                "Si": [
                    [
                        1.0,
                        0.7417914007713207,
                        0.0,
                        0.05520234314790484
                    ],
                    [
                        0.7417914007713207,
                        1.550254482258278,
                        0.0,
                        -0.7999069680343406
                    ],
                    [
                        0.0,
                        0.0,
                        0.0,
                        0.0
                    ],
                    [
                        0.05520234314790484,
                        -0.7999069680343406,
                        0.0,
                        1.7100854244187316
                    ]
                ],
                "mui": [
                    0.0,
                    0.0,
                    1.0,
                    0.0
                ],