{
    "expt_args": {
        "save_dir": "expt_logs_30.04.24-test",
        "exp_name": "223",
        "num_nodes": 4,
        "obs_noise_mean": 0.0,
        "obs_noise_var": 1.0,
        "max_edge_strength": 1.0,
        "graph_sparsity_method": "num_parents",
        "adj_dense_prop": null,
        "num_parents": 2,
        "new_noise_mean": 1.0,
        "mix_samples": 131072,
        "stage2_samples": 131072,
        "gmm_tol": 0.001,
        "intv_targets": [
            0,
            1,
            2,
            3
        ]
    },
    "intv_args_dict": {
        "0": {
            "intv_type": "do",
            "inode": 0,
            "new_mui": 1.0,
            "true_params": {
                "Si": [
                    [
                        0.0,
                        0.0,
                        0.0,
                        0.0
                    ],
                    [
                        0.0,
                        1.0,
                        0.7086335495455592,
                        0.746632905461165
                    ],
                    [
                        0.0,
                        0.7086335495455592,
                        1.5021615075415387,
                        0.5290891260044593
                    ],
                    [
                        0.0,
                        0.746632905461165,
                        0.5290891260044593,
                        1.5574606955173809
                    ]
                ],
                "mui": [
                    1.0,
                    -0.6498218663833063,
                    0.45478431572116773,
                    -1.1060092057662616
                ],
                "Ai": [
                    [
                        0.0,
                        0.0,
                        0.0,
                        0.0
                    ],
                    [
                        -0.6498218663833063,
                        0.0,
                        0.0,
                        0.0
                    ],
                    [
                        0.9152698914686902,
                        0.7086335495455592,
                        0.0,
                        0.0
                    ],
                    [
                        -0.6208308176362968,
                        0.746632905461165,
                        -0.0,
                        0.0
                    ]
                ]
            },
            "est_params": {
                "mui": [
                    0.9999984504442917,
                    -0.6497818822596065,
                    0.444574756237849,
                    -1.108102237951594
                ],
                "Si": [
                    [
                        1.0118405586701896e-06,
                        -2.2219795051570346e-07,
                        -4.028991778683603e-08,
                        2.7870881772095377e-07
                    ],
                    [
                        -2.2219795051570354e-07,
                        1.001452949118,
                        0.7144459849652385,
                        0.7458221342864757
                    ],
                    [
                        -4.028991778683602e-08,
                        0.7144459849652385,
                        1.509094039656376,
                        0.5324595652330897
                    ],
                    [
                        2.7870881772095377e-07,
                        0.7458221342864757,
                        0.5324595652330897,
                        1.5544739769526177
                    ]
                ]
            },
            "est_tgt": [
                0
            ]
        },
        "1": {
            "intv_type": "do",
            "inode": 1,
            "new_mui": 1.0,
            "true_params": {
                "Si": [
                    [
                        1.0,
                        0.0,
                        0.9152698914686902,
                        -0.6208308176362968
                    ],
                    [
                        0.0,
                        0.0,
                        0.0,
                        0.0
                    ],
                    [
                        0.9152698914686902,
                        0.0,
                        1.8377189742291078,
                        -0.5682277550783915
                    ],
                    [
                        -0.6208308176362968,
                        0.0,
                        -0.5682277550783915,
                        1.3854309041269528
                    ]
                ],
                "mui": [
                    0.0,
                    1.0,
                    0.7086335495455592,
                    0.746632905461165
                ],
                "Ai": [
                    [
                        0.0,
                        0.0,
                        0.0,
                        0.0
                    ],
                    [
                        0.0,
                        0.0,
                        0.0,
                        0.0
                    ],
                    [
                        0.9152698914686902,
                        0.7086335495455592,
                        0.0,
                        0.0
                    ],
                    [
                        -0.6208308176362968,
                        0.746632905461165,
                        -0.0,
                        0.0
                    ]
                ]
            },
            "est_params": {
                "mui": [
                    0.005761343033156887,
                    0.9999988942854253,
                    0.7122138492090573,
                    0.7393810667041095
                ],
                "Si": [
                    [
                        0.989798107353072,
                        8.935248822270005e-07,
                        0.9074753841437588,
                        -0.6125952980036804
                    ],
                    [
                        8.935248822270009e-07,
                        1.0104947375319502e-06,
                        5.959540362720827e-07,
                        -2.1624747487838544e-07
                    ],
                    [
                        0.9074753841437588,
                        5.959540362720827e-07,
                        1.8422772295022016,
                        -0.5645605440595675
                    ],
                    [
                        -0.6125952980036803,
                        -2.1624747487838544e-07,
                        -0.5645605440595675,
                        1.3824275075218468
                    ]
                ]
            },
            "est_tgt": [
                1
            ]
        },
        "2": {
            "intv_type": "do",
            "inode": 2,
            "new_mui": 1.0,
            "true_params": {
                "Si": [
                    [
                        1.0,
                        -0.6498218663833063,
                        0.0,
                        -1.1060092057662616
                    ],
                    [
                        -0.6498218663833063,
                        1.4222684580298837,
                        0.0,
                        1.4653418717893154
                    ],
                    [
                        0.0,
                        0.0,
                        0.0,
                        0.0
                    ],
                    [
                        -1.1060092057662616,
                        1.4653418717893154,
                        0.0,
                        2.780717058757098
                    ]
                ],
                "mui": [
                    0.0,
                    0.0,
                    1.0,
                    0.0
                ],