{
    "expt_args": {
        "save_dir": "expt_logs_29.04.24-11",
        "exp_name": "127",
        "num_nodes": 4,
        "obs_noise_mean": 0.0,
        "obs_noise_var": 1.0,
        "max_edge_strength": 1.0,
        "num_parents": 2,
        "new_noise_mean": 1.0,
        "mix_samples": 131072,
        "stage2_samples": 131072,
        "intv_targets": [
            0,
            1,
            2,
            3
        ]
    },
    "intv_args_dict": {
        "0": {
            "intv_type": "do",
            "inode": 0,
            "new_mui": 1.0,
            "true_params": {
                "Si": [
                    [
                        0.0,
                        0.0,
                        0.0,
                        0.0
                    ],
                    [
                        0.0,
                        1.0,
                        0.9089076167872687,
                        0.8061903391459067
                    ],
                    [
                        0.0,
                        0.9089076167872687,
                        1.8261130558539125,
                        1.6197407488138624
                    ],
                    [
                        0.0,
                        0.8061903391459067,
                        1.6197407488138624,
                        2.4366909458085457
                    ]
                ],
                "mui": [
                    1.0,
                    -0.9037869243883225,
                    0.01006305287802245,
                    0.7292865730807462
                ],
                "Ai": [
                    [
                        0.0,
                        0.0,
                        0.0,
                        0.0
                    ],
                    [
                        -0.9037869243883225,
                        0.0,
                        0.0,
                        0.0
                    ],
                    [
                        0.8315218724073081,
                        0.9089076167872687,
                        0.0,
                        0.0
                    ],
                    [
                        0.7203607638315594,
                        0.0,
                        0.8869882089838365,
                        0.0
                    ]
                ]
            },
            "est_params": {
                "mui": [
                    1.0000003889614286,
                    -0.9020600493653574,
                    0.008650508112310062,
                    0.7341452147474902
                ],
                "Si": [
                    [
                        1.0100516256606883e-06,
                        -5.007592071413719e-07,
                        -3.5432372181596114e-07,
                        -4.5216343366523057e-07
                    ],
                    [
                        -5.007592071413719e-07,
                        0.9948990875752259,
                        0.903340519435704,
                        0.8133829170493535
                    ],
                    [
                        -3.5432372181596114e-07,
                        0.9033405194357038,
                        1.8278816643293474,
                        1.621098580594304
                    ],
                    [
                        -4.5216343366523035e-07,
                        0.8133829170493533,
                        1.6210985805943035,
                        2.436884062760901
                    ]
                ]
            },
            "est_tgt": [
                0
            ]
        },
        "1": {
            "intv_type": "do",
            "inode": 1,
            "new_mui": 1.0,
            "true_params": {
                "Si": [
                    [
                        1.0,
                        0.0,
                        0.8315218724073081,
                        1.4579108601690038
                    ],
                    [
                        0.0,
                        0.0,
                        0.0,
                        0.0
                    ],
                    [
                        0.8315218724073081,
                        0.0,
                        1.6914286242917558,
                        2.0992729772345156
                    ],
                    [
                        1.4579108601690038,
                        0.0,
                        2.0992729772345156,
                        3.9122521590750785
                    ]
                ],
                "mui": [
                    0.0,
                    1.0,
                    0.9089076167872687,
                    0.8061903391459067
                ],
                "Ai": [
                    [
                        0.0,
                        0.0,
                        0.0,
                        0.0
                    ],
                    [
                        0.0,
                        0.0,
                        0.0,
                        0.0
                    ],
                    [
                        0.8315218724073081,
                        0.9089076167872687,
                        0.0,
                        0.0
                    ],
                    [
                        0.7203607638315594,
                        0.0,
                        0.8869882089838365,
                        0.0
                    ]
                ]
            },
            "est_params": {
                "mui": [
                    0.012731078734913604,
                    1.0000012695161127,
                    0.9244696722567602,
                    0.8220322598838024
                ],
                "Si": [
                    [
                        1.0010085086662952,
                        -5.000094580670256e-07,
                        0.8415668878148771,
                        1.4640812342470029
                    ],
                    [
                        -5.000094580670256e-07,
                        1.0104399242626904e-06,
                        3.341278486814913e-07,
                        -5.801858489875716e-07
                    ],
                    [
                        0.8415668878148772,
                        3.341278486814913e-07,
                        1.7011438028294081,
                        2.1250919124582954
                    ],
                    [
                        1.4640812342470029,
                        -5.801858489875718e-07,
                        2.1250919124582954,
                        3.951338484767449
                    ]
                ]
            },
            "est_tgt": [
                1,
                2
            ]
        },
        "2": {
            "intv_type": "do",
            "inode": 2,
            "new_mui": 1.0,
            "true_params": {
                "Si": [
                    [
                        1.0,
                        -0.9037869243883225,
                        0.0,
                        0.7203607638315594
                    ],
                    [
                        -0.9037869243883225,
                        1.8168308046953034,
                        0.0,
                        -0.6510526391933479
                    ],
                    [
                        0.0,
                        0.0,
                        0.0,
                        0.0
                    ],
                    [
                        0.7203607638315594,
                        -0.6510526391933479,
                        0.0,
                        1.518919630067988
                    ]
                ],
                "mui": [
                    0.0,
                    0.0,
                    1.0,
                    0.8869882089838365
                ],