{
    "expt_args": {
        "save_dir": "expt_logs_29.04.24-11",
        "exp_name": "125",
        "num_nodes": 4,
        "obs_noise_mean": 0.0,
        "obs_noise_var": 1.0,
        "max_edge_strength": 1.0,
        "num_parents": 2,
        "new_noise_mean": 1.0,
        "mix_samples": 32768,
        "stage2_samples": 32768,
        "intv_targets": [
            0,
            1,
            2,
            3
        ]
    },
    "intv_args_dict": {
        "0": {
            "intv_type": "do",
            "inode": 0,
            "new_mui": 1.0,
            "true_params": {
                "Si": [
                    [
                        0.0,
                        0.0,
                        0.0,
                        0.0
                    ],
                    [
                        0.0,
                        1.0,
                        0.6753985935283976,
                        0.7401764472785072
                    ],
                    [
                        0.0,
                        0.6753985935283976,
                        1.4561632601401375,
                        0.4999141314547499
                    ],
                    [
                        0.0,
                        0.7401764472785072,
                        0.4999141314547499,
                        1.5478611731058327
                    ]
                ],
                "mui": [
                    1.0,
                    -0.8326129929494113,
                    0.22213186489374603,
                    0.0861264237488738
                ],
                "Ai": [
                    [
                        0.0,
                        0.0,
                        0.0,
                        0.0
                    ],
                    [
                        -0.8326129929494113,
                        0.0,
                        0.0,
                        0.0
                    ],
                    [
                        0.7844775092852481,
                        0.6753985935283976,
                        0.0,
                        0.0
                    ],
                    [
                        0.7024069508280938,
                        0.7401764472785072,
                        0.0,
                        0.0
                    ]
                ]
            },
            "est_params": {
                "mui": [
                    1.000000173297374,
                    -0.8420984266893949,
                    0.21698957629602636,
                    0.10057898241247602
                ],
                "Si": [
                    [
                        1.0123453070085967e-06,
                        -6.794831841231897e-07,
                        4.0238848426878626e-07,
                        1.4957870643342513e-06
                    ],
                    [
                        -6.794831841231897e-07,
                        0.9951007093476674,
                        0.6658238403959346,
                        0.7460456377078376
                    ],
                    [
                        4.023884842687864e-07,
                        0.6658238403959346,
                        1.4465237779284046,
                        0.48541738289946373
                    ],
                    [
                        1.4957870643342513e-06,
                        0.7460456377078376,
                        0.48541738289946373,
                        1.5622614001821322
                    ]
                ]
            },
            "est_tgt": [
                0
            ]
        },
        "1": {
            "intv_type": "do",
            "inode": 1,
            "new_mui": 1.0,
            "true_params": {
                "Si": [
                    [
                        1.0,
                        0.0,
                        0.7844775092852481,
                        0.7024069508280938
                    ],
                    [
                        0.0,
                        0.0,
                        0.0,
                        0.0
                    ],
                    [
                        0.7844775092852481,
                        0.0,
                        1.6154049625743865,
                        0.5510224552902687
                    ],
                    [
                        0.7024069508280938,
                        0.0,
                        0.5510224552902687,
                        1.4933755245716203
                    ]
                ],
                "mui": [
                    0.0,
                    1.0,
                    0.6753985935283976,
                    0.7401764472785072
                ],
                "Ai": [
                    [
                        0.0,
                        0.0,
                        0.0,
                        0.0
                    ],
                    [
                        0.0,
                        0.0,
                        0.0,
                        0.0
                    ],
                    [
                        0.7844775092852481,
                        0.6753985935283976,
                        0.0,
                        0.0
                    ],
                    [
                        0.7024069508280938,
                        0.7401764472785072,
                        0.0,
                        0.0
                    ]
                ]
            },
            "est_params": {
                "mui": [
                    -0.01827050959013919,
                    1.0000001664180949,
                    0.6826841726034476,
                    0.7205545823072339
                ],
                "Si": [
                    [
                        1.0086231503029885,
                        2.2037323121768305e-07,
                        0.8018884885515863,
                        0.7141073968497358
                    ],
                    [
                        2.2037323121768315e-07,
                        1.0081434262790297e-06,
                        1.5147926617642245e-06,
                        -7.887278773912272e-07
                    ],
                    [
                        0.8018884885515863,
                        1.5147926617642243e-06,
                        1.6140863159737626,
                        0.5664328800646299
                    ],
                    [
                        0.7141073968497358,
                        -7.887278773912272e-07,
                        0.56643288006463,
                        1.5118788279699127
                    ]
                ]
            },
            "est_tgt": [
                1
            ]
        },
        "2": {
            "intv_type": "do",
            "inode": 2,
            "new_mui": 1.0,
            "true_params": {
                "Si": [
                    [
                        1.0,
                        -0.8326129929494113,
                        0.0,
                        0.0861264237488738
                    ],
                    [
                        -0.8326129929494113,
                        1.6932443960281764,
                        0.0,
                        0.668466467828928
                    ],
                    [
                        0.0,
                        0.0,
                        0.0,
                        0.0
                    ],
                    [
                        0.0861264237488738,
                        0.668466467828928,
                        0.0,
                        1.5552789339736033
                    ]
                ],
                "mui": [
                    0.0,
                    0.0,
                    1.0,
                    0.0
                ],