{
    "expt_args": {
        "save_dir": "expt_logs_29.04.24-11",
        "exp_name": "194",
        "num_nodes": 4,
        "obs_noise_mean": 0.0,
        "obs_noise_var": 1.0,
        "max_edge_strength": 1.0,
        "num_parents": 2,
        "new_noise_mean": 1.0,
        "mix_samples": 4096,
        "stage2_samples": 4096,
        "intv_targets": [
            0,
            1,
            2,
            3
        ]
    },
    "intv_args_dict": {
        "0": {
            "intv_type": "do",
            "inode": 0,
            "new_mui": 1.0,
            "true_params": {
                "Si": [
                    [
                        0.0,
                        0.0,
                        0.0,
                        0.0
                    ],
                    [
                        0.0,
                        1.0,
                        -0.5394881936879833,
                        0.9701207011449393
                    ],
                    [
                        0.0,
                        -0.5394881936879833,
                        1.291047511128723,
                        -0.5233686647200032
                    ],
                    [
                        0.0,
                        0.9701207011449393,
                        -0.5233686647200032,
                        1.9411341747899487
                    ]
                ],
                "mui": [
                    1.0,
                    0.5126839765240097,
                    -1.1600765289960306,
                    1.130338058006327
                ],
                "Ai": [
                    [
                        0.0,
                        0.0,
                        0.0,
                        0.0
                    ],
                    [
                        0.5126839765240097,
                        0.0,
                        0.0,
                        0.0
                    ],
                    [
                        -0.8834895765683202,
                        -0.5394881936879833,
                        0.0,
                        0.0
                    ],
                    [
                        0.6329727192350791,
                        0.9701207011449393,
                        -0.0,
                        0.0
                    ]
                ]
            },
            "est_params": {
                "mui": [
                    1.0000013147069862,
                    0.44386302231777863,
                    -1.1543116172686076,
                    1.07238779383824
                ],
                "Si": [
                    [
                        1.018296700109023e-06,
                        1.1599062193846757e-06,
                        1.0527520853664417e-05,
                        2.482311997476736e-06
                    ],
                    [
                        1.1599062193846757e-06,
                        0.9784050149283462,
                        -0.5528697200577719,
                        0.9230187379482798
                    ],
                    [
                        1.0527520853664419e-05,
                        -0.5528697200577719,
                        1.3242773193277233,
                        -0.49569468031443065
                    ],
                    [
                        2.482311997476736e-06,
                        0.9230187379482798,
                        -0.4956946803144307,
                        1.8315390668996054
                    ]
                ]
            },
            "est_tgt": [
                0
            ]
        },
        "1": {
            "intv_type": "do",
            "inode": 1,
            "new_mui": 1.0,
            "true_params": {
                "Si": [
                    [
                        1.0,
                        0.0,
                        -0.8834895765683202,
                        0.6329727192350791
                    ],
                    [
                        0.0,
                        0.0,
                        0.0,
                        0.0
                    ],
                    [
                        -0.8834895765683202,
                        0.0,
                        1.7805538319048697,
                        -0.5592247996962982
                    ],
                    [
                        0.6329727192350791,
                        0.0,
                        -0.5592247996962982,
                        1.4006544632958504
                    ]
                ],
                "mui": [
                    0.0,
                    1.0,
                    -0.5394881936879833,
                    0.9701207011449393
                ],
                "Ai": [
                    [
                        0.0,
                        0.0,
                        0.0,
                        0.0
                    ],
                    [
                        0.0,
                        0.0,
                        0.0,
                        0.0
                    ],
                    [
                        -0.8834895765683202,
                        -0.5394881936879833,
                        0.0,
                        0.0
                    ],
                    [
                        0.6329727192350791,
                        0.9701207011449393,
                        -0.0,
                        0.0
                    ]
                ]
            },
            "est_params": {
                "mui": [
                    -0.006473569972084067,
                    0.9999971455230167,
                    -0.5558084302173819,
                    1.0189029738265258
                ],
                "Si": [
                    [
                        0.94388495624968,
                        2.4250062535905905e-06,
                        -0.8201021630461528,
                        0.5918052418608325
                    ],
                    [
                        2.4250062535905905e-06,
                        1.034424384692546e-06,
                        -3.0057238029189545e-06,
                        -5.801233269625271e-06
                    ],
                    [
                        -0.8201021630461528,
                        -3.0057238029189545e-06,
                        1.7176186339968336,
                        -0.5281927593056408
                    ],
                    [
                        0.5918052418608325,
                        -5.80123326962527e-06,
                        -0.5281927593056408,
                        1.2677521103565978
                    ]
                ]
            },
            "est_tgt": [
                1,
                2
            ]
        },
        "2": {
            "intv_type": "do",
            "inode": 2,
            "new_mui": 1.0,
            "true_params": {
                "Si": [
                    [
                        1.0,
                        0.5126839765240097,
                        0.0,
                        1.130338058006327
                    ],
                    [
                        0.5126839765240097,
                        1.2628448597844713,
                        0.0,
                        1.5496269115400496
                    ],
                    [
                        0.0,
                        0.0,
                        0.0,
                        0.0
                    ],
                    [
                        1.130338058006327,
                        1.5496269115400496,
                        0.0,
                        3.2187983001674634
                    ]
                ],
                "mui": [
                    0.0,
                    0.0,
                    1.0,
                    0.0
                ],