{
    "expt_args": {
        "save_dir": "all_expt_logs/expt_logs_30.04.24-igsp",
        "exp_name": "174",
        "num_nodes": 4,
        "obs_noise_mean": 0.0,
        "obs_noise_var": 1.0,
        "max_edge_strength": 1.0,
        "graph_sparsity_method": "adj_dense_prop",
        "adj_dense_prop": 0.8,
        "num_parents": null,
        "new_noise_mean": 1.0,
        "mix_samples": 65536,
        "stage2_samples": 65536,
        "gmm_tol": 0.001,
        "intv_type": "do",
        "new_noise_sigma": 0.0,
        "intv_targets": [
            0,
            1,
            2,
            3
        ]
    },
    "intv_args_dict": {
        "0": {
            "intv_type": "do",
            "inode": 0,
            "new_mui": 1.0,
            "new_sigmai": 0.0,
            "true_params": {
                "Si": [
                    [
                        0.0,
                        0.0,
                        0.0,
                        0.0
                    ],
                    [
                        0.0,
                        1.0,
                        0.8462186966657608,
                        0.04285170807492866
                    ],
                    [
                        0.0,
                        0.8462186966657608,
                        1.7160860825866988,
                        0.7356173076346295
                    ],
                    [
                        0.0,
                        0.04285170807492866,
                        0.7356173076346295,
                        1.4909342319141883
                    ]
                ],
                "mui": [
                    1.0,
                    0.582989508330096,
                    1.3961477791296522,
                    0.049474070728973696
                ],
                "Ai": [
                    [
                        0.0,
                        0.0,
                        0.0,
                        0.0
                    ],
                    [
                        0.582989508330096,
                        0.0,
                        0.0,
                        0.0
                    ],
                    [
                        0.9028111572207456,
                        0.8462186966657608,
                        0.0,
                        0.0
                    ],
                    [
                        -0.6068938754200344,
                        -0.548955899468899,
                        0.6993553910775617,
                        0.0
                    ]
                ]
            },
            "est_params": {
                "mui": [
                    0.9999994345249538,
                    0.5808389421513238,
                    1.3933719374417306,
                    0.045945828115084436
                ],
                "Si": [
                    [
                        1.0120596623579091e-06,
                        2.1492628670334461e-07,
                        3.1263890423333245e-07,
                        -9.044487419686865e-07
                    ],
                    [
                        2.1492628670334475e-07,
                        0.9928658421057521,
                        0.8491957032176514,
                        0.05155261183644644
                    ],
                    [
                        3.1263890423333245e-07,
                        0.8491957032176514,
                        1.7203208477340712,
                        0.74923825462937
                    ],
                    [
                        -9.044487419686866e-07,
                        0.05155261183644644,
                        0.74923825462937,
                        1.5265679406190593
                    ]
                ]
            },
            "est_tgt": [
                0
            ]
        },
        "1": {
            "intv_type": "do",
            "inode": 1,
            "new_mui": 1.0,
            "new_sigmai": 0.0,
            "true_params": {
                "Si": [
                    [
                        1.0,
                        0.0,
                        0.9028111572207456,
                        0.024491974507266256
                    ],
                    [
                        0.0,
                        0.0,
                        0.0,
                        0.0
                    ],
                    [
                        0.9028111572207456,
                        0.0,
                        1.8150679856022618,
                        0.7214670189250878
                    ],
                    [
                        0.024491974507266256,
                        0.0,
                        0.7214670189250878,
                        1.4896978198445139
                    ]
                ],
                "mui": [
                    0.0,
                    1.0,
                    0.8462186966657608,
                    0.04285170807492866
                ],
                "Ai": [
                    [
                        0.0,
                        0.0,
                        0.0,
                        0.0
                    ],
                    [
                        0.0,
                        0.0,
                        0.0,
                        0.0
                    ],
                    [
                        0.9028111572207456,
                        0.8462186966657608,
                        0.0,
                        0.0
                    ],
                    [
                        -0.6068938754200344,
                        -0.548955899468899,
                        0.6993553910775617,
                        0.0
                    ]
                ]
            },
            "est_params": {
                "mui": [
                    0.006890913685212752,
                    1.0000001126003322,
                    0.8509466361858913,
                    0.03361539296916323
                ],
                "Si": [
                    [
                        1.0276526100765329,
                        8.055350051844267e-08,
                        0.9253126837655604,
                        0.024023984329173513
                    ],
                    [
                        8.055350051844274e-08,
                        1.0096853759737559e-06,
                        -1.6748202379434995e-06,
                        -5.424215546149145e-07
                    ],
                    [
                        0.9253126837655604,
                        -1.6748202379434995e-06,
                        1.8321405527176966,
                        0.7180166060525736
                    ],
                    [
                        0.024023984329173506,
                        -5.424215546149144e-07,
                        0.7180166060525736,
                        1.4767983496060748
                    ]
                ]
            },
            "est_tgt": [
                1
            ]
        },
        "2": {
            "intv_type": "do",
            "inode": 2,
            "new_mui": 1.0,
            "new_sigmai": 0.0,
            "true_params": {
                "Si": [
                    [
                        1.0,
                        0.582989508330096,
                        0.0,
                        -0.9269294053463134
                    ],
                    [
                        0.582989508330096,
                        1.3398767668229672,
                        0.0,
                        -1.0893460177484546
                    ],
                    [
                        0.0,
                        0.0,
                        0.0,
                        0.0
                    ],
                    [
                        -0.9269294053463134,
                        -1.0893460177484546,
                        0.0,
                        2.160550702057378
                    ]
                ],