{
    "expt_args": {
        "save_dir": "all_expt_logs/expt_logs_30.04.24-igsp",
        "exp_name": "49",
        "num_nodes": 4,
        "obs_noise_mean": 0.0,
        "obs_noise_var": 1.0,
        "max_edge_strength": 1.0,
        "graph_sparsity_method": "adj_dense_prop",
        "adj_dense_prop": 0.8,
        "num_parents": null,
        "new_noise_mean": 1.0,
        "mix_samples": 2048,
        "stage2_samples": 2048,
        "gmm_tol": 0.001,
        "intv_type": "do",
        "new_noise_sigma": 0.0,
        "intv_targets": [
            0,
            1,
            2,
            3
        ]
    },
    "intv_args_dict": {
        "0": {
            "intv_type": "do",
            "inode": 0,
            "new_mui": 1.0,
            "new_sigmai": 0.0,
            "true_params": {
                "Si": [
                    [
                        0.0,
                        0.0,
                        0.0,
                        0.0
                    ],
                    [
                        0.0,
                        1.0,
                        0.8452290688018214,
                        -0.9167539024237346
                    ],
                    [
                        0.0,
                        0.8452290688018214,
                        1.714412178747594,
                        -0.7748670472660489
                    ],
                    [
                        0.0,
                        -0.9167539024237346,
                        -0.7748670472660489,
                        1.8404377176091462
                    ]
                ],
                "mui": [
                    1.0,
                    0.0,
                    -0.9306072616690835,
                    0.5189157717582896
                ],
                "Ai": [
                    [
                        0.0,
                        0.0,
                        0.0,
                        0.0
                    ],
                    [
                        0.0,
                        0.0,
                        0.0,
                        0.0
                    ],
                    [
                        -0.9306072616690835,
                        0.8452290688018214,
                        0.0,
                        0.0
                    ],
                    [
                        0.5189157717582896,
                        -0.9167539024237346,
                        0.0,
                        0.0
                    ]
                ]
            },
            "est_params": {
                "mui": [
                    1.0000007980931052,
                    0.08004901452603468,
                    -0.8522728668969605,
                    0.4371303144123624
                ],
                "Si": [
                    [
                        1.0006935704700967e-06,
                        7.260412962056979e-07,
                        -1.0881606824665869e-08,
                        -1.127088904484405e-06
                    ],
                    [
                        7.26041296205698e-07,
                        0.9859347631888687,
                        0.8736120521049338,
                        -0.8505945854329964
                    ],
                    [
                        -1.0881606824665859e-08,
                        0.8736120521049339,
                        1.7336456415394828,
                        -0.7678662511249491
                    ],
                    [
                        -1.127088904484405e-06,
                        -0.8505945854329964,
                        -0.7678662511249493,
                        1.7873030077052152
                    ]
                ]
            },
            "est_tgt": [
                0
            ]
        },
        "1": {
            "intv_type": "do",
            "inode": 1,
            "new_mui": 1.0,
            "new_sigmai": 0.0,
            "true_params": {
                "Si": [
                    [
                        1.0,
                        0.0,
                        -0.9306072616690835,
                        0.5189157717582896
                    ],
                    [
                        0.0,
                        0.0,
                        0.0,
                        0.0
                    ],
                    [
                        -0.9306072616690835,
                        0.0,
                        1.86602987547123,
                        -0.482906785392881
                    ],
                    [
                        0.5189157717582896,
                        0.0,
                        -0.482906785392881,
                        1.2692735781795013
                    ]
                ],
                "mui": [
                    0.0,
                    1.0,
                    0.8452290688018214,
                    -0.9167539024237346
                ],
                "Ai": [
                    [
                        0.0,
                        0.0,
                        0.0,
                        0.0
                    ],
                    [
                        0.0,
                        0.0,
                        0.0,
                        0.0
                    ],
                    [
                        -0.9306072616690835,
                        0.8452290688018214,
                        0.0,
                        0.0
                    ],
                    [
                        0.5189157717582896,
                        -0.9167539024237346,
                        0.0,
                        0.0
                    ]
                ]
            },
            "est_params": {
                "mui": [
                    0.07001143712388677,
                    0.9999995070329892,
                    0.8081158308247443,
                    -0.9184032217139314
                ],
                "Si": [
                    [
                        0.9536812677999208,
                        3.8974005219550857e-07,
                        -0.8917980581896897,
                        0.49258989609964626
                    ],
                    [
                        3.8974005219550857e-07,
                        1.0002121434089963e-06,
                        -7.528807345461296e-07,
                        3.7847296038416646e-07
                    ],
                    [
                        -0.8917980581896897,
                        -7.528807345461296e-07,
                        1.8821354750900077,
                        -0.499496794992044
                    ],
                    [
                        0.49258989609964626,
                        3.7847296038416646e-07,
                        -0.499496794992044,
                        1.1410450940027512
                    ]
                ]
            },
            "est_tgt": [
                1
            ]
        },
        "2": {
            "intv_type": "do",
            "inode": 2,
            "new_mui": 1.0,
            "new_sigmai": 0.0,
            "true_params": {
                "Si": [
                    [
                        1.0,
                        0.0,
                        0.0,
                        0.5189157717582896
                    ],
                    [
                        0.0,
                        1.0,
                        0.0,
                        -0.9167539024237346
                    ],
                    [
                        0.0,
                        0.0,
                        0.0,
                        0.0
                    ],
                    [
                        0.5189157717582896,
                        -0.9167539024237346,
                        0.0,
                        2.1097112957886477
                    ]
                ],