{
    "expt_args": {
        "save_dir": "all_expt_logs/expt_logs_30.04.24-igsp",
        "exp_name": "3",
        "num_nodes": 4,
        "obs_noise_mean": 0.0,
        "obs_noise_var": 1.0,
        "max_edge_strength": 1.0,
        "graph_sparsity_method": "adj_dense_prop",
        "adj_dense_prop": 0.8,
        "num_parents": null,
        "new_noise_mean": 1.0,
        "mix_samples": 8192,
        "stage2_samples": 8192,
        "gmm_tol": 0.001,
        "intv_type": "do",
        "new_noise_sigma": 0.0,
        "intv_targets": [
            0,
            1,
            2,
            3
        ]
    },
    "intv_args_dict": {
        "0": {
            "intv_type": "do",
            "inode": 0,
            "new_mui": 1.0,
            "new_sigmai": 0.0,
            "true_params": {
                "Si": [
                    [
                        0.0,
                        0.0,
                        0.0,
                        0.0
                    ],
                    [
                        0.0,
                        1.0,
                        0.8452290688018214,
                        -0.9167539024237346
                    ],
                    [
                        0.0,
                        0.8452290688018214,
                        1.714412178747594,
                        -0.7748670472660489
                    ],
                    [
                        0.0,
                        -0.9167539024237346,
                        -0.7748670472660489,
                        1.8404377176091462
                    ]
                ],
                "mui": [
                    1.0,
                    0.0,
                    -0.9306072616690835,
                    0.5189157717582896
                ],
                "Ai": [
                    [
                        0.0,
                        0.0,
                        0.0,
                        0.0
                    ],
                    [
                        0.0,
                        0.0,
                        0.0,
                        0.0
                    ],
                    [
                        -0.9306072616690835,
                        0.8452290688018214,
                        0.0,
                        0.0
                    ],
                    [
                        0.5189157717582896,
                        -0.9167539024237346,
                        0.0,
                        0.0
                    ]
                ]
            },
            "est_params": {
                "mui": [
                    0.999997902570697,
                    -0.012494533675598926,
                    -0.9487666568478874,
                    0.50619666000551
                ],
                "Si": [
                    [
                        1.007382779117334e-06,
                        3.6322117388657267e-07,
                        -5.611827643044385e-07,
                        1.8782821832543669e-06
                    ],
                    [
                        3.6322117388657267e-07,
                        0.9750522835352395,
                        0.824296979328095,
                        -0.8566045313613654
                    ],
                    [
                        -5.611827643044385e-07,
                        0.824296979328095,
                        1.6576864884989904,
                        -0.759212066331094
                    ],
                    [
                        1.8782821832543669e-06,
                        -0.8566045313613656,
                        -0.759212066331094,
                        1.7121470267848269
                    ]
                ]
            },
            "est_tgt": [
                0
            ]
        },
        "1": {
            "intv_type": "do",
            "inode": 1,
            "new_mui": 1.0,
            "new_sigmai": 0.0,
            "true_params": {
                "Si": [
                    [
                        1.0,
                        0.0,
                        -0.9306072616690835,
                        0.5189157717582896
                    ],
                    [
                        0.0,
                        0.0,
                        0.0,
                        0.0
                    ],
                    [
                        -0.9306072616690835,
                        0.0,
                        1.86602987547123,
                        -0.482906785392881
                    ],
                    [
                        0.5189157717582896,
                        0.0,
                        -0.482906785392881,
                        1.2692735781795013
                    ]
                ],
                "mui": [
                    0.0,
                    1.0,
                    0.8452290688018214,
                    -0.9167539024237346
                ],
                "Ai": [
                    [
                        0.0,
                        0.0,
                        0.0,
                        0.0
                    ],
                    [
                        0.0,
                        0.0,
                        0.0,
                        0.0
                    ],
                    [
                        -0.9306072616690835,
                        0.8452290688018214,
                        0.0,
                        0.0
                    ],
                    [
                        0.5189157717582896,
                        -0.9167539024237346,
                        0.0,
                        0.0
                    ]
                ]
            },
            "est_params": {
                "mui": [
                    -0.012630993638309274,
                    1.000001332534292,
                    0.8387350388507093,
                    -0.9107072840716273
                ],
                "Si": [
                    [
                        1.0027402650511335,
                        2.918613224007291e-07,
                        -0.9453398097466499,
                        0.5298154682442403
                    ],
                    [
                        2.918613224007291e-07,
                        1.00425609962959e-06,
                        1.208621961416066e-06,
                        6.309049624922146e-07
                    ],
                    [
                        -0.9453398097466499,
                        1.208621961416066e-06,
                        1.8901720323175666,
                        -0.49727099874472114
                    ],
                    [
                        0.5298154682442403,
                        6.309049624922147e-07,
                        -0.4972709987447212,
                        1.2038306528352973
                    ]
                ]
            },
            "est_tgt": [
                1
            ]
        },
        "2": {
            "intv_type": "do",
            "inode": 2,
            "new_mui": 1.0,
            "new_sigmai": 0.0,
            "true_params": {
                "Si": [
                    [
                        1.0,
                        0.0,
                        0.0,
                        0.5189157717582896
                    ],
                    [
                        0.0,
                        1.0,
                        0.0,
                        -0.9167539024237346
                    ],
                    [
                        0.0,
                        0.0,
                        0.0,
                        0.0
                    ],
                    [
                        0.5189157717582896,
                        -0.9167539024237346,
                        0.0,
                        2.1097112957886477
                    ]
                ],