{
    "expt_args": {
        "save_dir": "all_expt_logs/expt_logs_30.04.24-igsp",
        "exp_name": "199",
        "num_nodes": 4,
        "obs_noise_mean": 0.0,
        "obs_noise_var": 1.0,
        "max_edge_strength": 1.0,
        "graph_sparsity_method": "adj_dense_prop",
        "adj_dense_prop": 0.8,
        "num_parents": null,
        "new_noise_mean": 1.0,
        "mix_samples": 131072,
        "stage2_samples": 131072,
        "gmm_tol": 0.001,
        "intv_type": "do",
        "new_noise_sigma": 0.0,
        "intv_targets": [
            0,
            1,
            2,
            3
        ]
    },
    "intv_args_dict": {
        "0": {
            "intv_type": "do",
            "inode": 0,
            "new_mui": 1.0,
            "new_sigmai": 0.0,
            "true_params": {
                "Si": [
                    [
                        0.0,
                        0.0,
                        0.0,
                        0.0
                    ],
                    [
                        0.0,
                        1.0,
                        0.0,
                        0.89382794539507
                    ],
                    [
                        0.0,
                        0.0,
                        1.0,
                        -0.8764291189494084
                    ],
                    [
                        0.0,
                        0.89382794539507,
                        -0.8764291189494084,
                        2.5670563965116084
                    ]
                ],
                "mui": [
                    1.0,
                    -0.9879434364994422,
                    0.0,
                    -0.1406651649213181
                ],
                "Ai": [
                    [
                        0.0,
                        0.0,
                        0.0,
                        0.0
                    ],
                    [
                        -0.9879434364994422,
                        0.0,
                        0.0,
                        0.0
                    ],
                    [
                        0.0,
                        -0.0,
                        0.0,
                        0.0
                    ],
                    [
                        0.7423862870915231,
                        0.89382794539507,
                        -0.8764291189494084,
                        0.0
                    ]
                ]
            },
            "est_params": {
                "mui": [
                    1.0000001339723583,
                    -0.9914364455945796,
                    0.002462137908734566,
                    -0.13870880638998823
                ],
                "Si": [
                    [
                        1.0075184183378833e-06,
                        6.035403694728835e-08,
                        -2.908807253864713e-07,
                        -2.6267078230637328e-09
                    ],
                    [
                        6.035403694728815e-08,
                        1.0028724558864202,
                        0.001981560919180663,
                        0.8896046272612002
                    ],
                    [
                        -2.908807253864713e-07,
                        0.001981560919180656,
                        1.002382892161753,
                        -0.8809119669484724
                    ],
                    [
                        -2.6267078230639474e-09,
                        0.8896046272612002,
                        -0.8809119669484724,
                        2.5744203227932196
                    ]
                ]
            },
            "est_tgt": [
                0
            ]
        },
        "1": {
            "intv_type": "do",
            "inode": 1,
            "new_mui": 1.0,
            "new_sigmai": 0.0,
            "true_params": {
                "Si": [
                    [
                        1.0,
                        0.0,
                        0.0,
                        0.7423862870915231
                    ],
                    [
                        0.0,
                        0.0,
                        0.0,
                        0.0
                    ],
                    [
                        0.0,
                        0.0,
                        1.0,
                        -0.8764291189494084
                    ],
                    [
                        0.7423862870915231,
                        0.0,
                        -0.8764291189494084,
                        2.3192653998039736
                    ]
                ],
                "mui": [
                    0.0,
                    1.0,
                    0.0,
                    0.89382794539507
                ],
                "Ai": [
                    [
                        0.0,
                        0.0,
                        0.0,
                        0.0
                    ],
                    [
                        0.0,
                        0.0,
                        0.0,
                        0.0
                    ],
                    [
                        0.0,
                        -0.0,
                        0.0,
                        0.0
                    ],
                    [
                        0.7423862870915231,
                        0.89382794539507,
                        -0.8764291189494084,
                        0.0
                    ]
                ]
            },
            "est_params": {
                "mui": [
                    0.00043915057550051657,
                    1.0000003351857951,
                    -0.005614312138911781,
                    0.9041955463195457
                ],
                "Si": [
                    [
                        0.9930620917120339,
                        -5.39297590418332e-08,
                        0.005882879785747036,
                        0.7218741447767346
                    ],
                    [
                        -5.3929759041833217e-08,
                        1.0083988942871678e-06,
                        -5.911384408515595e-07,
                        -5.997417110000528e-07
                    ],
                    [
                        0.005882879785747035,
                        -5.911384408515594e-07,
                        0.98515205885104,
                        -0.8541142412646926
                    ],
                    [
                        0.7218741447767346,
                        -5.997417110000527e-07,
                        -0.8541142412646926,
                        2.2832554003242596
                    ]
                ]
            },
            "est_tgt": [
                1
            ]
        },
        "2": {
            "intv_type": "do",
            "inode": 2,
            "new_mui": 1.0,
            "new_sigmai": 0.0,
            "true_params": {
                "Si": [
                    [
                        1.0,
                        -0.9879434364994422,
                        0.0,
                        -0.1406651649213181
                    ],
                    [
                        -0.9879434364994422,
                        1.9760322337223273,
                        0.0,
                        1.0327971718231979
                    ],
                    [
                        0.0,
                        0.0,
                        0.0,
                        0.0
                    ],
                    [
                        -0.1406651649213181,
                        1.0327971718231979,
                        0.0,
                        1.8187150845915139
                    ]
                ],
                "mui": [
                    0.0,
                    0.0,
                    1.0,
                    -0.8764291189494084
                ],