{
    "expt_args": {
        "save_dir": "all_expt_logs/expt_logs_30.04.24-igsp",
        "exp_name": "192",
        "num_nodes": 4,
        "obs_noise_mean": 0.0,
        "obs_noise_var": 1.0,
        "max_edge_strength": 1.0,
        "graph_sparsity_method": "adj_dense_prop",
        "adj_dense_prop": 0.8,
        "num_parents": null,
        "new_noise_mean": 1.0,
        "mix_samples": 1024,
        "stage2_samples": 1024,
        "gmm_tol": 0.001,
        "intv_type": "do",
        "new_noise_sigma": 0.0,
        "intv_targets": [
            0,
            1,
            2,
            3
        ]
    },
    "intv_args_dict": {
        "0": {
            "intv_type": "do",
            "inode": 0,
            "new_mui": 1.0,
            "new_sigmai": 0.0,
            "true_params": {
                "Si": [
                    [
                        0.0,
                        0.0,
                        0.0,
                        0.0
                    ],
                    [
                        0.0,
                        1.0,
                        -0.9394673857006393,
                        -1.2087441984187137
                    ],
                    [
                        0.0,
                        -0.9394673857006393,
                        1.8825989687951936,
                        1.8336624865581672
                    ],
                    [
                        0.0,
                        -1.2087441984187137,
                        1.8336624865581672,
                        2.9483876260803075
                    ]
                ],
                "mui": [
                    1.0,
                    -0.6919077249928549,
                    1.4143135036511607,
                    2.3306227600523726
                ],
                "Ai": [
                    [
                        0.0,
                        0.0,
                        0.0,
                        0.0
                    ],
                    [
                        -0.6919077249928549,
                        0.0,
                        0.0,
                        0.0
                    ],
                    [
                        0.7642887621060463,
                        -0.9394673857006393,
                        0.0,
                        0.0
                    ],
                    [
                        0.9607434654809768,
                        -0.5529144789761085,
                        0.6980867344889234,
                        0.0
                    ]
                ]
            },
            "est_params": {
                "mui": [
                    0.9999976769642193,
                    -0.6768235225667766,
                    1.3560273412305939,
                    2.2981217205014985
                ],
                "Si": [
                    [
                        1.0020195350943992e-06,
                        -2.5674199432774298e-06,
                        8.267435588686514e-07,
                        5.272640007217876e-06
                    ],
                    [
                        -2.5674199432774298e-06,
                        0.9395553462650772,
                        -0.7239552688150085,
                        -0.9221260077021507
                    ],
                    [
                        8.267435588686514e-07,
                        -0.7239552688150085,
                        1.4567038163387758,
                        1.3412773764620316
                    ],
                    [
                        5.272640007217876e-06,
                        -0.9221260077021506,
                        1.341277376462032,
                        2.1697691408160082
                    ]
                ]
            },
            "est_tgt": [
                0,
                1,
                2,
                3
            ]
        },
        "1": {
            "intv_type": "do",
            "inode": 1,
            "new_mui": 1.0,
            "new_sigmai": 0.0,
            "true_params": {
                "Si": [
                    [
                        1.0,
                        0.0,
                        0.7642887621060463,
                        1.4942833116261682
                    ],
                    [
                        0.0,
                        0.0,
                        0.0,
                        0.0
                    ],
                    [
                        0.7642887621060463,
                        0.0,
                        1.5841373118815927,
                        1.840150676967411
                    ],
                    [
                        1.4942833116261682,
                        0.0,
                        1.840150676967411,
                        3.720207704273877
                    ]
                ],
                "mui": [
                    0.0,
                    1.0,
                    -0.9394673857006393,
                    -1.2087441984187137
                ],
                "Ai": [
                    [
                        0.0,
                        0.0,
                        0.0,
                        0.0
                    ],
                    [
                        0.0,
                        0.0,
                        0.0,
                        0.0
                    ],
                    [
                        0.7642887621060463,
                        -0.9394673857006393,
                        0.0,
                        0.0
                    ],
                    [
                        0.9607434654809768,
                        -0.5529144789761085,
                        0.6980867344889234,
                        0.0
                    ]
                ]
            },
            "est_params": {
                "mui": [
                    0.03879180830411845,
                    0.999999999999986,
                    -0.8660764294277818,
                    -1.0847926440656885
                ],
                "Si": [
                    [
                        0.9422127617021745,
                        1.7923262042419478e-14,
                        0.6227351675518602,
                        1.2457079165812486
                    ],
                    [
                        1.7923262042419478e-14,
                        1.0000000000697205e-06,
                        1.8561225831203177e-14,
                        -2.8170925980411847e-14
                    ],
                    [
                        0.6227351675518602,
                        1.8561225831203174e-14,
                        1.3701614323655238,
                        1.4511466045461432
                    ],
                    [
                        1.2457079165812486,
                        -2.817092598041184e-14,
                        1.4511466045461432,
                        3.149777063210438
                    ]
                ]
            },
            "est_tgt": [
                0,
                1
            ]
        },
        "2": {
            "intv_type": "do",
            "inode": 2,
            "new_mui": 1.0,
            "new_sigmai": 0.0,