{
    "expt_args": {
        "save_dir": "all_expt_logs/expt_logs_11.05.24-main_plus_oracle_donoisepert",
        "exp_name": "97",
        "num_nodes": 4,
        "obs_noise_mean": 0.0,
        "obs_noise_var": 1.0,
        "max_edge_strength": 1.0,
        "graph_sparsity_method": "adj_dense_prop",
        "adj_dense_prop": 0.8,
        "num_parents": null,
        "new_noise_mean": 1.0,
        "mix_samples": 2048,
        "stage2_samples": 2048,
        "gmm_tol": 0.001,
        "intv_type": "do",
        "new_noise_sigma": 0.0,
        "intv_targets": [
            0,
            1,
            2,
            3
        ]
    },
    "intv_args_dict": {
        "0": {
            "intv_type": "do",
            "inode": 0,
            "new_mui": 1.0,
            "new_sigmai": 0.0,
            "true_params": {
                "Si": [
                    [
                        1e-09,
                        0.0,
                        0.0,
                        -9.582295090487305e-10
                    ],
                    [
                        0.0,
                        1.0,
                        0.7559736085666948,
                        -0.9819729552493903
                    ],
                    [
                        0.0,
                        0.7559736085666948,
                        1.5714960968493503,
                        -0.7423456384947831
                    ],
                    [
                        -9.582295090487305e-10,
                        -0.9819729552493903,
                        -0.7423456384947831,
                        1.9642708857594249
                    ]
                ],
                "mui": [
                    1.0,
                    0.0,
                    0.0,
                    -0.9582295090487305
                ],
                "Ai": [
                    [
                        0.0,
                        0.0,
                        0.0,
                        0.0
                    ],
                    [
                        -0.0,
                        0.0,
                        0.0,
                        0.0
                    ],
                    [
                        -0.0,
                        0.7559736085666948,
                        0.0,
                        0.0
                    ],
                    [
                        -0.9582295090487305,
                        -0.9819729552493903,
                        0.0,
                        0.0
                    ]
                ]
            },
            "est_params": {
                "mui": [
                    1.0000002788108724,
                    0.05031255497854222,
                    0.06925195287638626,
                    -1.0091468160554309
                ],
                "Si": [
                    [
                        1.000344569455686e-06,
                        1.0892260969053795e-08,
                        1.9908337917106914e-07,
                        4.3119139205135196e-07
                    ],
                    [
                        1.0892260969053795e-08,
                        1.0857558641230152,
                        0.7599889926336917,
                        -1.1110764247507963
                    ],
                    [
                        1.9908337917106914e-07,
                        0.7599889926336917,
                        1.5421262135428493,
                        -0.826727849589948
                    ],
                    [
                        4.3119139205135196e-07,
                        -1.1110764247507963,
                        -0.8267278495899478,
                        2.2248322137814487
                    ]
                ]
            },
            "est_tgt": [
                0
            ],
            "oracle_est_tgt": [
                0
            ]
        },
        "1": {
            "intv_type": "do",
            "inode": 1,
            "new_mui": 1.0,
            "new_sigmai": 0.0,
            "true_params": {
                "Si": [
                    [
                        1.0,
                        0.0,
                        0.0,
                        -0.9582295090487305
                    ],
                    [
                        0.0,
                        1e-09,
                        7.559736085666949e-10,
                        -9.819729552493903e-10
                    ],
                    [
                        0.0,
                        7.559736085666949e-10,
                        1.0000000005714962,
                        -7.423456384947832e-10
                    ],
                    [
                        -0.9582295090487305,
                        -9.819729552493903e-10,
                        -7.423456384947831e-10,
                        1.9182037929760418
                    ]
                ],
                "mui": [
                    0.0,
                    1.0,
                    0.7559736085666948,
                    -0.9819729552493903
                ],
                "Ai": [
                    [
                        0.0,
                        0.0,
                        0.0,
                        0.0
                    ],
                    [
                        0.0,
                        0.0,
                        0.0,
                        0.0
                    ],
                    [
                        -0.0,
                        0.7559736085666948,
                        0.0,
                        0.0
                    ],
                    [
                        -0.9582295090487305,
                        -0.9819729552493903,
                        0.0,
                        0.0
                    ]
                ]
            },
            "est_params": {
                "mui": [
                    0.0025223875770534728,
                    0.999999957721056,
                    0.7792490175127837,
                    -1.0097977704325665
                ],
                "Si": [
                    [
                        1.1233120535508572,
                        5.927144301781435e-08,
                        0.03050422960240357,
                        -0.9860804865175298
                    ],
                    [
                        5.927144301781437e-08,
                        1.0006620921106805e-06,
                        1.947984909840564e-07,
                        -1.8623309153390592e-07
                    ],
                    [
                        0.03050422960240356,
                        1.9479849098405646e-07,
                        0.9306378642963056,
                        -0.06605241761882638
                    ],
                    [
                        -0.9860804865175298,
                        -1.8623309153390597e-07,
                        -0.0660524176188264,
                        1.795325559815699
                    ]
                ]
            },
            "est_tgt": [
                1
            ],
            "oracle_est_tgt": [
                1
            ]
        },
        "2": {
            "intv_type": "do",
            "inode": 2,
            "new_mui": 1.0,
            "new_sigmai": 0.0,