{
    "expt_args": {
        "save_dir": "all_expt_logs/expt_logs_11.05.24-main_plus_oracle_donoisepert",
        "exp_name": "75",
        "num_nodes": 4,
        "obs_noise_mean": 0.0,
        "obs_noise_var": 1.0,
        "max_edge_strength": 1.0,
        "graph_sparsity_method": "adj_dense_prop",
        "adj_dense_prop": 0.8,
        "num_parents": null,
        "new_noise_mean": 1.0,
        "mix_samples": 8192,
        "stage2_samples": 8192,
        "gmm_tol": 0.001,
        "intv_type": "do",
        "new_noise_sigma": 0.0,
        "intv_targets": [
            0,
            1,
            2,
            3
        ]
    },
    "intv_args_dict": {
        "0": {
            "intv_type": "do",
            "inode": 0,
            "new_mui": 1.0,
            "new_sigmai": 0.0,
            "true_params": {
                "Si": [
                    [
                        1e-09,
                        0.0,
                        7.176942916688795e-10,
                        1.1167183064150745e-09
                    ],
                    [
                        0.0,
                        1.0,
                        0.0,
                        -0.8091746148672974
                    ],
                    [
                        7.176942916688795e-10,
                        0.0,
                        1.000000000515085,
                        0.7928058565395747
                    ],
                    [
                        1.1167183064150745e-09,
                        -0.8091746148672974,
                        0.7928058565395747,
                        2.2833046834853397
                    ]
                ],
                "mui": [
                    1.0,
                    0.0,
                    0.7176942916688794,
                    1.1167183064150743
                ],
                "Ai": [
                    [
                        0.0,
                        0.0,
                        0.0,
                        0.0
                    ],
                    [
                        0.0,
                        0.0,
                        0.0,
                        0.0
                    ],
                    [
                        0.7176942916688794,
                        0.0,
                        0.0,
                        0.0
                    ],
                    [
                        0.54772606935017,
                        -0.8091746148672974,
                        0.7928058557381124,
                        0.0
                    ]
                ]
            },
            "est_params": {
                "mui": [
                    1.0000031066607826,
                    -0.021306260800177102,
                    0.6769069636583475,
                    1.0960260682843634
                ],
                "Si": [
                    [
                        1.0141852168349427e-06,
                        3.925047724553526e-06,
                        2.1900790092359385e-06,
                        -3.7731598874310864e-06
                    ],
                    [
                        3.925047724553526e-06,
                        0.9793004545837678,
                        0.022463684045992655,
                        -0.8045652624873151
                    ],
                    [
                        2.1900790092359385e-06,
                        0.02246368404599266,
                        1.012087857600985,
                        0.7371189387845497
                    ],
                    [
                        -3.7731598874310864e-06,
                        -0.8045652624873152,
                        0.7371189387845497,
                        2.219953929045143
                    ]
                ]
            },
            "est_tgt": [
                0
            ],
            "oracle_est_tgt": [
                0
            ]
        },
        "1": {
            "intv_type": "do",
            "inode": 1,
            "new_mui": 1.0,
            "new_sigmai": 0.0,
            "true_params": {
                "Si": [
                    [
                        1.0,
                        0.0,
                        0.7176942916688794,
                        1.1167183064150743
                    ],
                    [
                        0.0,
                        1e-09,
                        0.0,
                        -8.091746148672974e-10
                    ],
                    [
                        0.7176942916688794,
                        0.0,
                        1.5150850962940945,
                        1.59426820965435
                    ],
                    [
                        1.1167183064150743,
                        -8.091746148672974e-10,
                        1.59426820965435,
                        2.875600901429956
                    ]
                ],
                "mui": [
                    0.0,
                    1.0,
                    0.0,
                    -0.8091746148672974
                ],
                "Ai": [
                    [
                        0.0,
                        0.0,
                        0.0,
                        0.0
                    ],
                    [
                        0.0,
                        0.0,
                        0.0,
                        0.0
                    ],
                    [
                        0.7176942916688794,
                        0.0,
                        0.0,
                        0.0
                    ],
                    [
                        0.54772606935017,
                        -0.8091746148672974,
                        0.7928058557381124,
                        0.0
                    ]
                ]
            },
            "est_params": {
                "mui": [
                    -0.017809497300269803,
                    1.0000006906417302,
                    -0.016857867952608768,
                    -0.8096526917299809
                ],
                "Si": [
                    [
                        0.965999072666655,
                        2.396254505754179e-06,
                        0.6993660252532157,
                        1.072573652157081
                    ],
                    [
                        2.396254505754179e-06,
                        1.0227213208680197e-06,
                        1.4515537740143843e-06,
                        -4.714174072320463e-07
                    ],
                    [
                        0.6993660252532157,
                        1.4515537740143843e-06,
                        1.5382131710467728,
                        1.6016157804476814
                    ],
                    [
                        1.072573652157081,
                        -4.7141740723204657e-07,
                        1.6016157804476814,
                        2.8725781802977712
                    ]
                ]
            },
            "est_tgt": [
                1
            ],
            "oracle_est_tgt": [
                1
            ]
        },
        "2": {
            "intv_type": "do",
            "inode": 2,
            "new_mui": 1.0,
            "new_sigmai": 0.0,