{
    "expt_args": {
        "save_dir": "expt_logs_29.04.24-5",
        "exp_name": "83",
        "num_nodes": 4,
        "obs_noise_mean": 0.5,
        "obs_noise_var": 1.0,
        "max_edge_strength": 1.0,
        "num_parents": 2,
        "new_noise_mean": 10.0,
        "mix_samples": 8192,
        "stage2_samples": 8192,
        "intv_targets": [
            0,
            1,
            2,
            3
        ]
    },
    "intv_args_dict": {
        "0": {
            "intv_type": "do",
            "inode": 0,
            "new_mui": 10.0,
            "true_params": {
                "Si": [
                    [
                        0.0,
                        0.0,
                        0.0,
                        0.0
                    ],
                    [
                        0.0,
                        1.0,
                        0.5647278542008354,
                        0.5367130171829508
                    ],
                    [
                        0.0,
                        0.5647278542008354,
                        1.31891754931028,
                        1.2534891134555561
                    ],
                    [
                        0.0,
                        0.5367130171829508,
                        1.2534891134555561,
                        2.191306430317243
                    ]
                ],
                "mui": [
                    10.0,
                    2.039235139555605,
                    -1.0028320904624612,
                    -4.503935707425903
                ],
                "Ai": [
                    [
                        0.0,
                        0.0,
                        0.0,
                        0.0
                    ],
                    [
                        0.15392351395556048,
                        0.0,
                        0.0,
                        0.0
                    ],
                    [
                        -0.2654444975034639,
                        0.5647278542008354,
                        0.0,
                        0.0
                    ],
                    [
                        -0.40508517874523364,
                        0.0,
                        0.9503923229401723,
                        0.0
                    ]
                ]
            },
            "est_params": {
                "mui": [
                    10.0,
                    2.0587901385854837,
                    -0.9921614880839037,
                    -4.459824983772305
                ],
                "Si": [
                    [
                        1e-06,
                        0.0,
                        0.0,
                        0.0
                    ],
                    [
                        0.0,
                        0.9827625134487633,
                        0.5227662385090428,
                        0.48963886670207174
                    ],
                    [
                        0.0,
                        0.5227662385090428,
                        1.325101527889888,
                        1.2568497986781393
                    ],
                    [
                        0.0,
                        0.48963886670207174,
                        1.2568497986781393,
                        2.2093649099700765
                    ]
                ]
            },
            "est_tgt": [
                0
            ]
        },
        "1": {
            "intv_type": "do",
            "inode": 1,
            "new_mui": 10.0,
            "true_params": {
                "Si": [
                    [
                        1.0,
                        0.0,
                        -0.2654444975034639,
                        -0.6573615913392374
                    ],
                    [
                        0.0,
                        0.0,
                        0.0,
                        0.0
                    ],
                    [
                        -0.2654444975034639,
                        0.0,
                        1.0704607812548665,
                        1.1248853402312935
                    ],
                    [
                        -0.6573615913392374,
                        0.0,
                        1.1248853402312935,
                        2.3353698292716714
                    ]
                ],
                "mui": [
                    0.5,
                    10.0,
                    6.0145562932566214,
                    6.013645537629976
                ],
                "Ai": [
                    [
                        0.0,
                        0.0,
                        0.0,
                        0.0
                    ],
                    [
                        0.0,
                        0.0,
                        0.0,
                        0.0
                    ],
                    [
                        -0.2654444975034639,
                        0.5647278542008354,
                        0.0,
                        0.0
                    ],
                    [
                        -0.40508517874523364,
                        0.0,
                        0.9503923229401723,
                        0.0
                    ]
                ]
            },
            "est_params": {
                "mui": [
                    0.46999116503323346,
                    10.0,
                    6.012223016637214,
                    6.0623081869641675
                ],
                "Si": [
                    [
                        0.9949431342455802,
                        0.0,
                        -0.2928594088187457,
                        -0.658141268416133
                    ],
                    [
                        0.0,
                        1e-06,
                        0.0,
                        0.0
                    ],
                    [
                        -0.2928594088187457,
                        0.0,
                        1.0661323945340457,
                        1.1076268428694582
                    ],
                    [
                        -0.658141268416133,
                        0.0,
                        1.1076268428694582,
                        2.3112334738244593
                    ]
                ]
            },
            "est_tgt": [
                1
            ]
        },
        "2": {
            "intv_type": "do",
            "inode": 2,
            "new_mui": 10.0,
            "true_params": {
                "Si": [
                    [
                        1.0,
                        0.15392351395556048,
                        0.0,
                        -0.40508517874523364
                    ],
                    [
                        0.15392351395556048,
                        1.0236924481484275,
                        0.0,
                        -0.06235213416378268
                    ],
                    [
                        0.0,
                        0.0,
                        0.0,
                        0.0
                    ],
                    [
                        -0.40508517874523364,
                        -0.06235213416378268,
                        0.0,
                        1.1640940020390578
                    ]
                ],
                "mui": [
                    0.5,
                    0.5769617569777803,
                    10.0,
                    9.801380640029105
                ],