{
    "expt_args": {
        "save_dir": "expt_logs_29.04.24-5",
        "exp_name": "103",
        "num_nodes": 4,
        "obs_noise_mean": 0.5,
        "obs_noise_var": 1.0,
        "max_edge_strength": 1.0,
        "num_parents": 2,
        "new_noise_mean": 10.0,
        "mix_samples": 131072,
        "stage2_samples": 131072,
        "intv_targets": [
            0,
            1,
            2,
            3
        ]
    },
    "intv_args_dict": {
        "0": {
            "intv_type": "do",
            "inode": 0,
            "new_mui": 10.0,
            "true_params": {
                "Si": [
                    [
                        0.0,
                        0.0,
                        0.0,
                        0.0
                    ],
                    [
                        0.0,
                        1.0,
                        -0.1487951701607998,
                        0.5893841303657369
                    ],
                    [
                        0.0,
                        -0.1487951701607998,
                        1.0221400026631813,
                        -0.08769751196784482
                    ],
                    [
                        0.0,
                        0.5893841303657369,
                        -0.08769751196784482,
                        1.347373653126976
                    ]
                ],
                "mui": [
                    10.0,
                    -3.022230308236419,
                    -2.107505185420941,
                    0.9576593445884831
                ],
                "Ai": [
                    [
                        0.0,
                        0.0,
                        0.0,
                        0.0
                    ],
                    [
                        -0.3522230308236419,
                        0.0,
                        0.0,
                        0.0
                    ],
                    [
                        -0.30571984584001055,
                        -0.1487951701607998,
                        0.0,
                        0.0
                    ],
                    [
                        0.22389139265733782,
                        0.5893841303657369,
                        0.0,
                        0.0
                    ]
                ]
            },
            "est_params": {
                "mui": [
                    10.0,
                    -3.017801684655777,
                    -2.1079447304265404,
                    0.9547352099977406
                ],
                "Si": [
                    [
                        1e-06,
                        0.0,
                        0.0,
                        0.0
                    ],
                    [
                        0.0,
                        0.9854782728263201,
                        -0.1497542305236913,
                        0.5777049485955761
                    ],
                    [
                        0.0,
                        -0.1497542305236913,
                        1.0194275662705852,
                        -0.0826014551298752
                    ],
                    [
                        0.0,
                        0.5777049485955761,
                        -0.0826014551298752,
                        1.34436697770952
                    ]
                ]
            },
            "est_tgt": [
                0,
                3
            ]
        },
        "1": {
            "intv_type": "do",
            "inode": 1,
            "new_mui": 10.0,
            "true_params": {
                "Si": [
                    [
                        1.0,
                        0.0,
                        -0.30571984584001055,
                        0.22389139265733782
                    ],
                    [
                        0.0,
                        0.0,
                        0.0,
                        0.0
                    ],
                    [
                        -0.30571984584001055,
                        0.0,
                        1.0934646241404398,
                        -0.06844804204810659
                    ],
                    [
                        0.22389139265733782,
                        0.0,
                        -0.06844804204810659,
                        1.0501273557060422
                    ]
                ],
                "mui": [
                    0.5,
                    10.0,
                    -1.1408116245280033,
                    6.505786999986038
                ],
                "Ai": [
                    [
                        0.0,
                        0.0,
                        0.0,
                        0.0
                    ],
                    [
                        0.0,
                        0.0,
                        0.0,
                        0.0
                    ],
                    [
                        -0.30571984584001055,
                        -0.1487951701607998,
                        0.0,
                        0.0
                    ],
                    [
                        0.22389139265733782,
                        0.5893841303657369,
                        0.0,
                        0.0
                    ]
                ]
            },
            "est_params": {
                "mui": [
                    0.49721778649409176,
                    10.0,
                    -1.134046032174955,
                    6.498213085697758
                ],
                "Si": [
                    [
                        0.9990623331963449,
                        0.0,
                        -0.30383379204652333,
                        0.22235866028395235
                    ],
                    [
                        0.0,
                        1e-06,
                        0.0,
                        0.0
                    ],
                    [
                        -0.30383379204652333,
                        0.0,
                        1.1008011170056458,
                        -0.06818040146513965
                    ],
                    [
                        0.22235866028395235,
                        0.0,
                        -0.06818040146513965,
                        1.0489893430989996
                    ]
                ]
            },
            "est_tgt": [
                1,
                3
            ]
        },
        "2": {
            "intv_type": "do",
            "inode": 2,
            "new_mui": 10.0,
            "true_params": {
                "Si": [
                    [
                        1.0,
                        -0.3522230308236419,
                        0.0,
                        0.016296727940561473
                    ],
                    [
                        -0.3522230308236419,
                        1.1240610634425923,
                        0.0,
                        0.583644047458004
                    ],
                    [
                        0.0,
                        0.0,
                        0.0,
                        0.0
                    ],
                    [
                        0.016296727940561473,
                        0.583644047458004,
                        0.0,
                        1.3476392364685446
                    ]
                ],
                "mui": [
                    0.5,
                    0.32388848458817904,
                    10.0,
                    0.8028404291531491
                ],