{
    "expt_args": {
        "save_dir": "expt_logs_29.04.24-5",
        "exp_name": "144",
        "num_nodes": 4,
        "obs_noise_mean": 0.5,
        "obs_noise_var": 1.0,
        "max_edge_strength": 1.0,
        "num_parents": 2,
        "new_noise_mean": 10.0,
        "mix_samples": 1024,
        "stage2_samples": 1024,
        "intv_targets": [
            0,
            1,
            2,
            3
        ]
    },
    "intv_args_dict": {
        "0": {
            "intv_type": "do",
            "inode": 0,
            "new_mui": 10.0,
            "true_params": {
                "Si": [
                    [
                        0.0,
                        0.0,
                        0.0,
                        0.0
                    ],
                    [
                        0.0,
                        1.0,
                        -0.5788579404592419,
                        -0.2332319011799699
                    ],
                    [
                        0.0,
                        -0.5788579404592419,
                        1.335076515232715,
                        0.5379254772274822
                    ],
                    [
                        0.0,
                        -0.2332319011799699,
                        0.5379254772274822,
                        1.2167395020052285
                    ]
                ],
                "mui": [
                    10.0,
                    2.5870092455000084,
                    5.446062560829874,
                    9.954226347460272
                ],
                "Ai": [
                    [
                        0.0,
                        0.0,
                        0.0,
                        0.0
                    ],
                    [
                        0.20870092455000083,
                        0.0,
                        0.0,
                        0.0
                    ],
                    [
                        0.6443573404629026,
                        -0.5788579404592419,
                        0.0,
                        0.0
                    ],
                    [
                        0.725991331100147,
                        0.0,
                        0.40291733926105144,
                        0.0
                    ]
                ]
            },
            "est_params": {
                "mui": [
                    10.0,
                    2.694138844122545,
                    5.256752332907385,
                    9.816903266798791
                ],
                "Si": [
                    [
                        1e-06,
                        0.0,
                        0.0,
                        0.0
                    ],
                    [
                        0.0,
                        1.0143054333499861,
                        -0.5164736237776272,
                        -0.11981952847033076
                    ],
                    [
                        0.0,
                        -0.5164736237776272,
                        1.2613316962284626,
                        0.5724328472769088
                    ],
                    [
                        0.0,
                        -0.11981952847033076,
                        0.5724328472769088,
                        1.1316064957313985
                    ]
                ]
            },
            "est_tgt": [
                0,
                1
            ]
        },
        "1": {
            "intv_type": "do",
            "inode": 1,
            "new_mui": 10.0,
            "true_params": {
                "Si": [
                    [
                        1.0,
                        0.0,
                        0.6443573404629026,
                        0.9856140762527872
                    ],
                    [
                        0.0,
                        0.0,
                        0.0,
                        0.0
                    ],
                    [
                        0.6443573404629026,
                        0.0,
                        1.415196382208425,
                        1.038005004158098
                    ],
                    [
                        0.9856140762527872,
                        0.0,
                        1.038005004158098,
                        2.1337774895848405
                    ]
                ],
                "mui": [
                    0.5,
                    10.0,
                    -4.966400734360967,
                    -1.1380533040427796
                ],
                "Ai": [
                    [
                        0.0,
                        0.0,
                        0.0,
                        0.0
                    ],
                    [
                        0.0,
                        0.0,
                        0.0,
                        0.0
                    ],
                    [
                        0.6443573404629026,
                        -0.5788579404592419,
                        0.0,
                        0.0
                    ],
                    [
                        0.725991331100147,
                        0.0,
                        0.40291733926105144,
                        0.0
                    ]
                ]
            },
            "est_params": {
                "mui": [
                    0.5645598804489373,
                    10.0,
                    -4.925381443574558,
                    -1.0135273519331143
                ],
                "Si": [
                    [
                        1.0870013288488647,
                        0.0,
                        0.6078353400648783,
                        0.9877417244068939
                    ],
                    [
                        0.0,
                        1e-06,
                        0.0,
                        0.0
                    ],
                    [
                        0.6078353400648783,
                        0.0,
                        1.1876989667819324,
                        0.9825812579437153
                    ],
                    [
                        0.9877417244068939,
                        0.0,
                        0.9825812579437153,
                        2.2187823665680257
                    ]
                ]
            },
            "est_tgt": [
                1
            ]
        },
        "2": {
            "intv_type": "do",
            "inode": 2,
            "new_mui": 10.0,
            "true_params": {
                "Si": [
                    [
                        1.0,
                        0.20870092455000083,
                        0.0,
                        0.725991331100147
                    ],
                    [
                        0.20870092455000083,
                        1.0435560759080251,
                        0.0,
                        0.15151506201588646
                    ],
                    [
                        0.0,
                        0.0,
                        0.0,
                        0.0
                    ],
                    [
                        0.725991331100147,
                        0.15151506201588646,
                        0.0,
                        1.5270634128325633
                    ]
                ],
                "mui": [
                    0.5,
                    0.6043504622750004,
                    10.0,
                    4.892169058160588
                ],