{
    "expt_args": {
        "save_dir": "expt_logs_29.04.24-5",
        "exp_name": "134",
        "num_nodes": 4,
        "obs_noise_mean": 0.5,
        "obs_noise_var": 1.0,
        "max_edge_strength": 1.0,
        "num_parents": 2,
        "new_noise_mean": 10.0,
        "mix_samples": 65536,
        "stage2_samples": 65536,
        "intv_targets": [
            0,
            1,
            2,
            3
        ]
    },
    "intv_args_dict": {
        "0": {
            "intv_type": "do",
            "inode": 0,
            "new_mui": 10.0,
            "true_params": {
                "Si": [
                    [
                        0.0,
                        0.0,
                        0.0,
                        0.0
                    ],
                    [
                        0.0,
                        1.0,
                        -0.5727029772211998,
                        0.26624824130682145
                    ],
                    [
                        0.0,
                        -0.5727029772211998,
                        1.3279887001180262,
                        -0.6173787634164722
                    ],
                    [
                        0.0,
                        0.26624824130682145,
                        -0.6173787634164722,
                        1.2870179072184702
                    ]
                ],
                "mui": [
                    10.0,
                    6.901541132647903,
                    2.797081660278931,
                    1.8638141192772344
                ],
                "Ai": [
                    [
                        0.0,
                        0.0,
                        0.0,
                        0.0
                    ],
                    [
                        0.6401541132647903,
                        0.0,
                        0.0,
                        0.0
                    ],
                    [
                        0.6249614814360956,
                        -0.5727029772211998,
                        0.0,
                        0.0
                    ],
                    [
                        0.26641706783687563,
                        -0.0,
                        -0.46489760294014715,
                        0.0
                    ]
                ]
            },
            "est_params": {
                "mui": [
                    10.0,
                    6.89778785090939,
                    2.8059462328636884,
                    1.8697400973290386
                ],
                "Si": [
                    [
                        1e-06,
                        0.0,
                        0.0,
                        0.0
                    ],
                    [
                        0.0,
                        0.9831534493642768,
                        -0.5712123107302114,
                        0.26074206907446223
                    ],
                    [
                        0.0,
                        -0.5712123107302114,
                        1.3205145187600142,
                        -0.5993498201116858
                    ],
                    [
                        0.0,
                        0.26074206907446223,
                        -0.5993498201116858,
                        1.2593481747556545
                    ]
                ]
            },
            "est_tgt": [
                0
            ]
        },
        "1": {
            "intv_type": "do",
            "inode": 1,
            "new_mui": 10.0,
            "true_params": {
                "Si": [
                    [
                        1.0,
                        0.0,
                        0.6249614814360956,
                        -0.024126026812688495
                    ],
                    [
                        0.0,
                        0.0,
                        0.0,
                        0.0
                    ],
                    [
                        0.6249614814360956,
                        0.0,
                        1.3905768532787994,
                        -0.4799754403981719
                    ],
                    [
                        -0.024126026812688495,
                        0.0,
                        -0.4799754403981719,
                        1.2167118463892612
                    ]
                ],
                "mui": [
                    0.5,
                    10.0,
                    -4.91454903149395,
                    2.917970598191797
                ],
                "Ai": [
                    [
                        0.0,
                        0.0,
                        0.0,
                        0.0
                    ],
                    [
                        0.0,
                        0.0,
                        0.0,
                        0.0
                    ],
                    [
                        0.6249614814360956,
                        -0.5727029772211998,
                        0.0,
                        0.0
                    ],
                    [
                        0.26641706783687563,
                        -0.0,
                        -0.46489760294014715,
                        0.0
                    ]
                ]
            },
            "est_params": {
                "mui": [
                    0.5094151607130831,
                    10.0,
                    -4.9184220209617555,
                    2.919560105650185
                ],
                "Si": [
                    [
                        1.0035469113730373,
                        -1.089219792509278e-25,
                        0.6212351384949063,
                        -0.016295107639251984
                    ],
                    [
                        -1.089219792509278e-25,
                        1e-06,
                        -8.041611573798863e-26,
                        1.9222031837194546e-26
                    ],
                    [
                        0.6212351384949063,
                        -8.041611573798862e-26,
                        1.3774821457617779,
                        -0.4612130206112422
                    ],
                    [
                        -0.016295107639251984,
                        1.9222031837194546e-26,
                        -0.4612130206112422,
                        1.1985302141266763
                    ]
                ]
            },
            "est_tgt": [
                1
            ]
        },
        "2": {
            "intv_type": "do",
            "inode": 2,
            "new_mui": 10.0,
            "true_params": {
                "Si": [
                    [
                        1.0,
                        0.6401541132647903,
                        0.0,
                        0.26641706783687563
                    ],
                    [
                        0.6401541132647903,
                        1.40979728872983,
                        0.0,
                        0.1705479818197206
                    ],
                    [
                        0.0,
                        0.0,
                        0.0,
                        0.0
                    ],
                    [
                        0.26641706783687563,
                        0.1705479818197206,
                        0.0,
                        1.0709780540347984
                    ]
                ],
                "mui": [
                    0.5,
                    0.8200770566323952,
                    10.0,
                    -4.015767495483034
                ],