{
    "expt_args": {
        "save_dir": "expt_logs_29.04.24-5",
        "exp_name": "101",
        "num_nodes": 4,
        "obs_noise_mean": 0.5,
        "obs_noise_var": 1.0,
        "max_edge_strength": 1.0,
        "num_parents": 2,
        "new_noise_mean": 10.0,
        "mix_samples": 32768,
        "stage2_samples": 32768,
        "intv_targets": [
            0,
            1,
            2,
            3
        ]
    },
    "intv_args_dict": {
        "0": {
            "intv_type": "do",
            "inode": 0,
            "new_mui": 10.0,
            "true_params": {
                "Si": [
                    [
                        0.0,
                        0.0,
                        0.0,
                        0.0
                    ],
                    [
                        0.0,
                        1.0,
                        0.6833253700581953,
                        0.8035973065516119
                    ],
                    [
                        0.0,
                        0.6833253700581953,
                        1.4669335613651695,
                        0.3066763701867604
                    ],
                    [
                        0.0,
                        0.8035973065516119,
                        0.3066763701867604,
                        1.704546781949271
                    ]
                ],
                "mui": [
                    10.0,
                    2.219946609338643,
                    11.250647040939096,
                    -0.07591542281594554
                ],
                "Ai": [
                    [
                        0.0,
                        0.0,
                        0.0,
                        0.0
                    ],
                    [
                        0.17199466093386429,
                        0.0,
                        0.0,
                        0.0
                    ],
                    [
                        0.9233701202603333,
                        0.6833253700581953,
                        0.0,
                        0.0
                    ],
                    [
                        -0.0,
                        0.9692641146572417,
                        -0.24244205669038876,
                        0.0
                    ]
                ]
            },
            "est_params": {
                "mui": [
                    10.0,
                    2.2259355421182225,
                    11.288408387555343,
                    -0.04255096301919025
                ],
                "Si": [
                    [
                        1e-06,
                        0.0,
                        0.0,
                        0.0
                    ],
                    [
                        0.0,
                        0.9753592104105421,
                        0.6494561344429676,
                        0.808385318557118
                    ],
                    [
                        0.0,
                        0.6494561344429676,
                        1.4267056091352792,
                        0.27034958703126194
                    ],
                    [
                        0.0,
                        0.808385318557118,
                        0.27034958703126194,
                        1.7134813375610976
                    ]
                ]
            },
            "est_tgt": [
                0
            ]
        },
        "1": {
            "intv_type": "do",
            "inode": 1,
            "new_mui": 10.0,
            "true_params": {
                "Si": [
                    [
                        1.0,
                        0.0,
                        0.9233701202603333,
                        -0.2238637510423668
                    ],
                    [
                        0.0,
                        0.0,
                        0.0,
                        0.0
                    ],
                    [
                        0.9233701202603333,
                        0.0,
                        1.8526123789895823,
                        -0.4491511554123083
                    ],
                    [
                        -0.2238637510423668,
                        0.0,
                        -0.4491511554123083,
                        1.1088931298830245
                    ]
                ],
                "mui": [
                    0.5,
                    10.0,
                    7.794938760712119,
                    8.302820161649741
                ],
                "Ai": [
                    [
                        0.0,
                        0.0,
                        0.0,
                        0.0
                    ],
                    [
                        0.0,
                        0.0,
                        0.0,
                        0.0
                    ],
                    [
                        0.9233701202603333,
                        0.6833253700581953,
                        0.0,
                        0.0
                    ],
                    [
                        -0.0,
                        0.9692641146572417,
                        -0.24244205669038876,
                        0.0
                    ]
                ]
            },
            "est_params": {
                "mui": [
                    0.5033916925699596,
                    10.0,
                    7.832330990870817,
                    8.29544774686373
                ],
                "Si": [
                    [
                        1.0082007707887488,
                        0.0,
                        0.9318134235923913,
                        -0.21237966521193796
                    ],
                    [
                        0.0,
                        1e-06,
                        0.0,
                        0.0
                    ],
                    [
                        0.9318134235923913,
                        0.0,
                        1.904475878489126,
                        -0.44014108670604146
                    ],
                    [
                        -0.21237966521193796,
                        0.0,
                        -0.44014108670604146,
                        1.1061693401338193
                    ]
                ]
            },
            "est_tgt": [
                1
            ]
        },
        "2": {
            "intv_type": "do",
            "inode": 2,
            "new_mui": 10.0,
            "true_params": {
                "Si": [
                    [
                        1.0,
                        0.17199466093386429,
                        0.0,
                        0.16670825275583445
                    ],
                    [
                        0.17199466093386429,
                        1.0295821633897548,
                        0.0,
                        0.9979370440648584
                    ],
                    [
                        0.0,
                        0.0,
                        0.0,
                        0.0
                    ],
                    [
                        0.16670825275583445,
                        0.9979370440648584,
                        0.0,
                        1.9672645654991898
                    ]
                ],
                "mui": [
                    0.5,
                    0.5859973304669321,
                    10.0,
                    -1.3564343831973495
                ],