{
    "expt_args": {
        "save_dir": "expt_logs_29.04.24-5",
        "exp_name": "2",
        "num_nodes": 4,
        "obs_noise_mean": 0.5,
        "obs_noise_var": 1.0,
        "max_edge_strength": 1.0,
        "num_parents": 2,
        "new_noise_mean": 10.0,
        "mix_samples": 4096,
        "stage2_samples": 4096,
        "intv_targets": [
            0,
            1,
            2,
            3
        ]
    },
    "intv_args_dict": {
        "0": {
            "intv_type": "do",
            "inode": 0,
            "new_mui": 10.0,
            "true_params": {
                "Si": [
                    [
                        0.0,
                        0.0,
                        0.0,
                        0.0
                    ],
                    [
                        0.0,
                        1.0,
                        -0.8003233195260561,
                        0.5431082369410543
                    ],
                    [
                        0.0,
                        -0.8003233195260561,
                        1.6405174157772056,
                        -0.43466218705060833
                    ],
                    [
                        0.0,
                        0.5431082369410543,
                        -0.43466218705060833,
                        1.2949665570332203
                    ]
                ],
                "mui": [
                    10.0,
                    6.299464470494273,
                    -6.097262787872924,
                    7.121260765426181
                ],
                "Ai": [
                    [
                        0.0,
                        0.0,
                        0.0,
                        0.0
                    ],
                    [
                        0.5799464470494273,
                        0.0,
                        0.0,
                        0.0
                    ],
                    [
                        -0.15556544716104992,
                        -0.8003233195260561,
                        0.0,
                        0.0
                    ],
                    [
                        0.31999697231832247,
                        0.5431082369410543,
                        0.0,
                        0.0
                    ]
                ]
            },
            "est_params": {
                "mui": [
                    10.0,
                    6.3014636718146715,
                    -6.086424503929394,
                    7.113126695303113
                ],
                "Si": [
                    [
                        1e-06,
                        0.0,
                        0.0,
                        0.0
                    ],
                    [
                        0.0,
                        1.030495006079007,
                        -0.818655744421121,
                        0.5277797466140722
                    ],
                    [
                        0.0,
                        -0.818655744421121,
                        1.727665076747619,
                        -0.41234015876779645
                    ],
                    [
                        0.0,
                        0.5277797466140722,
                        -0.41234015876779645,
                        1.1685263057406812
                    ]
                ]
            },
            "est_tgt": [
                0
            ]
        },
        "1": {
            "intv_type": "do",
            "inode": 1,
            "new_mui": 10.0,
            "true_params": {
                "Si": [
                    [
                        1.0,
                        0.0,
                        -0.15556544716104992,
                        0.31999697231832247
                    ],
                    [
                        0.0,
                        0.0,
                        0.0,
                        0.0
                    ],
                    [
                        -0.15556544716104992,
                        0.0,
                        1.0242006083504174,
                        -0.04978047208888195
                    ],
                    [
                        0.31999697231832247,
                        0.0,
                        -0.04978047208888195,
                        1.1023980622928933
                    ]
                ],
                "mui": [
                    0.5,
                    10.0,
                    -7.581015918841087,
                    6.091080855569704
                ],
                "Ai": [
                    [
                        0.0,
                        0.0,
                        0.0,
                        0.0
                    ],
                    [
                        0.0,
                        0.0,
                        0.0,
                        0.0
                    ],
                    [
                        -0.15556544716104992,
                        -0.8003233195260561,
                        0.0,
                        0.0
                    ],
                    [
                        0.31999697231832247,
                        0.5431082369410543,
                        0.0,
                        0.0
                    ]
                ]
            },
            "est_params": {
                "mui": [
                    0.5066583145443311,
                    10.0,
                    -7.6067152218248495,
                    6.07923767202156
                ],
                "Si": [
                    [
                        0.971551940956914,
                        0.0,
                        -0.13928911747003075,
                        0.31133866462207116
                    ],
                    [
                        0.0,
                        1e-06,
                        0.0,
                        0.0
                    ],
                    [
                        -0.13928911747003075,
                        0.0,
                        1.0477793934132689,
                        -0.02558651526286155
                    ],
                    [
                        0.31133866462207116,
                        0.0,
                        -0.02558651526286155,
                        1.0386901906526291
                    ]
                ]
            },
            "est_tgt": [
                1
            ]
        },
        "2": {
            "intv_type": "do",
            "inode": 2,
            "new_mui": 10.0,
            "true_params": {
                "Si": [
                    [
                        1.0,
                        0.5799464470494273,
                        0.0,
                        0.6349706646955654
                    ],
                    [
                        0.5799464470494273,
                        1.3363378814452542,
                        0.0,
                        0.9113572179118606
                    ],
                    [
                        0.0,
                        0.0,
                        0.0,
                        0.0
                    ],
                    [
                        0.6349706646955654,
                        0.9113572179118606,
                        0.0,
                        1.6981543020571483
                    ]
                ],
                "mui": [
                    0.5,
                    0.7899732235247137,
                    10.0,
                    1.0890394508183099
                ],