{
    "expt_args": {
        "save_dir": "expt_logs_29.04.24-7",
        "exp_name": "170",
        "num_nodes": 4,
        "obs_noise_mean": 0.5,
        "obs_noise_var": 1.0,
        "max_edge_strength": 1.0,
        "num_parents": 2,
        "new_noise_mean": 10.0,
        "mix_samples": 4096,
        "stage2_samples": 4096,
        "intv_targets": [
            0,
            1,
            2,
            3
        ]
    },
    "intv_args_dict": {
        "0": {
            "intv_type": "do",
            "inode": 0,
            "new_mui": 10.0,
            "true_params": {
                "Si": [
                    [
                        0.0,
                        0.0,
                        0.0,
                        0.0
                    ],
                    [
                        0.0,
                        1.0,
                        -0.5684599022094314,
                        -0.3959983493905849
                    ],
                    [
                        0.0,
                        -0.5684599022094314,
                        1.3231466604199564,
                        0.9217253345248778
                    ],
                    [
                        0.0,
                        -0.3959983493905849,
                        0.9217253345248778,
                        1.6420887553276584
                    ]
                ],
                "mui": [
                    10.0,
                    -8.51154922545829,
                    10.977578176550129,
                    17.314819158885058
                ],
                "Ai": [
                    [
                        0.0,
                        0.0,
                        0.0,
                        0.0
                    ],
                    [
                        -0.9011549225458291,
                        0.0,
                        0.0,
                        0.0
                    ],
                    [
                        0.563910373619535,
                        -0.5684599022094314,
                        0.0,
                        0.0
                    ],
                    [
                        0.9167660896140253,
                        -0.0,
                        0.6966161515552096,
                        0.0
                    ]
                ]
            },
            "est_params": {
                "mui": [
                    10.0,
                    -8.532472156578036,
                    10.929040451307792,
                    17.326420691436628
                ],
                "Si": [
                    [
                        1e-06,
                        0.0,
                        0.0,
                        0.0
                    ],
                    [
                        0.0,
                        1.0279085835262094,
                        -0.5784531194750651,
                        -0.3624286296614796
                    ],
                    [
                        0.0,
                        -0.5784531194750651,
                        1.3908574103466391,
                        0.9765302430443696
                    ],
                    [
                        0.0,
                        -0.3624286296614796,
                        0.9765302430443696,
                        1.6287271999523134
                    ]
                ]
            },
            "est_tgt": [
                0
            ]
        },
        "1": {
            "intv_type": "do",
            "inode": 1,
            "new_mui": 10.0,
            "true_params": {
                "Si": [
                    [
                        1.0,
                        0.0,
                        0.563910373619535,
                        1.309595163906926
                    ],
                    [
                        0.0,
                        0.0,
                        0.0,
                        0.0
                    ],
                    [
                        0.563910373619535,
                        0.0,
                        1.3179949094757235,
                        1.4351104497243004
                    ],
                    [
                        1.309595163906926,
                        0.0,
                        1.4351104497243004,
                        3.2003135559359994
                    ]
                ],
                "mui": [
                    0.5,
                    10.0,
                    -4.902643835284547,
                    -2.4568778361747814
                ],
                "Ai": [
                    [
                        0.0,
                        0.0,
                        0.0,
                        0.0
                    ],
                    [
                        0.0,
                        0.0,
                        0.0,
                        0.0
                    ],
                    [
                        0.563910373619535,
                        -0.5684599022094314,
                        0.0,
                        0.0
                    ],
                    [
                        0.9167660896140253,
                        -0.0,
                        0.6966161515552096,
                        0.0
                    ]
                ]
            },
            "est_params": {
                "mui": [
                    0.4672742533659793,
                    10.0,
                    -4.89389830433132,
                    -2.5387927905101613
                ],
                "Si": [
                    [
                        1.0343401905696517,
                        0.0,
                        0.599954572334756,
                        1.382811670806015
                    ],
                    [
                        0.0,
                        1e-06,
                        0.0,
                        0.0
                    ],
                    [
                        0.599954572334756,
                        0.0,
                        1.396136056590877,
                        1.5058197179665065
                    ],
                    [
                        1.382811670806015,
                        0.0,
                        1.5058197179665065,
                        3.3802890101347223
                    ]
                ]
            },
            "est_tgt": [
                1
            ]
        },
        "2": {
            "intv_type": "do",
            "inode": 2,
            "new_mui": 10.0,
            "true_params": {
                "Si": [
                    [
                        1.0,
                        -0.9011549225458291,
                        0.0,
                        0.9167660896140253
                    ],
                    [
                        -0.9011549225458291,
                        1.8120801944285791,
                        0.0,
                        -0.8261482744787696
                    ],
                    [
                        0.0,
                        0.0,
                        0.0,
                        0.0
                    ],
                    [
                        0.9167660896140253,
                        -0.8261482744787696,
                        0.0,
                        1.8404600630661911
                    ]
                ],
                "mui": [
                    0.5,
                    0.04942253872708546,
                    10.0,
                    7.924544560359109
                ],