{
    "expt_args": {
        "save_dir": "expt_logs_29.04.24-7",
        "exp_name": "223",
        "num_nodes": 4,
        "obs_noise_mean": 0.5,
        "obs_noise_var": 1.0,
        "max_edge_strength": 1.0,
        "num_parents": 2,
        "new_noise_mean": 10.0,
        "mix_samples": 131072,
        "stage2_samples": 131072,
        "intv_targets": [
            0,
            1,
            2,
            3
        ]
    },
    "intv_args_dict": {
        "0": {
            "intv_type": "do",
            "inode": 0,
            "new_mui": 10.0,
            "true_params": {
                "Si": [
                    [
                        0.0,
                        0.0,
                        0.0,
                        0.0
                    ],
                    [
                        0.0,
                        1.0,
                        0.9239798722811814,
                        0.5591818719945209
                    ],
                    [
                        0.0,
                        0.9239798722811814,
                        1.8537388043807481,
                        1.1218611637755083
                    ],
                    [
                        0.0,
                        0.5591818719945209,
                        1.1218611637755083,
                        1.678937328070969
                    ]
                ],
                "mui": [
                    10.0,
                    8.310198069778554,
                    14.801500640460487,
                    3.75246579250355
                ],
                "Ai": [
                    [
                        0.0,
                        0.0,
                        0.0,
                        0.0
                    ],
                    [
                        0.7810198069778553,
                        0.0,
                        0.0,
                        0.0
                    ],
                    [
                        0.6623044889315182,
                        0.9239798722811814,
                        0.0,
                        0.0
                    ],
                    [
                        -0.5705230240448624,
                        -0.0,
                        0.6051883691080591,
                        0.0
                    ]
                ]
            },
            "est_params": {
                "mui": [
                    10.0,
                    8.310321324246642,
                    14.798478488513258,
                    3.7440048186870434
                ],
                "Si": [
                    [
                        1e-06,
                        0.0,
                        0.0,
                        0.0
                    ],
                    [
                        0.0,
                        1.0014228677171262,
                        0.9289603016339298,
                        0.5519823437867921
                    ],
                    [
                        0.0,
                        0.9289603016339298,
                        1.8427702046727532,
                        1.108621485972782
                    ],
                    [
                        0.0,
                        0.5519823437867921,
                        1.108621485972782,
                        1.6776517118168666
                    ]
                ]
            },
            "est_tgt": [
                0
            ]
        },
        "1": {
            "intv_type": "do",
            "inode": 1,
            "new_mui": 10.0,
            "true_params": {
                "Si": [
                    [
                        1.0,
                        0.0,
                        0.6623044889315182,
                        -0.1697040505354504
                    ],
                    [
                        0.0,
                        0.0,
                        0.0,
                        0.0
                    ],
                    [
                        0.6623044889315182,
                        0.0,
                        1.4386472360588396,
                        0.49279261464856905
                    ],
                    [
                        -0.1697040505354504,
                        0.0,
                        0.49279261464856905,
                        1.395052426871811
                    ]
                ],
                "mui": [
                    0.5,
                    10.0,
                    10.070950967277573,
                    6.309560879231513
                ],
                "Ai": [
                    [
                        0.0,
                        0.0,
                        0.0,
                        0.0
                    ],
                    [
                        0.0,
                        0.0,
                        0.0,
                        0.0
                    ],
                    [
                        0.6623044889315182,
                        0.9239798722811814,
                        0.0,
                        0.0
                    ],
                    [
                        -0.5705230240448624,
                        -0.0,
                        0.6051883691080591,
                        0.0
                    ]
                ]
            },
            "est_params": {
                "mui": [
                    0.5027206551474189,
                    9.999999999999998,
                    10.077144037063725,
                    6.311780576607364
                ],
                "Si": [
                    [
                        1.0011947527152367,
                        -3.106600521835869e-26,
                        0.6628690740489611,
                        -0.16929135227240427
                    ],
                    [
                        -3.1066006181338354e-26,
                        1e-06,
                        -2.7779567834612805e-26,
                        -3.953614071840831e-27
                    ],
                    [
                        0.6628690740489611,
                        -2.7779566390143306e-26,
                        1.4393472178306308,
                        0.4951476473672477
                    ],
                    [
                        -0.16929135227240427,
                        -3.9536159978001636e-27,
                        0.4951476473672477,
                        1.3842358090258378
                    ]
                ]
            },
            "est_tgt": [
                1
            ]
        },
        "2": {
            "intv_type": "do",
            "inode": 2,
            "new_mui": 10.0,
            "true_params": {
                "Si": [
                    [
                        1.0,
                        0.7810198069778553,
                        0.0,
                        -0.5705230240448624
                    ],
                    [
                        0.7810198069778553,
                        1.6099919388917265,
                        0.0,
                        -0.4455897821159408
                    ],
                    [
                        0.0,
                        0.0,
                        0.0,
                        0.0
                    ],
                    [
                        -0.5705230240448624,
                        -0.4455897821159408,
                        0.0,
                        1.3254965209652947
                    ]
                ],
                "mui": [
                    0.5,
                    0.8905099034889277,
                    10.0,
                    6.266622179058159
                ],