{
    "expt_args": {
        "save_dir": "expt_logs_29.04.24-7",
        "exp_name": "79",
        "num_nodes": 4,
        "obs_noise_mean": 0.5,
        "obs_noise_var": 1.0,
        "max_edge_strength": 1.0,
        "num_parents": 2,
        "new_noise_mean": 10.0,
        "mix_samples": 131072,
        "stage2_samples": 131072,
        "intv_targets": [
            0,
            1,
            2,
            3
        ]
    },
    "intv_args_dict": {
        "0": {
            "intv_type": "do",
            "inode": 0,
            "new_mui": 10.0,
            "true_params": {
                "Si": [
                    [
                        0.0,
                        0.0,
                        0.0,
                        0.0
                    ],
                    [
                        0.0,
                        1.0,
                        0.8291438993040735,
                        0.7410657934627978
                    ],
                    [
                        0.0,
                        0.8291438993040735,
                        1.6874796057531636,
                        0.6144501816326113
                    ],
                    [
                        0.0,
                        0.7410657934627978,
                        0.6144501816326113,
                        1.5491785102406461
                    ]
                ],
                "mui": [
                    10.0,
                    7.193600474825596,
                    13.079336355276029,
                    13.059839419347949
                ],
                "Ai": [
                    [
                        0.0,
                        0.0,
                        0.0,
                        0.0
                    ],
                    [
                        0.6693600474825596,
                        0.0,
                        0.0,
                        0.0
                    ],
                    [
                        0.6614806407543499,
                        0.8291438993040735,
                        0.0,
                        0.0
                    ],
                    [
                        0.7228908175616959,
                        0.7410657934627978,
                        -0.0,
                        0.0
                    ]
                ]
            },
            "est_params": {
                "mui": [
                    10.0,
                    7.199872736929105,
                    13.08773058818673,
                    13.067103388453978
                ],
                "Si": [
                    [
                        1e-06,
                        0.0,
                        0.0,
                        0.0
                    ],
                    [
                        0.0,
                        1.0123842535681702,
                        0.8348910198820583,
                        0.7489775043033718
                    ],
                    [
                        0.0,
                        0.8348910198820583,
                        1.6986129615171368,
                        0.6204157178169455
                    ],
                    [
                        0.0,
                        0.7489775043033718,
                        0.6204157178169455,
                        1.5624807281574697
                    ]
                ]
            },
            "est_tgt": [
                0
            ]
        },
        "1": {
            "intv_type": "do",
            "inode": 1,
            "new_mui": 10.0,
            "true_params": {
                "Si": [
                    [
                        1.0,
                        0.0,
                        0.6614806407543499,
                        0.7228908175616959
                    ],
                    [
                        0.0,
                        0.0,
                        0.0,
                        0.0
                    ],
                    [
                        0.6614806407543499,
                        0.0,
                        1.4375566380927853,
                        0.47817828119614647
                    ],
                    [
                        0.7228908175616959,
                        0.0,
                        0.47817828119614647,
                        1.522571134115017
                    ]
                ],
                "mui": [
                    0.5,
                    10.0,
                    9.12217931341791,
                    8.272103343408824
                ],
                "Ai": [
                    [
                        0.0,
                        0.0,
                        0.0,
                        0.0
                    ],
                    [
                        0.0,
                        0.0,
                        0.0,
                        0.0
                    ],
                    [
                        0.6614806407543499,
                        0.8291438993040735,
                        0.0,
                        0.0
                    ],
                    [
                        0.7228908175616959,
                        0.7410657934627978,
                        -0.0,
                        0.0
                    ]
                ]
            },
            "est_params": {
                "mui": [
                    0.49390446319061787,
                    10.0,
                    9.108904737745895,
                    8.262825382445245
                ],
                "Si": [
                    [
                        0.9966843218964507,
                        2.0224123161999197e-25,
                        0.666571618219494,
                        0.721110321585531
                    ],
                    [
                        2.0224123161999197e-25,
                        1e-06,
                        1.438305578429663e-25,
                        1.4402415526463056e-25
                    ],
                    [
                        0.666571618219494,
                        1.438305578429663e-25,
                        1.4396296640852995,
                        0.48890946331460555
                    ],
                    [
                        0.721110321585531,
                        1.4402415526463058e-25,
                        0.48890946331460555,
                        1.5172585389153017
                    ]
                ]
            },
            "est_tgt": [
                1
            ]
        },
        "2": {
            "intv_type": "do",
            "inode": 2,
            "new_mui": 10.0,
            "true_params": {
                "Si": [
                    [
                        1.0,
                        0.6693600474825596,
                        0.0,
                        1.218930652261655
                    ],
                    [
                        0.6693600474825596,
                        1.4480428731658543,
                        0.0,
                        1.5569692727386064
                    ],
                    [
                        0.0,
                        0.0,
                        0.0,
                        0.0
                    ],
                    [
                        1.218930652261655,
                        1.5569692727386064,
                        0.0,
                        3.03497044526367
                    ]
                ],
                "mui": [
                    0.5,
                    0.8346800237412798,
                    10.0,
                    1.4799982228622264
                ],