{
    "expt_args": {
        "save_dir": "expt_logs_29.04.24-2",
        "exp_name": "289",
        "num_nodes": 4,
        "obs_noise_mean": 0.5,
        "obs_noise_var": 1.0,
        "max_edge_strength": 10.0,
        "num_parents": 2,
        "new_noise_mean": 10.0,
        "mix_samples": 2048,
        "stage2_samples": 2048,
        "intv_targets": [
            0,
            1,
            2,
            3
        ]
    },
    "intv_args_dict": {
        "0": {
            "intv_type": "do",
            "inode": 0,
            "new_mui": 10.0,
            "true_params": {
                "Si": [
                    [
                        0.0,
                        0.0,
                        0.0,
                        0.0
                    ],
                    [
                        0.0,
                        0.9999999999999993,
                        -9.701871170411144,
                        -5.224932908289207
                    ],
                    [
                        0.0,
                        -9.701871170411144,
                        95.12630420725496,
                        50.69162595026355
                    ],
                    [
                        0.0,
                        -5.224932908289207,
                        50.69162595026355,
                        28.299923896123534
                    ]
                ],
                "mui": [
                    9.999999999999998,
                    21.83006582936924,
                    -160.14963397271612,
                    -141.51413239616406
                ],
                "Ai": [
                    [
                        0.0,
                        0.0,
                        0.0,
                        0.0
                    ],
                    [
                        2.133006582936925,
                        0.0,
                        0.0,
                        0.0
                    ],
                    [
                        5.114285234541889,
                        -9.70187117041115,
                        0.0,
                        0.0
                    ],
                    [
                        -2.7953503054172923,
                        -5.22493290828921,
                        0.0,
                        0.0
                    ]
                ]
            },
            "est_params": {
                "mui": [
                    9.999999999999998,
                    21.820721651623014,
                    -160.0338822232495,
                    -141.46817778469335
                ],
                "Si": [
                    [
                        1e-06,
                        0.0,
                        0.0,
                        0.0
                    ],
                    [
                        0.0,
                        1.071362935370641,
                        -10.380608296688811,
                        -5.58142969657906
                    ],
                    [
                        0.0,
                        -10.380608296688811,
                        101.57834202498911,
                        54.095078152782314
                    ],
                    [
                        0.0,
                        -5.58142969657906,
                        54.095078152782314,
                        30.11452992209274
                    ]
                ]
            },
            "est_tgt": [
                0
            ]
        },
        "1": {
            "intv_type": "do",
            "inode": 1,
            "new_mui": 10.0,
            "true_params": {
                "Si": [
                    [
                        1.0,
                        -8.436544037168595e-17,
                        5.1142852345418905,
                        -2.7953503054172923
                    ],
                    [
                        -8.436544037168595e-17,
                        7.76243215708168e-33,
                        -4.3146892599853775e-16,
                        2.612259320036993e-16
                    ],
                    [
                        5.1142852345418905,
                        -4.3146892599853775e-16,
                        27.1559134602532,
                        -14.296218792367823
                    ],
                    [
                        -2.7953503054172923,
                        2.612259320036993e-16,
                        -14.296218792367823,
                        8.81398332999655
                    ]
                ],
                "mui": [
                    0.5,
                    10.0,
                    -93.96156908684057,
                    -53.147004235600754
                ],
                "Ai": [
                    [
                        0.0,
                        0.0,
                        0.0,
                        0.0
                    ],
                    [
                        0.0,
                        0.0,
                        0.0,
                        0.0
                    ],
                    [
                        5.114285234541889,
                        -9.70187117041115,
                        0.0,
                        0.0
                    ],
                    [
                        -2.7953503054172923,
                        -5.22493290828921,
                        0.0,
                        0.0
                    ]
                ]
            },
            "est_params": {
                "mui": [
                    0.5110330017289734,
                    9.999999999999995,
                    -93.965552261918,
                    -53.1691199667432
                ],
                "Si": [
                    [
                        0.9094027728314088,
                        2.1910661936556568e-30,
                        4.67454821103961,
                        -2.535891227840126
                    ],
                    [
                        2.1910661936556568e-30,
                        1e-06,
                        -1.3868523203223269e-28,
                        4.443852561780487e-30
                    ],
                    [
                        4.67454821103961,
                        -1.3856179168329435e-28,
                        25.009809241676706,
                        -13.131047095220094
                    ],
                    [
                        -2.535891227840126,
                        3.764930642619579e-30,
                        -13.131047095220094,
                        8.117736681073096
                    ]
                ]
            },
            "est_tgt": [
                1
            ]
        },
        "2": {
            "intv_type": "do",
            "inode": 2,
            "new_mui": 10.0,
            "true_params": {
                "Si": [
                    [
                        1.0,
                        2.1330065829369236,
                        0.0,
                        -13.940166594201942
                    ],
                    [
                        2.1330065829369236,
                        5.549717082852252,
                        0.0,
                        -34.95940002095935
                    ],
                    [
                        0.0,
                        0.0,
                        0.0,
                        0.0
                    ],
                    [
                        -13.940166594201942,
                        -34.95940002095935,
                        0.0,
                        222.62816857022736
                    ]
                ],
                "mui": [
                    0.49999999999999983,
                    1.5665032914684618,
                    10.0,
                    -9.082549751245576
                ],