{
    "expt_args": {
        "save_dir": "expt_logs_29.04.24-2",
        "exp_name": "19",
        "num_nodes": 4,
        "obs_noise_mean": 0.5,
        "obs_noise_var": 1.0,
        "max_edge_strength": 30,
        "num_parents": 2,
        "new_noise_mean": 15.0,
        "mix_samples": 8192,
        "stage2_samples": 8192,
        "intv_targets": [
            0,
            1,
            2,
            3
        ]
    },
    "intv_args_dict": {
        "0": {
            "intv_type": "do",
            "inode": 0,
            "new_mui": 15.0,
            "true_params": {
                "Si": [
                    [
                        1.5421522051217242e-30,
                        1.240504000042115e-15,
                        -9.983392128003535e-15,
                        -2.6227825925901263e-13
                    ],
                    [
                        1.240504000042115e-15,
                        0.9999999999999629,
                        -8.001529077152254,
                        -210.28347198111928
                    ],
                    [
                        -9.983392128003535e-15,
                        -8.001529077152254,
                        65.02446757251538,
                        1707.3141588447893
                    ],
                    [
                        -2.6227825925901263e-13,
                        -210.28347198111928,
                        1707.3141588447893,
                        44831.45646678504
                    ]
                ],
                "mui": [
                    14.99999999999951,
                    -315.46627491087827,
                    2868.383886962501,
                    74847.42543777644
                ],
                "Ai": [
                    [
                        0.0,
                        0.0,
                        0.0,
                        0.0
                    ],
                    [
                        -21.064418327392318,
                        0.0,
                        0.0,
                        0.0
                    ],
                    [
                        22.9114210268073,
                        -8.001529077152583,
                        0.0,
                        0.0
                    ],
                    [
                        -0.0,
                        -12.446919041911745,
                        24.72484334326984,
                        0.0
                    ]
                ]
            },
            "est_params": {
                "mui": [
                    14.99999999999954,
                    -315.4411732445951,
                    2868.207591130852,
                    74842.74873320934
                ],
                "Si": [
                    [
                        1e-06,
                        1.1725364316856123e-15,
                        -9.342380194342241e-15,
                        -2.4557954499260985e-13
                    ],
                    [
                        1.1725364316856123e-15,
                        0.9392243198891381,
                        -7.4769103360942175,
                        -196.54428040365016
                    ],
                    [
                        -9.342380194342241e-15,
                        -7.4769103360942175,
                        60.51517262091534,
                        1589.2046415537166
                    ],
                    [
                        -2.4557954499260985e-13,
                        -196.54428040365016,
                        1589.2046415537166,
                        41737.873930941685
                    ]
                ]
            },
            "est_tgt": [
                0,
                2
            ]
        },
        "1": {
            "intv_type": "do",
            "inode": 1,
            "new_mui": 15.0,
            "true_params": {
                "Si": [
                    [
                        0.9999999999999951,
                        -9.133733202474047e-15,
                        22.91142102680726,
                        566.4812956595083
                    ],
                    [
                        -9.133733202474047e-15,
                        8.350657660384498e-29,
                        -2.0955223611098985e-13,
                        -5.1811511682025955e-12
                    ],
                    [
                        22.91142102680726,
                        -2.0955223611098985e-13,
                        525.9332134676285,
                        13003.616312009613
                    ],
                    [
                        566.4812956595083,
                        -5.1811511682025955e-12,
                        13003.616312009613,
                        321513.37621042604
                    ]
                ],
                "mui": [
                    0.5000000000000162,
                    15.000000000000059,
                    -108.0672256438852,
                    -2858.1490102155312
                ],
                "Ai": [
                    [
                        0.0,
                        0.0,
                        0.0,
                        0.0
                    ],
                    [
                        0.0,
                        0.0,
                        0.0,
                        0.0
                    ],
                    [
                        22.9114210268073,
                        -8.001529077152583,
                        0.0,
                        0.0
                    ],
                    [
                        -0.0,
                        -12.446919041911745,
                        24.72484334326984,
                        0.0
                    ]
                ]
            },
            "est_params": {
                "mui": [
                    1.8098582020959273,
                    -37.570138260604296,
                    342.6273237713853,
                    8939.463616524366
                ],
                "Si": [
                    [
                        0.4945348329811855,
                        -10.352176826624671,
                        94.19408807195576,
                        2457.7953524630625
                    ],
                    [
                        -10.35217682662467,
                        217.49967162226443,
                        -1978.0168290378047,
                        -51613.702749864955
                    ],
                    [
                        94.19408807195576,
                        -1978.0168290378047,
                        17990.8715428355,
                        469444.50767584814
                    ],
                    [
                        2457.7953524630625,
                        -51613.70274986497,
                        469444.5076758482,
                        12249448.494658398
                    ]
                ]
            },
            "est_tgt": [
                0,
                1,
                3
            ]
        },
        "2": {
            "intv_type": "do",
            "inode": 2,
            "new_mui": 15.0,