{
    "expt_args": {
        "save_dir": "expt_logs_29.04.24-2",
        "exp_name": "108",
        "num_nodes": 4,
        "obs_noise_mean": 0.5,
        "obs_noise_var": 1.0,
        "max_edge_strength": 20,
        "num_parents": 2,
        "new_noise_mean": 20.0,
        "mix_samples": 16384,
        "stage2_samples": 16384,
        "intv_targets": [
            0,
            1,
            2,
            3
        ]
    },
    "intv_args_dict": {
        "0": {
            "intv_type": "do",
            "inode": 0,
            "new_mui": 20.0,
            "true_params": {
                "Si": [
                    [
                        0.0,
                        0.0,
                        0.0,
                        0.0
                    ],
                    [
                        0.0,
                        1.0,
                        18.743330207514234,
                        -185.05114834939107
                    ],
                    [
                        0.0,
                        18.743330207514234,
                        352.31242726791555,
                        -3478.214826218292
                    ],
                    [
                        0.0,
                        -185.05114834939107,
                        -3478.214826218292,
                        34339.79602928815
                    ]
                ],
                "mui": [
                    20.0,
                    374.4590926352895,
                    7337.981840370565,
                    -72404.2778588824
                ],
                "Ai": [
                    [
                        0.0,
                        0.0,
                        0.0,
                        0.0
                    ],
                    [
                        18.697954631764475,
                        0.0,
                        0.0,
                        0.0
                    ],
                    [
                        15.943570895058617,
                        18.743330207514234,
                        0.0,
                        0.0
                    ],
                    [
                        -0.0,
                        -2.490223207916287,
                        -9.740047425952394,
                        0.0
                    ]
                ]
            },
            "est_params": {
                "mui": [
                    20.0,
                    374.4694357382963,
                    7338.177778669746,
                    -72406.19048064033
                ],
                "Si": [
                    [
                        1e-06,
                        0.0,
                        0.0,
                        0.0
                    ],
                    [
                        0.0,
                        0.9790095825679186,
                        18.33236096394645,
                        -181.0093696774145
                    ],
                    [
                        0.0,
                        18.33236096394645,
                        344.26346119456633,
                        -3399.051086475641
                    ],
                    [
                        0.0,
                        -181.0093696774145,
                        -3399.051086475641,
                        33561.20505580658
                    ]
                ]
            },
            "est_tgt": [
                0,
                2
            ]
        },
        "1": {
            "intv_type": "do",
            "inode": 1,
            "new_mui": 20.0,
            "true_params": {
                "Si": [
                    [
                        1.0000000000000102,
                        -8.266918926000058e-31,
                        15.943570895058778,
                        -155.29113665690673
                    ],
                    [
                        -8.266918926000058e-31,
                        5.088430796392051e-31,
                        -7.133323766935091e-16,
                        6.947891179462115e-15
                    ],
                    [
                        15.943570895058778,
                        -7.133323766935091e-16,
                        255.19745288576271,
                        -2485.6352940895804
                    ],
                    [
                        -155.29113665690673,
                        6.947891179462115e-15,
                        -2485.6352940895804,
                        24211.205648053638
                    ]
                ],
                "mui": [
                    0.5000000000002527,
                    19.999999999999886,
                    383.3383895978159,
                    -3783.0385590292676
                ],
                "Ai": [
                    [
                        0.0,
                        0.0,
                        0.0,
                        0.0
                    ],
                    [
                        0.0,
                        0.0,
                        0.0,
                        0.0
                    ],
                    [
                        15.943570895058617,
                        18.743330207514234,
                        0.0,
                        0.0
                    ],
                    [
                        -0.0,
                        -2.490223207916287,
                        -9.740047425952394,
                        0.0
                    ]
                ]
            },
            "est_params": {
                "mui": [
                    0.5106608708875809,
                    19.99999999999993,
                    383.4965906817057,
                    -3784.5385451521524
                ],
                "Si": [
                    [
                        1.0412574582862044,
                        -1.9852802122351965e-17,
                        16.626105881015004,
                        -161.93433622398666
                    ],
                    [
                        -1.9852802122351872e-17,
                        1e-06,
                        -5.674927548968943e-16,
                        5.53650962266982e-15
                    ],
                    [
                        16.626105881015004,
                        -5.674927548968945e-16,
                        266.5071775217894,
                        -2595.715279333418
                    ],
                    [
                        -161.93433622398666,
                        5.536509622669804e-15,
                        -2595.715279333418,
                        25282.626892434113
                    ]
                ]
            },
            "est_tgt": [
                1,
                2
            ]
        },
        "2": {
            "intv_type": "do",
            "inode": 2,
            "new_mui": 20.0,
            "true_params": {
                "Si": [
                    [
                        0.9999999999999998,
                        18.697954631764468,
                        0.0,
                        -46.56208056458571
                    ],
                    [
                        18.697954631764468,
                        350.61350741152245,
                        0.0,
                        -873.1058931651023
                    ],
                    [
                        0.0,
                        0.0,
                        0.0,
                        0.0
                    ],
                    [
                        -46.56208056458571,
                        -873.1058931651023,
                        0.0,
                        2175.2285581282163
                    ]
                ],
                "mui": [
                    0.49999999999999994,
                    9.848977315882236,
                    20.0,
                    -218.8271004052989
                ],