{
    "expt_args": {
        "save_dir": "expt_logs_29.04.24-2",
        "exp_name": "408",
        "num_nodes": 4,
        "obs_noise_mean": 0.5,
        "obs_noise_var": 1.0,
        "max_edge_strength": 10.0,
        "num_parents": 2,
        "new_noise_mean": 10.0,
        "mix_samples": 1024,
        "stage2_samples": 1024,
        "intv_targets": [
            0,
            1,
            2,
            3
        ]
    },
    "intv_args_dict": {
        "0": {
            "intv_type": "do",
            "inode": 0,
            "new_mui": 10.0,
            "true_params": {
                "Si": [
                    [
                        0.0,
                        0.0,
                        0.0,
                        0.0
                    ],
                    [
                        0.0,
                        1.0,
                        1.4748346456101467,
                        7.743355047008661
                    ],
                    [
                        0.0,
                        1.4748346456101467,
                        3.175137231892007,
                        16.67048911733738
                    ],
                    [
                        0.0,
                        7.743355047008661,
                        16.67048911733738,
                        88.52541610482308
                    ]
                ],
                "mui": [
                    10.0,
                    98.21556977957516,
                    172.78376022519777,
                    972.6608125695748
                ],
                "Ai": [
                    [
                        0.0,
                        0.0,
                        0.0,
                        0.0
                    ],
                    [
                        9.771556977957516,
                        0.0,
                        0.0,
                        0.0
                    ],
                    [
                        2.7432035175939404,
                        1.4748346456101467,
                        0.0,
                        0.0
                    ],
                    [
                        6.499063877194698,
                        -0.0,
                        5.25032082074882,
                        0.0
                    ]
                ]
            },
            "est_params": {
                "mui": [
                    10.0,
                    98.18809698784206,
                    172.71755263830713,
                    972.3719773845488
                ],
                "Si": [
                    [
                        1e-06,
                        0.0,
                        0.0,
                        0.0
                    ],
                    [
                        0.0,
                        1.086420162859824,
                        1.5296013270070608,
                        7.947853948225244
                    ],
                    [
                        0.0,
                        1.5296013270070608,
                        3.0459416909603174,
                        15.807180297850573
                    ],
                    [
                        0.0,
                        7.947853948225244,
                        15.807180297850573,
                        82.92956336179509
                    ]
                ]
            },
            "est_tgt": [
                0,
                1
            ]
        },
        "1": {
            "intv_type": "do",
            "inode": 1,
            "new_mui": 10.0,
            "true_params": {
                "Si": [
                    [
                        1.0000000000000004,
                        0.0,
                        2.7432035175939418,
                        20.901762421169575
                    ],
                    [
                        0.0,
                        0.0,
                        0.0,
                        0.0
                    ],
                    [
                        2.7432035175939418,
                        0.0,
                        8.525165538939774,
                        62.58810901841405
                    ],
                    [
                        20.901762421169575,
                        0.0,
                        62.58810901841405,
                        465.4495410318051
                    ]
                ],
                "mui": [
                    0.5000000000000014,
                    10.0,
                    16.619948214898443,
                    91.00959209104585
                ],
                "Ai": [
                    [
                        0.0,
                        0.0,
                        0.0,
                        0.0
                    ],
                    [
                        0.0,
                        0.0,
                        0.0,
                        0.0
                    ],
                    [
                        2.7432035175939404,
                        1.4748346456101467,
                        0.0,
                        0.0
                    ],
                    [
                        6.499063877194698,
                        -0.0,
                        5.25032082074882,
                        0.0
                    ]
                ]
            },
            "est_params": {
                "mui": [
                    0.5021944401130314,
                    10.000000000000002,
                    16.715513369828553,
                    91.42654380208944
                ],
                "Si": [
                    [
                        1.000604776630522,
                        -1.4695836880780495e-31,
                        2.8285529905348423,
                        21.388843993302004
                    ],
                    [
                        -8.508116088872918e-32,
                        1e-06,
                        5.460663598858437e-30,
                        -1.4850529900578183e-29
                    ],
                    [
                        2.8285529905348423,
                        5.398786390939361e-30,
                        9.085667665110593,
                        66.15367789531643
                    ],
                    [
                        21.388843993302004,
                        -1.4974284316416335e-29,
                        66.15367789531643,
                        487.7752716248204
                    ]
                ]
            },
            "est_tgt": [
                1,
                2
            ]
        },
        "2": {
            "intv_type": "do",
            "inode": 2,
            "new_mui": 10.0,
            "true_params": {
                "Si": [
                    [
                        1.0,
                        9.771556977957516,
                        0.0,
                        6.499063877194698
                    ],
                    [
                        9.771556977957516,
                        96.48332577347023,
                        0.0,
                        63.505972979393476
                    ],
                    [
                        0.0,
                        0.0,
                        0.0,
                        0.0
                    ],
                    [
                        6.499063877194698,
                        63.505972979393476,
                        0.0,
                        43.23783127985698
                    ]
                ],
                "mui": [
                    0.5,
                    5.385778488978758,
                    10.0,
                    56.25274014608555
                ],