{
    "expt_args": {
        "save_dir": "expt_logs_29.04.24-2",
        "exp_name": "576",
        "num_nodes": 4,
        "obs_noise_mean": 0.5,
        "obs_noise_var": 1.0,
        "max_edge_strength": 10.0,
        "num_parents": 2,
        "new_noise_mean": 10.0,
        "mix_samples": 1024,
        "stage2_samples": 1024,
        "intv_targets": [
            0,
            1,
            2,
            3
        ]
    },
    "intv_args_dict": {
        "0": {
            "intv_type": "do",
            "inode": 0,
            "new_mui": 10.0,
            "true_params": {
                "Si": [
                    [
                        0.0,
                        0.0,
                        0.0,
                        0.0
                    ],
                    [
                        0.0,
                        0.9999999999999993,
                        6.357001445237072,
                        35.483173058860665
                    ],
                    [
                        0.0,
                        6.357001445237072,
                        41.41146737474624,
                        231.77567643192896
                    ],
                    [
                        0.0,
                        35.483173058860665,
                        231.77567643192896,
                        1298.608418814083
                    ]
                ],
                "mui": [
                    10.0,
                    58.68322783556468,
                    449.4607900023032,
                    2557.212855817198
                ],
                "Ai": [
                    [
                        0.0,
                        0.0,
                        0.0,
                        0.0
                    ],
                    [
                        5.81832278355647,
                        0.0,
                        0.0,
                        0.0
                    ],
                    [
                        7.591142584044199,
                        6.357001445237075,
                        0.0,
                        0.0
                    ],
                    [
                        -0.0,
                        -3.988046569088935,
                        6.209094015154436,
                        0.0
                    ]
                ]
            },
            "est_params": {
                "mui": [
                    10.0,
                    58.711010955333535,
                    449.6049326116701,
                    2557.987032545559
                ],
                "Si": [
                    [
                        1e-06,
                        0.0,
                        0.0,
                        0.0
                    ],
                    [
                        0.0,
                        1.0330101267610952,
                        6.558484821250597,
                        36.6204092163246
                    ],
                    [
                        0.0,
                        6.558484821250597,
                        42.75431331654391,
                        239.4671569626933
                    ],
                    [
                        0.0,
                        36.6204092163246,
                        239.4671569626933,
                        1342.783197080229
                    ]
                ]
            },
            "est_tgt": [
                0,
                3
            ]
        },
        "1": {
            "intv_type": "do",
            "inode": 1,
            "new_mui": 10.0,
            "true_params": {
                "Si": [
                    [
                        0.9999999999999969,
                        1.7816811400033925e-15,
                        7.591142584044188,
                        47.13411798677274
                    ],
                    [
                        1.7816811400033925e-15,
                        3.174387684643798e-30,
                        1.3524995573068188e-14,
                        8.397796906772793e-14
                    ],
                    [
                        7.591142584044188,
                        1.3524995573068188e-14,
                        58.62544573128924,
                        364.0109042259092
                    ],
                    [
                        47.13411798677274,
                        8.397796906772793e-14,
                        364.0109042259092,
                        2261.177926880047
                    ]
                ],
                "mui": [
                    0.4999999999999957,
                    10.000000000000005,
                    67.86558574439285,
                    382.0033365895705
                ],
                "Ai": [
                    [
                        0.0,
                        0.0,
                        0.0,
                        0.0
                    ],
                    [
                        0.0,
                        0.0,
                        0.0,
                        0.0
                    ],
                    [
                        7.591142584044199,
                        6.357001445237075,
                        0.0,
                        0.0
                    ],
                    [
                        -0.0,
                        -3.988046569088935,
                        6.209094015154436,
                        0.0
                    ]
                ]
            },
            "est_params": {
                "mui": [
                    0.5168715191171193,
                    10.000000000000012,
                    68.01547942624326,
                    383.04738552897567
                ],
                "Si": [
                    [
                        1.140126365490261,
                        2.0748520969920586e-15,
                        8.753212668173928,
                        54.31067427104003
                    ],
                    [
                        2.0748520969920586e-15,
                        1e-06,
                        1.595464491151616e-14,
                        9.899736287019995e-14
                    ],
                    [
                        8.753212668173928,
                        1.595464491151616e-14,
                        68.23264360267972,
                        423.381645980306
                    ],
                    [
                        54.31067427104003,
                        9.899736287019995e-14,
                        423.381645980306,
                        2628.146742517531
                    ]
                ]
            },
            "est_tgt": [
                1,
                3
            ]
        },
        "2": {
            "intv_type": "do",
            "inode": 2,
            "new_mui": 10.0,
            "true_params": {
                "Si": [
                    [
                        1.0,
                        5.81832278355647,
                        0.0,
                        -23.20374221481436
                    ],
                    [
                        5.81832278355647,
                        34.8528800136523,
                        0.0,
                        -138.9949085613144
                    ],
                    [
                        0.0,
                        0.0,
                        0.0,
                        0.0
                    ],
                    [
                        -23.20374221481436,
                        -138.9949085613144,
                        0.0,
                        555.31816820878
                    ]
                ],
                "mui": [
                    0.5,
                    3.409161391778235,
                    10.0,
                    48.99504575959271
                ],