{
    "expt_args": {
        "save_dir": "expt_logs_29.04.24-2",
        "exp_name": "123",
        "num_nodes": 4,
        "obs_noise_mean": 0.5,
        "obs_noise_var": 1.0,
        "max_edge_strength": 30,
        "num_parents": 2,
        "new_noise_mean": 20.0,
        "mix_samples": 8192,
        "stage2_samples": 8192,
        "intv_targets": [
            0,
            1,
            2,
            3
        ]
    },
    "intv_args_dict": {
        "0": {
            "intv_type": "do",
            "inode": 0,
            "new_mui": 20.0,
            "true_params": {
                "Si": [
                    [
                        1.5421522051217242e-30,
                        1.240504000042115e-15,
                        -9.983392128003535e-15,
                        -2.6227825925901263e-13
                    ],
                    [
                        1.240504000042115e-15,
                        0.9999999999999629,
                        -8.001529077152254,
                        -210.28347198111928
                    ],
                    [
                        -9.983392128003535e-15,
                        -8.001529077152254,
                        65.02446757251538,
                        1707.3141588447893
                    ],
                    [
                        -2.6227825925901263e-13,
                        -210.28347198111928,
                        1707.3141588447893,
                        44831.45646678504
                    ]
                ],
                "mui": [
                    19.999999999999346,
                    -420.78836654783765,
                    3825.6787707961935,
                    99827.32702180823
                ],
                "Ai": [
                    [
                        0.0,
                        0.0,
                        0.0,
                        0.0
                    ],
                    [
                        -21.064418327392318,
                        0.0,
                        0.0,
                        0.0
                    ],
                    [
                        22.9114210268073,
                        -8.001529077152583,
                        0.0,
                        0.0
                    ],
                    [
                        -0.0,
                        -12.446919041911745,
                        24.72484334326984,
                        0.0
                    ]
                ]
            },
            "est_params": {
                "mui": [
                    19.999999999999364,
                    -420.7632648815545,
                    3825.5024749645445,
                    99822.65031724113
                ],
                "Si": [
                    [
                        1e-06,
                        1.076849964042564e-15,
                        -8.581854845682017e-15,
                        -2.256271249115754e-13
                    ],
                    [
                        1.076849964042564e-15,
                        0.9392243198891381,
                        -7.4769103360942175,
                        -196.54428040365016
                    ],
                    [
                        -8.581854845682017e-15,
                        -7.4769103360942175,
                        60.51517262091534,
                        1589.2046415537166
                    ],
                    [
                        -2.256271249115754e-13,
                        -196.54428040365016,
                        1589.2046415537166,
                        41737.873930941685
                    ]
                ]
            },
            "est_tgt": [
                0,
                2
            ]
        },
        "1": {
            "intv_type": "do",
            "inode": 1,
            "new_mui": 20.0,
            "true_params": {
                "Si": [
                    [
                        0.9999999999999951,
                        -9.133733202474047e-15,
                        22.91142102680726,
                        566.4812956595083
                    ],
                    [
                        -9.133733202474047e-15,
                        8.350657660384498e-29,
                        -2.0955223611098985e-13,
                        -5.1811511682025955e-12
                    ],
                    [
                        22.91142102680726,
                        -2.0955223611098985e-13,
                        525.9332134676285,
                        13003.616312009613
                    ],
                    [
                        566.4812956595083,
                        -5.1811511682025955e-12,
                        13003.616312009613,
                        321513.37621042604
                    ]
                ],
                "mui": [
                    0.500000000000022,
                    20.00000000000008,
                    -148.07487102964814,
                    -3909.5663701211715
                ],
                "Ai": [
                    [
                        0.0,
                        0.0,
                        0.0,
                        0.0
                    ],
                    [
                        0.0,
                        0.0,
                        0.0,
                        0.0
                    ],
                    [
                        22.9114210268073,
                        -8.001529077152583,
                        0.0,
                        0.0
                    ],
                    [
                        -0.0,
                        -12.446919041911745,
                        24.72484334326984,
                        0.0
                    ]
                ]
            },
            "est_params": {
                "mui": [
                    1.7000429576353535,
                    -35.260318182674126,
                    321.6636585591853,
                    8392.355612195657
                ],
                "Si": [
                    [
                        0.5318583580947605,
                        -11.143658569982007,
                        101.36482881152622,
                        2644.9617550287767
                    ],
                    [
                        -11.143658569982007,
                        234.28549547439758,
                        -2130.132440175014,
                        -55584.07135881043
                    ],
                    [
                        101.36482881152622,
                        -2130.132440175014,
                        19369.29723231108,
                        505422.91098231834
                    ],
                    [
                        2644.9617550287767,
                        -55584.07135881044,
                        505422.9109823183,
                        13188523.570428388
                    ]
                ]
            },
            "est_tgt": [
                0,
                1,
                3
            ]
        },
        "2": {
            "intv_type": "do",
            "inode": 2,
            "new_mui": 20.0,