{
    "expt_args": {
        "save_dir": "expt_logs_29.04.24-2",
        "exp_name": "101",
        "num_nodes": 4,
        "obs_noise_mean": 0.5,
        "obs_noise_var": 1.0,
        "max_edge_strength": 20,
        "num_parents": 2,
        "new_noise_mean": 15.0,
        "mix_samples": 32768,
        "stage2_samples": 32768,
        "intv_targets": [
            0,
            1,
            2,
            3
        ]
    },
    "intv_args_dict": {
        "0": {
            "intv_type": "do",
            "inode": 0,
            "new_mui": 15.0,
            "true_params": {
                "Si": [
                    [
                        2.6444993801507815e-35,
                        -2.350552103635865e-35,
                        -5.142469620863871e-18,
                        0.0
                    ],
                    [
                        -2.350552103635865e-35,
                        0.9999999999999984,
                        -15.252564788204038,
                        -18.82294036502881
                    ],
                    [
                        -5.142469620863871e-18,
                        -15.252564788204038,
                        233.64073261836208,
                        287.09811742210337
                    ],
                    [
                        0.0,
                        -18.82294036502881,
                        287.09811742210337,
                        355.30308398543144
                    ]
                ],
                "mui": [
                    14.99999999999999,
                    -69.86676451260345,
                    1186.6291361341632,
                    1064.6375763927986
                ],
                "Ai": [
                    [
                        0.0,
                        0.0,
                        0.0,
                        0.0
                    ],
                    [
                        -4.691117634173567,
                        0.0,
                        0.0,
                        0.0
                    ],
                    [
                        8.032118924232162,
                        -15.252564788204067,
                        0.0,
                        0.0
                    ],
                    [
                        -16.73069103502996,
                        -18.82294036502884,
                        0.0,
                        0.0
                    ]
                ]
            },
            "est_params": {
                "mui": [
                    14.999999999999998,
                    -69.8680656580266,
                    1186.6495476774635,
                    1064.638806561915
                ],
                "Si": [
                    [
                        1e-06,
                        -1.8490620332969236e-30,
                        1.1128271670391986e-27,
                        6.627962858352823e-28
                    ],
                    [
                        -1.8490620332969236e-30,
                        0.9671061882816453,
                        -14.75881351587396,
                        -18.198276011822365
                    ],
                    [
                        1.1128271670391986e-27,
                        -14.75881351587396,
                        226.21834342297845,
                        277.7244225888286
                    ],
                    [
                        6.627962858352823e-28,
                        -18.198276011822365,
                        277.7244225888286,
                        343.4566561167197
                    ]
                ]
            },
            "est_tgt": [
                0
            ]
        },
        "1": {
            "intv_type": "do",
            "inode": 1,
            "new_mui": 15.0,
            "true_params": {
                "Si": [
                    [
                        1.0,
                        0.0,
                        8.032118924232162,
                        -16.73069103502996
                    ],
                    [
                        0.0,
                        0.0,
                        0.0,
                        0.0
                    ],
                    [
                        8.032118924232162,
                        0.0,
                        65.51493441300842,
                        -134.38290007794552
                    ],
                    [
                        -16.73069103502996,
                        0.0,
                        -134.38290007794552,
                        280.9160225096319
                    ]
                ],
                "mui": [
                    0.5000000000000032,
                    14.999999999999998,
                    -224.27241236094483,
                    -290.20945099294755
                ],
                "Ai": [
                    [
                        0.0,
                        0.0,
                        0.0,
                        0.0
                    ],
                    [
                        0.0,
                        0.0,
                        0.0,
                        0.0
                    ],
                    [
                        8.032118924232162,
                        -15.252564788204067,
                        0.0,
                        0.0
                    ],
                    [
                        -16.73069103502996,
                        -18.82294036502884,
                        0.0,
                        0.0
                    ]
                ]
            },
            "est_params": {
                "mui": [
                    0.4740894714496369,
                    14.999999999999993,
                    -224.47793314720096,
                    -289.76684900356173
                ],
                "Si": [
                    [
                        1.0140992188955613,
                        1.2471538196972987e-30,
                        8.140243647857202,
                        -16.969759180724683
                    ],
                    [
                        1.2481168728399221e-30,
                        1e-06,
                        -3.4696878622435738e-28,
                        -2.340989579088953e-28
                    ],
                    [
                        8.140243647857202,
                        -3.468455154221016e-28,
                        66.32482037988204,
                        -136.21540497757059
                    ],
                    [
                        -16.969759180724683,
                        -2.340989579088953e-28,
                        -136.21540497757059,
                        284.9490570023721
                    ]
                ]
            },
            "est_tgt": [
                1
            ]
        },
        "2": {
            "intv_type": "do",
            "inode": 2,
            "new_mui": 15.0,
            "true_params": {
                "Si": [
                    [
                        1.0000000000000022,
                        -4.691117634173575,
                        0.0,
                        71.56993643835439
                    ],
                    [
                        -4.691117634173575,
                        23.00658465765423,
                        0.0,
                        -354.5659312676743
                    ],
                    [
                        0.0,
                        0.0,
                        0.0,
                        0.0
                    ],
                    [
                        71.56993643835439,
                        -354.5659312676743,
                        0.0,
                        5477.558885775507
                    ]
                ],
                "mui": [
                    0.5000000000000006,
                    -1.8455588170867847,
                    15.0,
                    26.87349803666273
                ],