{
    "expt_args": {
        "save_dir": "expt_logs_29.04.24-2",
        "exp_name": "124",
        "num_nodes": 4,
        "obs_noise_mean": 0.5,
        "obs_noise_var": 1.0,
        "max_edge_strength": 10.0,
        "num_parents": 2,
        "new_noise_mean": 10.0,
        "mix_samples": 16384,
        "stage2_samples": 16384,
        "intv_targets": [
            0,
            1,
            2,
            3
        ]
    },
    "intv_args_dict": {
        "0": {
            "intv_type": "do",
            "inode": 0,
            "new_mui": 10.0,
            "true_params": {
                "Si": [
                    [
                        4.992204187179067e-34,
                        -2.234324100747039e-17,
                        2.0186281186235505e-16,
                        1.7859606789700877e-16
                    ],
                    [
                        -2.234324100747039e-17,
                        0.9999999999999996,
                        -9.034625361417477,
                        -7.993292818946708
                    ],
                    [
                        2.0186281186235505e-16,
                        -9.034625361417477,
                        82.62445542116792,
                        72.21640602329217
                    ],
                    [
                        1.7859606789700877e-16,
                        -7.993292818946708,
                        72.21640602329217,
                        64.89273008942504
                    ]
                ],
                "mui": [
                    10.0,
                    99.87887025914968,
                    -849.7471414486758,
                    -883.1313032444338
                ],
                "Ai": [
                    [
                        0.0,
                        0.0,
                        0.0,
                        0.0
                    ],
                    [
                        9.937887025914968,
                        0.0,
                        0.0,
                        0.0
                    ],
                    [
                        5.21210328643639,
                        -9.034625361417481,
                        0.0,
                        0.0
                    ],
                    [
                        -8.527024683746252,
                        -7.993292818946712,
                        0.0,
                        0.0
                    ]
                ]
            },
            "est_params": {
                "mui": [
                    10.0,
                    99.83999438228396,
                    -849.3852278630359,
                    -882.8256806709308
                ],
                "Si": [
                    [
                        1e-06,
                        0.0,
                        0.0,
                        0.0
                    ],
                    [
                        0.0,
                        1.043933915788182,
                        -9.420485478442254,
                        -8.324876393717794
                    ],
                    [
                        0.0,
                        -9.420485478442254,
                        86.03988071335364,
                        75.12991720091412
                    ],
                    [
                        0.0,
                        -8.324876393717794,
                        75.12991720091412,
                        67.37635938097701
                    ]
                ]
            },
            "est_tgt": [
                0
            ]
        },
        "1": {
            "intv_type": "do",
            "inode": 1,
            "new_mui": 10.0,
            "true_params": {
                "Si": [
                    [
                        1.0,
                        0.0,
                        5.21210328643639,
                        -8.527024683746252
                    ],
                    [
                        0.0,
                        0.0,
                        0.0,
                        0.0
                    ],
                    [
                        5.21210328643639,
                        0.0,
                        28.166020668481018,
                        -44.44373337767806
                    ],
                    [
                        -8.527024683746252,
                        0.0,
                        -44.44373337767806,
                        73.71014995721787
                    ]
                ],
                "mui": [
                    0.4999999999999979,
                    10.0,
                    -87.24020197095663,
                    -83.69644053134023
                ],
                "Ai": [
                    [
                        0.0,
                        0.0,
                        0.0,
                        0.0
                    ],
                    [
                        0.0,
                        0.0,
                        0.0,
                        0.0
                    ],
                    [
                        5.21210328643639,
                        -9.034625361417481,
                        0.0,
                        0.0
                    ],
                    [
                        -8.527024683746252,
                        -7.993292818946712,
                        0.0,
                        0.0
                    ]
                ]
            },
            "est_params": {
                "mui": [
                    0.48589426913397865,
                    10.000000982799417,
                    -87.31174929256125,
                    -83.57199628961311
                ],
                "Si": [
                    [
                        1.0133322572873689,
                        4.976890129702412e-07,
                        5.2592189895879455,
                        -8.635705237239776
                    ],
                    [
                        4.976890129702412e-07,
                        1.0024982189516966e-06,
                        3.4395085214434105e-06,
                        -3.9976799973780385e-06
                    ],
                    [
                        5.2592189895879455,
                        3.4395085214434096e-06,
                        28.313675089925063,
                        -44.80215288207741
                    ],
                    [
                        -8.635705237239776,
                        -3.9976799973780385e-06,
                        -44.80215288207741,
                        74.58118699636523
                    ]
                ]
            },
            "est_tgt": [
                1
            ]
        },
        "2": {
            "intv_type": "do",
            "inode": 2,
            "new_mui": 10.0,
            "true_params": {
                "Si": [
                    [
                        1.0,
                        9.937887025914968,
                        0.0,
                        -87.96346568349604
                    ],
                    [
                        9.937887025914968,
                        99.76159853984905,
                        0.0,
                        -882.1642771894784
                    ],
                    [
                        0.0,
                        0.0,
                        0.0,
                        0.0
                    ],
                    [
                        -87.96346568349604,
                        -882.1642771894784,
                        0.0,
                        7802.46402514101
                    ]
                ],
                "mui": [
                    0.5,
                    5.468943512957484,
                    10.0,
                    -47.47837925122138
                ],