{
    "expt_args": {
        "save_dir": "expt_logs_29.04.24-2",
        "exp_name": "245",
        "num_nodes": 4,
        "obs_noise_mean": 0.5,
        "obs_noise_var": 1.0,
        "max_edge_strength": 10.0,
        "num_parents": 2,
        "new_noise_mean": 10.0,
        "mix_samples": 32768,
        "stage2_samples": 32768,
        "intv_targets": [
            0,
            1,
            2,
            3
        ]
    },
    "intv_args_dict": {
        "0": {
            "intv_type": "do",
            "inode": 0,
            "new_mui": 10.0,
            "true_params": {
                "Si": [
                    [
                        2.3575950718165192e-33,
                        2.363808574259596e-32,
                        4.85550725652482e-17,
                        -2.1194374151614983e-16
                    ],
                    [
                        2.363808574259596e-32,
                        0.9999999999999998,
                        -1.2085112863709009,
                        5.275172915327198
                    ],
                    [
                        4.85550725652482e-17,
                        -1.2085112863709009,
                        2.460499529285851,
                        -10.74012350686522
                    ],
                    [
                        -2.1194374151614983e-16,
                        5.275172915327198,
                        -10.74012350686522,
                        47.88082707180959
                    ]
                ],
                "mui": [
                    9.999999999999998,
                    82.17008795527215,
                    -0.49907632958243314,
                    76.8803351790612
                ],
                "Ai": [
                    [
                        0.0,
                        0.0,
                        0.0,
                        0.0
                    ],
                    [
                        8.167008795527217,
                        0.0,
                        0.0,
                        0.0
                    ],
                    [
                        9.830440236645366,
                        -1.2085112863709018,
                        0.0,
                        0.0
                    ],
                    [
                        7.420185826603207,
                        0.0,
                        -4.365017501134208,
                        0.0
                    ]
                ]
            },
            "est_params": {
                "mui": [
                    9.999999999999998,
                    82.18436231550594,
                    -0.513500145820857,
                    76.92955997407638
                ],
                "Si": [
                    [
                        1e-06,
                        0.0,
                        0.0,
                        0.0
                    ],
                    [
                        0.0,
                        0.9893865456516473,
                        -1.1667093757610236,
                        5.086579643315205
                    ],
                    [
                        0.0,
                        -1.1667093757610236,
                        2.36507486388284,
                        -10.33246911699451
                    ],
                    [
                        0.0,
                        5.086579643315205,
                        -10.33246911699451,
                        46.1162067215788
                    ]
                ]
            },
            "est_tgt": [
                0,
                2
            ]
        },
        "1": {
            "intv_type": "do",
            "inode": 1,
            "new_mui": 10.0,
            "true_params": {
                "Si": [
                    [
                        1.0000000000000004,
                        0.0,
                        9.83044023664537,
                        -35.48985785020773
                    ],
                    [
                        0.0,
                        0.0,
                        0.0,
                        0.0
                    ],
                    [
                        9.83044023664537,
                        0.0,
                        97.63755524625623,
                        -353.24594410464067
                    ],
                    [
                        -35.48985785020773,
                        0.0,
                        -353.24594410464067,
                        1279.5833880131584
                    ]
                ],
                "mui": [
                    0.4999999999999999,
                    10.0,
                    -6.669892745386336,
                    33.324291477601044
                ],
                "Ai": [
                    [
                        0.0,
                        0.0,
                        0.0,
                        0.0
                    ],
                    [
                        0.0,
                        0.0,
                        0.0,
                        0.0
                    ],
                    [
                        9.830440236645366,
                        -1.2085112863709018,
                        0.0,
                        0.0
                    ],
                    [
                        7.420185826603207,
                        0.0,
                        -4.365017501134208,
                        0.0
                    ]
                ]
            },
            "est_params": {
                "mui": [
                    0.5058118642562023,
                    9.999999334387981,
                    -6.612613068142908,
                    33.102121961507336
                ],
                "Si": [
                    [
                        1.0054652269559894,
                        -3.9263557505895555e-07,
                        9.896355032635661,
                        -35.731513181275695
                    ],
                    [
                        -3.9263557505895555e-07,
                        1.0023172615960956e-06,
                        -4.12328362663113e-06,
                        1.5648521232549675e-05
                    ],
                    [
                        9.896355032635661,
                        -4.123283626631129e-06,
                        98.40144969585977,
                        -356.0411399393797
                    ],
                    [
                        -35.731513181275695,
                        1.5648521232549675e-05,
                        -356.0411399393797,
                        1289.839006503355
                    ]
                ]
            },
            "est_tgt": [
                1,
                2
            ]
        },
        "2": {
            "intv_type": "do",
            "inode": 2,
            "new_mui": 10.0,
            "true_params": {
                "Si": [
                    [
                        1.0,
                        8.167008795527217,
                        0.0,
                        7.420185826603208
                    ],
                    [
                        8.167008795527217,
                        67.70003266621892,
                        0.0,
                        60.60072291031479
                    ],
                    [
                        0.0,
                        0.0,
                        0.0,
                        0.0
                    ],
                    [
                        7.420185826603208,
                        60.60072291031479,
                        0.0,
                        56.05915770132314
                    ]
                ],
                "mui": [
                    0.5,
                    4.583504397763608,
                    10.0,
                    -39.44008209804048
                ],