{
    "expt_args": {
        "save_dir": "expt_logs_29.04.24-2",
        "exp_name": "21",
        "num_nodes": 4,
        "obs_noise_mean": 0.5,
        "obs_noise_var": 1.0,
        "max_edge_strength": 30,
        "num_parents": 2,
        "new_noise_mean": 15.0,
        "mix_samples": 32768,
        "stage2_samples": 32768,
        "intv_targets": [
            0,
            1,
            2,
            3
        ]
    },
    "intv_args_dict": {
        "0": {
            "intv_type": "do",
            "inode": 0,
            "new_mui": 15.0,
            "true_params": {
                "Si": [
                    [
                        8.016229293262806e-32,
                        2.8312946320124974e-16,
                        -6.477675721389752e-15,
                        -7.993993502129629e-15
                    ],
                    [
                        2.8312946320124974e-16,
                        0.9999999999999971,
                        -22.87884718230604,
                        -28.234410547543188
                    ],
                    [
                        -6.477675721389752e-15,
                        -22.87884718230604,
                        524.4416483913144,
                        645.9707641997322
                    ],
                    [
                        -7.993993502129629e-15,
                        -28.234410547543188,
                        645.9707641997322,
                        798.1819389672203
                    ]
                ],
                "mui": [
                    14.999999999999984,
                    -105.05014676890515,
                    2584.6489301998313,
                    2590.0884236647694
                ],
                "Ai": [
                    [
                        0.0,
                        0.0,
                        0.0,
                        0.0
                    ],
                    [
                        -7.036676451260352,
                        0.0,
                        0.0,
                        0.0
                    ],
                    [
                        12.04817838634824,
                        -22.8788471823061,
                        0.0,
                        0.0
                    ],
                    [
                        -25.09603655254494,
                        -28.23441054754326,
                        0.0,
                        0.0
                    ]
                ]
            },
            "est_params": {
                "mui": [
                    14.999999999999998,
                    -105.05144791432829,
                    2584.6792646455647,
                    2590.10189952524
                ],
                "Si": [
                    [
                        1e-06,
                        2.78999707372212e-17,
                        -6.379925986254052e-16,
                        -7.870604618399032e-16
                    ],
                    [
                        2.78999707372212e-17,
                        0.967106188281644,
                        -22.134230786510987,
                        -27.300157654690032
                    ],
                    [
                        -6.379925986254052e-16,
                        -22.134230786510987,
                        507.5751176510831,
                        624.8252676009397
                    ],
                    [
                        -7.870604618399032e-16,
                        -27.300157654690032,
                        624.8252676009397,
                        771.663807920211
                    ]
                ]
            },
            "est_tgt": [
                0
            ]
        },
        "1": {
            "intv_type": "do",
            "inode": 1,
            "new_mui": 15.0,
            "true_params": {
                "Si": [
                    [
                        0.9999999999999998,
                        -4.875586560665769e-17,
                        12.04817838634824,
                        -25.096036552544938
                    ],
                    [
                        -4.875586560665769e-17,
                        2.377134431054467e-33,
                        -5.874193662098329e-16,
                        1.2235789854156503e-15
                    ],
                    [
                        12.04817838634824,
                        -5.874193662098329e-16,
                        146.15860242926894,
                        -302.36152517537744
                    ],
                    [
                        -25.096036552544938,
                        1.2235789854156503e-15,
                        -302.36152517537744,
                        630.8110506466718
                    ]
                ],
                "mui": [
                    0.5000000000000021,
                    15.0,
                    -336.65861854141735,
                    -435.5641764894214
                ],
                "Ai": [
                    [
                        0.0,
                        0.0,
                        0.0,
                        0.0
                    ],
                    [
                        0.0,
                        0.0,
                        0.0,
                        0.0
                    ],
                    [
                        12.04817838634824,
                        -22.8788471823061,
                        0.0,
                        0.0
                    ],
                    [
                        -25.09603655254494,
                        -28.23441054754326,
                        0.0,
                        0.0
                    ]
                ]
            },
            "est_params": {
                "mui": [
                    0.4741039633644022,
                    15.000000000000007,
                    -336.9680217173788,
                    -434.90518763725174
                ],
                "Si": [
                    [
                        1.0140688939149145,
                        -1.4397728240003626e-31,
                        12.212553862818053,
                        -25.452280244694943
                    ],
                    [
                        -1.844257496963675e-31,
                        1e-06,
                        -2.717520644716564e-28,
                        -4.0319032200982995e-28
                    ],
                    [
                        12.212553862818053,
                        -2.715055214328978e-28,
                        148.05986709156062,
                        -306.52303570223194
                    ],
                    [
                        -25.452280244694943,
                        -4.0291296109122654e-28,
                        -306.52303570223194,
                        639.8113468053361
                    ]
                ]
            },
            "est_tgt": [
                1
            ]
        },
        "2": {
            "intv_type": "do",
            "inode": 2,
            "new_mui": 15.0,
            "true_params": {
                "Si": [
                    [
                        0.9999999999999978,
                        -7.036676451260344,
                        0.0,
                        173.58037526256942
                    ],
                    [
                        -7.036676451260344,
                        50.514815479721975,
                        0.0,
                        -1249.6633495586018
                    ],
                    [
                        0.0,
                        0.0,
                        0.0,
                        0.0
                    ],
                    [
                        173.58037526256942,
                        -1249.6633495586018,
                        0.0,
                        30928.328615261715
                    ]
                ],