{
    "expt_args": {
        "save_dir": "expt_logs_29.04.24-2",
        "exp_name": "241",
        "num_nodes": 4,
        "obs_noise_mean": 0.5,
        "obs_noise_var": 1.0,
        "max_edge_strength": 10.0,
        "num_parents": 2,
        "new_noise_mean": 10.0,
        "mix_samples": 2048,
        "stage2_samples": 2048,
        "intv_targets": [
            0,
            1,
            2,
            3
        ]
    },
    "intv_args_dict": {
        "0": {
            "intv_type": "do",
            "inode": 0,
            "new_mui": 10.0,
            "true_params": {
                "Si": [
                    [
                        9.225386022519914e-37,
                        5.13423176308825e-35,
                        9.604887309344094e-19,
                        -1.6676662470171505e-34
                    ],
                    [
                        5.13423176308825e-35,
                        1.0000000000000004,
                        8.939712673624454,
                        -3.375196913733438
                    ],
                    [
                        9.604887309344094e-19,
                        8.939712673624454,
                        80.91846268696165,
                        -30.173290625680945
                    ],
                    [
                        -1.6676662470171505e-34,
                        -3.375196913733438,
                        -30.173290625680945,
                        12.39195420647572
                    ]
                ],
                "mui": [
                    10.000000000000002,
                    -52.68410585806511,
                    -440.20440866951344,
                    249.0350508008951
                ],
                "Ai": [
                    [
                        0.0,
                        0.0,
                        0.0,
                        0.0
                    ],
                    [
                        -5.318410585806511,
                        0.0,
                        0.0,
                        0.0
                    ],
                    [
                        3.0276360168403382,
                        8.93971267362445,
                        0.0,
                        0.0
                    ],
                    [
                        7.071581930594806,
                        -3.3751969137334363,
                        -0.0,
                        0.0
                    ]
                ]
            },
            "est_params": {
                "mui": [
                    10.000000000000002,
                    -52.681887573221296,
                    -440.14266134101246,
                    248.99981923605452
                ],
                "Si": [
                    [
                        1e-06,
                        0.0,
                        0.0,
                        0.0
                    ],
                    [
                        0.0,
                        1.158305147931305,
                        10.342784788000865,
                        -3.9718325611700607
                    ],
                    [
                        0.0,
                        10.342784788000865,
                        93.31462355439196,
                        -35.57193607546846
                    ],
                    [
                        0.0,
                        -3.9718325611700607,
                        -35.57193607546846,
                        14.624784860148779
                    ]
                ]
            },
            "est_tgt": [
                0
            ]
        },
        "1": {
            "intv_type": "do",
            "inode": 1,
            "new_mui": 10.0,
            "true_params": {
                "Si": [
                    [
                        1.0,
                        -4.276349402324316e-17,
                        3.0276360168403382,
                        7.071581930594806
                    ],
                    [
                        -4.276349402324316e-17,
                        1.8287164210759535e-33,
                        -1.2947229471070754e-16,
                        -3.024055516238653e-16
                    ],
                    [
                        3.0276360168403382,
                        -1.2947229471070754e-16,
                        10.166579850468828,
                        21.410176149106167
                    ],
                    [
                        7.071581930594806,
                        -3.024055516238653e-16,
                        21.410176149106167,
                        51.00727100111496
                    ]
                ],
                "mui": [
                    0.4999999999999994,
                    10.0,
                    91.41094474466468,
                    -29.71617817203697
                ],
                "Ai": [
                    [
                        0.0,
                        0.0,
                        0.0,
                        0.0
                    ],
                    [
                        0.0,
                        0.0,
                        0.0,
                        0.0
                    ],
                    [
                        3.0276360168403382,
                        8.93971267362445,
                        0.0,
                        0.0
                    ],
                    [
                        7.071581930594806,
                        -3.3751969137334363,
                        -0.0,
                        0.0
                    ]
                ]
            },
            "est_params": {
                "mui": [
                    0.58729447880628,
                    9.999999999999996,
                    91.65685736474704,
                    -29.172041218459533
                ],
                "Si": [
                    [
                        0.9679877370888071,
                        6.0948682597716e-31,
                        2.838656806443257,
                        6.877784458235956
                    ],
                    [
                        5.979142913067076e-31,
                        1e-06,
                        2.36820349496138e-28,
                        -8.400117166125719e-29
                    ],
                    [
                        2.838656806443257,
                        2.367586293112289e-28,
                        9.300675863752293,
                        20.213081704136194
                    ],
                    [
                        6.877784458235956,
                        -8.400117166125719e-29,
                        20.213081704136194,
                        49.89037283796673
                    ]
                ]
            },
            "est_tgt": [
                1
            ]
        },
        "2": {
            "intv_type": "do",
            "inode": 2,
            "new_mui": 10.0,
            "true_params": {
                "Si": [
                    [
                        1.0000000000000004,
                        -5.318410585806512,
                        0.0,
                        25.022264925776188
                    ],
                    [
                        -5.318410585806512,
                        29.285491159218754,
                        0.0,
                        -136.45387557583646
                    ],
                    [
                        0.0,
                        0.0,
                        0.0,
                        0.0
                    ],
                    [
                        25.022264925776188,
                        -136.45387557583646,
                        0.0,
                        638.5056962222046
                    ]
                ],