{
    "expt_args": {
        "save_dir": "expt_logs_29.04.24-2",
        "exp_name": "314",
        "num_nodes": 4,
        "obs_noise_mean": 0.5,
        "obs_noise_var": 1.0,
        "max_edge_strength": 10.0,
        "num_parents": 2,
        "new_noise_mean": 10.0,
        "mix_samples": 4096,
        "stage2_samples": 4096,
        "intv_targets": [
            0,
            1,
            2,
            3
        ]
    },
    "intv_args_dict": {
        "0": {
            "intv_type": "do",
            "inode": 0,
            "new_mui": 10.0,
            "true_params": {
                "Si": [
                    [
                        1.6380001936771262e-33,
                        -4.047221508241334e-17,
                        2.019424620047009e-16,
                        -8.917276897232118e-16
                    ],
                    [
                        -4.047221508241334e-17,
                        0.9999999999999998,
                        -4.989656770539654,
                        22.033083385907876
                    ],
                    [
                        2.019424620047009e-16,
                        -4.989656770539654,
                        25.89667468779222,
                        -113.03451035971919
                    ],
                    [
                        -8.917276897232118e-16,
                        22.033083385907876,
                        -113.03451035971919,
                        496.04808990817014
                    ]
                ],
                "mui": [
                    10.0,
                    27.93173365639651,
                    -116.72844248686177,
                    545.8023460568246
                ],
                "Ai": [
                    [
                        0.0,
                        0.0,
                        0.0,
                        0.0
                    ],
                    [
                        2.743173365639651,
                        0.0,
                        0.0,
                        0.0
                    ],
                    [
                        2.2141321464687413,
                        -4.989656770539655,
                        0.0,
                        0.0
                    ],
                    [
                        -0.0,
                        6.580182892848278,
                        -3.096986667359145,
                        0.0
                    ]
                ]
            },
            "est_params": {
                "mui": [
                    10.0,
                    27.883601788078984,
                    -116.51471641595121,
                    544.7661961428718
                ],
                "Si": [
                    [
                        1e-06,
                        0.0,
                        0.0,
                        0.0
                    ],
                    [
                        0.0,
                        0.9659486932287151,
                        -4.846808074425786,
                        21.34465916321096
                    ],
                    [
                        0.0,
                        -4.846808074425786,
                        25.33522246387021,
                        -110.23176174710481
                    ],
                    [
                        0.0,
                        21.34465916321096,
                        -110.23176174710481,
                        482.31773072157887
                    ]
                ]
            },
            "est_tgt": [
                0
            ]
        },
        "1": {
            "intv_type": "do",
            "inode": 1,
            "new_mui": 10.0,
            "true_params": {
                "Si": [
                    [
                        0.9999999999999991,
                        -1.3497777100777063e-16,
                        2.21413214646874,
                        -6.857137737384975
                    ],
                    [
                        -1.3497777100777063e-16,
                        3.6437997332452384e-32,
                        -4.3383639285477237e-16,
                        1.3435855244864145e-15
                    ],
                    [
                        2.21413214646874,
                        -4.3383639285477237e-16,
                        5.902381162026276,
                        -18.279595764467157
                    ],
                    [
                        -6.857137737384975,
                        1.3435855244864145e-15,
                        -18.279595764467157,
                        57.61166436726949
                    ]
                ],
                "mui": [
                    0.5000000000000077,
                    10.000000000000004,
                    -48.28950163216218,
                    215.85377165670678
                ],
                "Ai": [
                    [
                        0.0,
                        0.0,
                        0.0,
                        0.0
                    ],
                    [
                        0.0,
                        0.0,
                        0.0,
                        0.0
                    ],
                    [
                        2.2141321464687413,
                        -4.989656770539655,
                        0.0,
                        0.0
                    ],
                    [
                        -0.0,
                        6.580182892848278,
                        -3.096986667359145,
                        0.0
                    ]
                ]
            },
            "est_params": {
                "mui": [
                    0.5284823854285692,
                    10.000000000000002,
                    -48.23407824375371,
                    215.7332023022514
                ],
                "Si": [
                    [
                        1.0195687035968488,
                        -6.519505054099693e-16,
                        2.3057609788968563,
                        -7.100269144793864
                    ],
                    [
                        -6.519505054099693e-16,
                        1e-06,
                        -1.4865911038118384e-15,
                        4.602362398967103e-15
                    ],
                    [
                        2.3057609788968563,
                        -1.4865911038118388e-15,
                        6.238284045576736,
                        -19.28237776103379
                    ],
                    [
                        -7.100269144793864,
                        4.602362398967103e-15,
                        -19.28237776103379,
                        60.53127918486833
                    ]
                ]
            },
            "est_tgt": [
                1,
                3
            ]
        },
        "2": {
            "intv_type": "do",
            "inode": 2,
            "new_mui": 10.0,
            "true_params": {
                "Si": [
                    [
                        0.9999999999999998,
                        2.74317336563965,
                        0.0,
                        18.05058245269906
                    ],
                    [
                        2.74317336563965,
                        8.525000113954768,
                        0.0,
                        56.09605991137479
                    ],
                    [
                        0.0,
                        0.0,
                        0.0,
                        0.0
                    ],
                    [
                        18.05058245269906,
                        56.09605991137479,
                        0.0,
                        370.1223337850205
                    ]
                ],