{
    "expt_args": {
        "save_dir": "expt_logs_29.04.24-2",
        "exp_name": "127",
        "num_nodes": 4,
        "obs_noise_mean": 0.5,
        "obs_noise_var": 1.0,
        "max_edge_strength": 30,
        "num_parents": 2,
        "new_noise_mean": 20.0,
        "mix_samples": 131072,
        "stage2_samples": 131072,
        "intv_targets": [
            0,
            1,
            2,
            3
        ]
    },
    "intv_args_dict": {
        "0": {
            "intv_type": "do",
            "inode": 0,
            "new_mui": 20.0,
            "true_params": {
                "Si": [
                    [
                        8.875699498287196e-37,
                        -6.088846529661576e-37,
                        -7.365294447612309e-36,
                        9.421093088536591e-19
                    ],
                    [
                        -6.088846529661576e-37,
                        1.0000000000000022,
                        -5.749160679250968,
                        -99.11403454107547
                    ],
                    [
                        -7.365294447612309e-36,
                        -5.749160679250968,
                        34.05284851584539,
                        587.062250008507
                    ],
                    [
                        9.421093088536591e-19,
                        -99.11403454107547,
                        587.062250008507,
                        10121.800473554595
                    ]
                ],
                "mui": [
                    19.99999999999996,
                    -126.10410555417923,
                    266.91395519208265,
                    5106.339307099889
                ],
                "Ai": [
                    [
                        0.0,
                        0.0,
                        0.0,
                        0.0
                    ],
                    [
                        -6.330205277708959,
                        0.0,
                        0.0,
                        0.0
                    ],
                    [
                        -22.928940497605772,
                        -5.7491606792509415,
                        0.0,
                        0.0
                    ],
                    [
                        25.215607688732142,
                        -0.0,
                        17.239739863034856,
                        0.0
                    ]
                ]
            },
            "est_params": {
                "mui": [
                    19.999999999999996,
                    -126.09405145848669,
                    266.857746582463,
                    5105.365742592454
                ],
                "Si": [
                    [
                        1e-06,
                        -1.4345700681783421e-27,
                        -7.430813333845832e-28,
                        6.379023831022469e-26
                    ],
                    [
                        -1.4345700681783421e-27,
                        0.9943586270743795,
                        -5.710660731086141,
                        -98.45168544112182
                    ],
                    [
                        -7.430813333845832e-28,
                        -5.710660731086141,
                        33.80382401397043,
                        582.776048707623
                    ],
                    [
                        6.379023831022469e-26,
                        -98.45168544112182,
                        582.776048707623,
                        10048.028481609776
                    ]
                ]
            },
            "est_tgt": [
                0,
                1,
                2
            ]
        },
        "1": {
            "intv_type": "do",
            "inode": 1,
            "new_mui": 20.0,
            "true_params": {
                "Si": [
                    [
                        1.000000000000003,
                        9.887255206826857e-15,
                        -22.928940497605865,
                        -370.0733618249979
                    ],
                    [
                        9.887255206826857e-15,
                        9.785328214164804e-29,
                        -2.2701326304718942e-13,
                        -3.664336451978529e-12
                    ],
                    [
                        -22.928940497605865,
                        -2.2701326304718942e-13,
                        526.7363123427486,
                        8502.629832897352
                    ],
                    [
                        -370.0733618249979,
                        -3.664336451978529e-12,
                        8502.629832897352,
                        137252.50176300053
                    ]
                ],
                "mui": [
                    0.5000000000000008,
                    20.000000000000025,
                    -125.94768383382203,
                    -2158.1975018024864
                ],
                "Ai": [
                    [
                        0.0,
                        0.0,
                        0.0,
                        0.0
                    ],
                    [
                        0.0,
                        0.0,
                        0.0,
                        0.0
                    ],
                    [
                        -22.928940497605772,
                        -5.7491606792509415,
                        0.0,
                        0.0
                    ],
                    [
                        25.215607688732142,
                        -0.0,
                        17.239739863034856,
                        0.0
                    ]
                ]
            },
            "est_params": {
                "mui": [
                    0.6495884410166366,
                    19.99999999999996,
                    -129.38712476934597,
                    -2213.7099722511925
                ],
                "Si": [
                    [
                        0.870381566573299,
                        8.605724719417387e-15,
                        -19.954876918203833,
                        -322.06964318581345
                    ],
                    [
                        8.605724719417387e-15,
                        1e-06,
                        -1.9730323812852022e-13,
                        -3.1844631303778672e-12
                    ],
                    [
                        -19.954876918203833,
                        -1.9730323812852027e-13,
                        458.50043680984226,
                        7401.254892101446
                    ],
                    [
                        -322.06964318581345,
                        -3.1844631303778664e-12,
                        7401.254892101446,
                        119475.55445267314
                    ]
                ]
            },
            "est_tgt": [
                0,
                1,
                2
            ]
        },
        "2": {
            "intv_type": "do",
            "inode": 2,
            "new_mui": 20.0,