{
    "expt_args": {
        "save_dir": "expt_logs_29.04.24-2",
        "exp_name": "194",
        "num_nodes": 4,
        "obs_noise_mean": 0.5,
        "obs_noise_var": 1.0,
        "max_edge_strength": 20,
        "num_parents": 2,
        "new_noise_mean": 15.0,
        "mix_samples": 4096,
        "stage2_samples": 4096,
        "intv_targets": [
            0,
            1,
            2,
            3
        ]
    },
    "intv_args_dict": {
        "0": {
            "intv_type": "do",
            "inode": 0,
            "new_mui": 15.0,
            "true_params": {
                "Si": [
                    [
                        0.0,
                        0.0,
                        0.0,
                        0.0
                    ],
                    [
                        0.0,
                        0.9999999999999998,
                        -3.2382224636402714,
                        -7.117627778804065
                    ],
                    [
                        0.0,
                        -3.2382224636402714,
                        11.486084724024472,
                        25.246466732711628
                    ],
                    [
                        0.0,
                        -7.117627778804065,
                        25.246466732711628,
                        56.491849294194445
                    ]
                ],
                "mui": [
                    14.999999999999996,
                    121.83239402676834,
                    -539.3549005439726,
                    -1446.0389337753106
                ],
                "Ai": [
                    [
                        0.0,
                        0.0,
                        0.0,
                        0.0
                    ],
                    [
                        8.088826268451221,
                        0.0,
                        0.0,
                        0.0
                    ],
                    [
                        -9.688967027161233,
                        -3.238222463640273,
                        0.0,
                        0.0
                    ],
                    [
                        -17.402293112486138,
                        -0.0,
                        2.19800457155829,
                        0.0
                    ]
                ]
            },
            "est_params": {
                "mui": [
                    14.999999999999998,
                    121.84595880428976,
                    -539.3774287571575,
                    -1446.1024615332333
                ],
                "Si": [
                    [
                        1e-06,
                        -1.3084110545204182e-28,
                        -3.7332095859484817e-28,
                        -1.0563454336990287e-27
                    ],
                    [
                        -1.3084110545204182e-28,
                        1.0328233813857377,
                        -3.370500437501377,
                        -7.341119569016733
                    ],
                    [
                        -3.7332095859484817e-28,
                        -3.370500437501377,
                        11.994994666306221,
                        26.125617453343803
                    ],
                    [
                        -1.0563454336990287e-27,
                        -7.341119569016733,
                        26.125617453343803,
                        57.822102927196944
                    ]
                ]
            },
            "est_tgt": [
                0
            ]
        },
        "1": {
            "intv_type": "do",
            "inode": 1,
            "new_mui": 15.0,
            "true_params": {
                "Si": [
                    [
                        0.9999999999999996,
                        1.0971184712265535e-15,
                        -9.688967027161231,
                        -38.69868693186405
                    ],
                    [
                        1.0971184712265535e-15,
                        1.2037115726654082e-30,
                        -1.062994469260362e-14,
                        -4.2463573621771914e-14
                    ],
                    [
                        -9.688967027161231,
                        -1.062994469260362e-14,
                        94.87608205341759,
                        377.14830624882444
                    ],
                    [
                        -38.69868693186405,
                        -4.2463573621771914e-14,
                        377.14830624882444,
                        1503.4195943470172
                    ]
                ],
                "mui": [
                    0.4999999999999991,
                    15.000000000000004,
                    -52.917820468184715,
                    -124.5147578622139
                ],
                "Ai": [
                    [
                        0.0,
                        0.0,
                        0.0,
                        0.0
                    ],
                    [
                        0.0,
                        0.0,
                        0.0,
                        0.0
                    ],
                    [
                        -9.688967027161233,
                        -3.238222463640273,
                        0.0,
                        0.0
                    ],
                    [
                        -17.402293112486138,
                        -0.0,
                        2.19800457155829,
                        0.0
                    ]
                ]
            },
            "est_params": {
                "mui": [
                    0.4779470774518217,
                    15.000000000000014,
                    -52.64018535021253,
                    -123.53447765681378
                ],
                "Si": [
                    [
                        0.9951040235955981,
                        1.0659428028895888e-15,
                        -9.598311494405214,
                        -38.46560013467509
                    ],
                    [
                        1.065942802889589e-15,
                        1e-06,
                        -1.0292650599170329e-14,
                        -4.1224790846427016e-14
                    ],
                    [
                        -9.598311494405214,
                        -1.0292650599170329e-14,
                        93.63446775201295,
                        373.34613102243617
                    ],
                    [
                        -38.465600134675086,
                        -4.1224790846427016e-14,
                        373.34613102243617,
                        1493.0088457525299
                    ]
                ]
            },
            "est_tgt": [
                1
            ]
        },
        "2": {
            "intv_type": "do",
            "inode": 2,
            "new_mui": 15.0,
            "true_params": {
                "Si": [
                    [
                        1.0,
                        8.088826268451221,
                        0.0,
                        -17.402293112486138
                    ],
                    [
                        8.088826268451221,
                        66.4291104011865,
                        0.0,
                        -140.76412565956565
                    ],
                    [
                        0.0,
                        0.0,
                        0.0,
                        0.0
                    ],
                    [
                        -17.402293112486138,
                        -140.76412565956565,
                        0.0,
                        303.8398055728825
                    ]
                ],