{
    "expt_args": {
        "save_dir": "expt_logs_29.04.24-2",
        "exp_name": "697",
        "num_nodes": 4,
        "obs_noise_mean": 0.5,
        "obs_noise_var": 1.0,
        "max_edge_strength": 10.0,
        "num_parents": 2,
        "new_noise_mean": 10.0,
        "mix_samples": 2048,
        "stage2_samples": 2048,
        "intv_targets": [
            0,
            1,
            2,
            3
        ]
    },
    "intv_args_dict": {
        "0": {
            "intv_type": "do",
            "inode": 0,
            "new_mui": 10.0,
            "true_params": {
                "Si": [
                    [
                        1.5555480199140958e-31,
                        -3.82628435327703e-16,
                        2.22814514594445e-15,
                        -6.748569750174973e-15
                    ],
                    [
                        -3.82628435327703e-16,
                        0.9999999999999969,
                        -5.57326074128846,
                        16.880201416391365
                    ],
                    [
                        2.22814514594445e-15,
                        -5.57326074128846,
                        32.061235290387295,
                        -97.10654758186217
                    ],
                    [
                        -6.748569750174973e-15,
                        16.880201416391365,
                        -97.10654758186217,
                        295.11473069771904
                    ]
                ],
                "mui": [
                    9.999999999999984,
                    58.10420178111594,
                    -296.6006409371518,
                    805.9889672109995
                ],
                "Ai": [
                    [
                        0.0,
                        0.0,
                        0.0,
                        0.0
                    ],
                    [
                        5.760420178111602,
                        0.0,
                        0.0,
                        0.0
                    ],
                    [
                        2.672922575344567,
                        -5.573260741288478,
                        0.0,
                        0.0
                    ],
                    [
                        -9.285022624514996,
                        0.0,
                        -3.0287837228460432,
                        0.0
                    ]
                ]
            },
            "est_params": {
                "mui": [
                    9.999999999999995,
                    58.17612428524218,
                    -297.04906899791604,
                    807.3721202642809
                ],
                "Si": [
                    [
                        1e-06,
                        -1.7500637123312015e-16,
                        9.64159524391061e-16,
                        -2.925841376079465e-15
                    ],
                    [
                        -1.7500637123312015e-16,
                        1.0318578937663958,
                        -5.712584369057668,
                        17.32770704014665
                    ],
                    [
                        9.64159524391061e-16,
                        -5.712584369057668,
                        32.59662456405666,
                        -98.87696944882381
                    ],
                    [
                        -2.925841376079465e-15,
                        17.32770704014665,
                        -98.87696944882381,
                        300.8940054493257
                    ]
                ]
            },
            "est_tgt": [
                0
            ]
        },
        "1": {
            "intv_type": "do",
            "inode": 1,
            "new_mui": 10.0,
            "true_params": {
                "Si": [
                    [
                        1.0,
                        1.593642323461055e-16,
                        2.672922575344566,
                        -17.380727013146345
                    ],
                    [
                        1.593642323461055e-16,
                        2.698426846071747e-32,
                        4.658093124268885e-16,
                        -2.8905361663007213e-15
                    ],
                    [
                        2.672922575344566,
                        4.658093124268885e-16,
                        8.144515093786627,
                        -49.48612133218604
                    ],
                    [
                        -17.380727013146345,
                        -2.8905361663007213e-15,
                        -49.48612133218604,
                        312.2632023452922
                    ]
                ],
                "mui": [
                    0.5,
                    9.999999999999998,
                    -53.896146125212475,
                    159.09725879591792
                ],
                "Ai": [
                    [
                        0.0,
                        0.0,
                        0.0,
                        0.0
                    ],
                    [
                        0.0,
                        0.0,
                        0.0,
                        0.0
                    ],
                    [
                        2.672922575344567,
                        -5.573260741288478,
                        0.0,
                        0.0
                    ],
                    [
                        -9.285022624514996,
                        0.0,
                        -3.0287837228460432,
                        0.0
                    ]
                ]
            },
            "est_params": {
                "mui": [
                    0.4482719348724891,
                    10.0,
                    -53.91629705814736,
                    159.66212550009934
                ],
                "Si": [
                    [
                        0.9971417348036148,
                        1.5431709195572134e-32,
                        2.6348988660324406,
                        -17.131655359602302
                    ],
                    [
                        7.715854597786067e-33,
                        1e-06,
                        3.561638482338049e-29,
                        4.7529664322362173e-29
                    ],
                    [
                        2.6348988660324406,
                        3.564724824177163e-29,
                        8.023365880592785,
                        -48.46655109310163
                    ],
                    [
                        -17.131655359602302,
                        4.777657166949133e-29,
                        -48.46655109310163,
                        304.94716140265757
                    ]
                ]
            },
            "est_tgt": [
                1
            ]
        },
        "2": {
            "intv_type": "do",
            "inode": 2,
            "new_mui": 10.0,
            "true_params": {
                "Si": [
                    [
                        1.0,
                        5.760420178111602,
                        0.0,
                        -9.285022624514996
                    ],
                    [
                        5.760420178111602,
                        34.1824406283953,
                        0.0,
                        -53.485631680478924
                    ],
                    [
                        0.0,
                        0.0,
                        0.0,
                        0.0
                    ],
                    [
                        -9.285022624514996,
                        -53.485631680478924,
                        0.0,
                        87.21164513775534
                    ]
                ],