{
    "expt_args": {
        "save_dir": "expt_logs_29.04.24-2",
        "exp_name": "193",
        "num_nodes": 4,
        "obs_noise_mean": 0.5,
        "obs_noise_var": 1.0,
        "max_edge_strength": 10.0,
        "num_parents": 2,
        "new_noise_mean": 10.0,
        "mix_samples": 2048,
        "stage2_samples": 2048,
        "intv_targets": [
            0,
            1,
            2,
            3
        ]
    },
    "intv_args_dict": {
        "0": {
            "intv_type": "do",
            "inode": 0,
            "new_mui": 10.0,
            "true_params": {
                "Si": [
                    [
                        1.4755130895052522e-32,
                        1.2147069973887743e-16,
                        -9.331273550107016e-16,
                        -5.2283377272157924e-15
                    ],
                    [
                        1.2147069973887743e-16,
                        0.9999999999999996,
                        -7.681913062299157,
                        -43.04196599225179
                    ],
                    [
                        -9.331273550107016e-16,
                        -7.681913062299157,
                        60.011788296722436,
                        336.24766774289094
                    ],
                    [
                        -5.2283377272157924e-15,
                        -43.04196599225179,
                        336.24766774289094,
                        1885.0047475923748
                    ]
                ],
                "mui": [
                    9.999999999999995,
                    -52.70925041619258,
                    332.2891418679146,
                    1851.703890652271
                ],
                "Ai": [
                    [
                        0.0,
                        0.0,
                        0.0,
                        0.0
                    ],
                    [
                        -5.32092504161926,
                        0.0,
                        0.0,
                        0.0
                    ],
                    [
                        -7.3118737408232635,
                        -7.681913062299159,
                        0.0,
                        0.0
                    ],
                    [
                        -1.0621129740850321,
                        0.0,
                        5.6030269599757165,
                        0.0
                    ]
                ]
            },
            "est_params": {
                "mui": [
                    9.999999999999998,
                    -52.6981653467401,
                    332.1885087704801,
                    1851.1937223774378
                ],
                "Si": [
                    [
                        1e-06,
                        -1.1109630352256793e-30,
                        -3.5452064857423896e-28,
                        -2.885541323492831e-27
                    ],
                    [
                        -1.1109630352256793e-30,
                        1.0173470767193868,
                        -7.946213477883366,
                        -44.52865963766114
                    ],
                    [
                        -3.5452064857423896e-28,
                        -7.946213477883366,
                        63.00481938892346,
                        353.06987468162987
                    ],
                    [
                        -2.885541323492831e-27,
                        -44.52865963766114,
                        353.06987468162987,
                        1979.444766101762
                    ]
                ]
            },
            "est_tgt": [
                0,
                3
            ]
        },
        "1": {
            "intv_type": "do",
            "inode": 1,
            "new_mui": 10.0,
            "true_params": {
                "Si": [
                    [
                        0.9999999999999902,
                        0.0,
                        -7.311873740823191,
                        -42.03073867185585
                    ],
                    [
                        0.0,
                        0.0,
                        0.0,
                        0.0
                    ],
                    [
                        -7.311873740823191,
                        0.0,
                        54.463497601740244,
                        312.9264813621233
                    ],
                    [
                        -42.03073867185585,
                        0.0,
                        312.9264813621233,
                        1798.9769044160712
                    ]
                ],
                "mui": [
                    0.5000000000000028,
                    9.999999999999945,
                    -79.97506749340282,
                    -448.13351577845606
                ],
                "Ai": [
                    [
                        0.0,
                        0.0,
                        0.0,
                        0.0
                    ],
                    [
                        0.0,
                        0.0,
                        0.0,
                        0.0
                    ],
                    [
                        -7.3118737408232635,
                        -7.681913062299159,
                        0.0,
                        0.0
                    ],
                    [
                        -1.0621129740850321,
                        0.0,
                        5.6030269599757165,
                        0.0
                    ]
                ]
            },
            "est_params": {
                "mui": [
                    0.42775562332966754,
                    9.99999999999997,
                    -79.37813030426848,
                    -444.6187325517233
                ],
                "Si": [
                    [
                        0.9653493445483164,
                        -3.734124038670799e-30,
                        -7.046601649790506,
                        -40.51016276948401
                    ],
                    [
                        -3.672402980180372e-30,
                        1e-06,
                        -1.7874418538827492e-28,
                        1.1040662942767477e-27
                    ],
                    [
                        -7.046601649790506,
                        -1.7676911151658127e-28,
                        52.46342696350941,
                        301.4497884176706
                    ],
                    [
                        -40.51016276948401,
                        1.1020912204050542e-27,
                        301.4497884176706,
                        1733.0722840135936
                    ]
                ]
            },
            "est_tgt": [
                1,
                3
            ]
        },
        "2": {
            "intv_type": "do",
            "inode": 2,
            "new_mui": 10.0,