{
    "expt_args": {
        "save_dir": "expt_logs_29.04.24-2",
        "exp_name": "269",
        "num_nodes": 4,
        "obs_noise_mean": 0.5,
        "obs_noise_var": 1.0,
        "max_edge_strength": 10.0,
        "num_parents": 2,
        "new_noise_mean": 10.0,
        "mix_samples": 32768,
        "stage2_samples": 32768,
        "intv_targets": [
            0,
            1,
            2,
            3
        ]
    },
    "intv_args_dict": {
        "0": {
            "intv_type": "do",
            "inode": 0,
            "new_mui": 10.0,
            "true_params": {
                "Si": [
                    [
                        0.0,
                        0.0,
                        0.0,
                        0.0
                    ],
                    [
                        0.0,
                        1.0000000000000004,
                        8.805506498525418,
                        2.6333262472410417
                    ],
                    [
                        0.0,
                        8.805506498525418,
                        78.53694469557333,
                        23.187771382818536
                    ],
                    [
                        0.0,
                        2.6333262472410417,
                        23.187771382818536,
                        7.934407124408586
                    ]
                ],
                "mui": [
                    10.000000000000007,
                    -40.43075331748243,
                    -258.78096340003674,
                    -76.81234656167267
                ],
                "Ai": [
                    [
                        0.0,
                        0.0,
                        0.0,
                        0.0
                    ],
                    [
                        -4.093075331748242,
                        0.0,
                        0.0,
                        0.0
                    ],
                    [
                        9.67322976773327,
                        8.805506498525414,
                        0.0,
                        0.0
                    ],
                    [
                        2.915501734498159,
                        2.6333262472410404,
                        0.0,
                        0.0
                    ]
                ]
            },
            "est_params": {
                "mui": [
                    10.000000000000002,
                    -40.436161913389505,
                    -258.8347002299642,
                    -76.82487481254121
                ],
                "Si": [
                    [
                        1e-06,
                        -1.510645159077893e-29,
                        -3.63032512537296e-29,
                        -1.9214836296010532e-29
                    ],
                    [
                        -1.510645159077893e-29,
                        0.9732453296139517,
                        8.593264483188063,
                        2.555729304282745
                    ],
                    [
                        -3.63032512537296e-29,
                        8.593264483188063,
                        76.87958579548946,
                        22.543806091282885
                    ],
                    [
                        -1.9214836296010532e-29,
                        2.555729304282745,
                        22.543806091282885,
                        7.733209815472458
                    ]
                ]
            },
            "est_tgt": [
                0
            ]
        },
        "1": {
            "intv_type": "do",
            "inode": 1,
            "new_mui": 10.0,
            "true_params": {
                "Si": [
                    [
                        1.0,
                        0.0,
                        9.67322976773327,
                        2.915501734498159
                    ],
                    [
                        0.0,
                        0.0,
                        0.0,
                        0.0
                    ],
                    [
                        9.67322976773327,
                        0.0,
                        94.57137413936105,
                        28.202318166025574
                    ],
                    [
                        2.915501734498159,
                        0.0,
                        28.202318166025574,
                        9.500150363861774
                    ]
                ],
                "mui": [
                    0.5,
                    10.0,
                    93.39167986912078,
                    28.291013339659482
                ],
                "Ai": [
                    [
                        0.0,
                        0.0,
                        0.0,
                        0.0
                    ],
                    [
                        0.0,
                        0.0,
                        0.0,
                        0.0
                    ],
                    [
                        9.67322976773327,
                        8.805506498525414,
                        0.0,
                        0.0
                    ],
                    [
                        2.915501734498159,
                        2.6333262472410404,
                        0.0,
                        0.0
                    ]
                ]
            },
            "est_params": {
                "mui": [
                    0.5006941880208007,
                    9.999999999999984,
                    93.39371162685008,
                    28.305162217328085
                ],
                "Si": [
                    [
                        1.009147063444651,
                        1.053441666178888e-29,
                        9.760481191681766,
                        2.94547249533322
                    ],
                    [
                        1.053441666178888e-29,
                        1e-06,
                        2.245556068470068e-27,
                        6.790410728369885e-28
                    ],
                    [
                        9.760481191681766,
                        2.245124618210482e-27,
                        95.4249839633614,
                        28.497367272841995
                    ],
                    [
                        2.94547249533322,
                        6.790102549613037e-28,
                        28.497367272841995,
                        9.601085129977655
                    ]
                ]
            },
            "est_tgt": [
                1
            ]
        },
        "2": {
            "intv_type": "do",
            "inode": 2,
            "new_mui": 10.0,
            "true_params": {
                "Si": [
                    [
                        1.0,
                        -4.093075331748242,
                        0.0,
                        -7.862900968529316
                    ],
                    [
                        -4.093075331748242,
                        17.75326567136598,
                        0.0,
                        34.81677223750774
                    ],
                    [
                        0.0,
                        0.0,
                        0.0,
                        0.0
                    ],
                    [
                        -7.862900968529316,
                        34.81677223750774,
                        0.0,
                        69.75961876530783
                    ]
                ],
                "mui": [
                    0.5,
                    -1.546537665874121,
                    10.0,
                    -2.114787360644138
                ],