{
    "expt_args": {
        "save_dir": "expt_logs_29.04.24-2",
        "exp_name": "118",
        "num_nodes": 4,
        "obs_noise_mean": 0.5,
        "obs_noise_var": 1.0,
        "max_edge_strength": 30,
        "num_parents": 2,
        "new_noise_mean": 15.0,
        "mix_samples": 65536,
        "stage2_samples": 65536,
        "intv_targets": [
            0,
            1,
            2,
            3
        ]
    },
    "intv_args_dict": {
        "0": {
            "intv_type": "do",
            "inode": 0,
            "new_mui": 15.0,
            "true_params": {
                "Si": [
                    [
                        0.0,
                        0.0,
                        0.0,
                        0.0
                    ],
                    [
                        0.0,
                        1.0,
                        28.114995311271354,
                        -414.49741638019265
                    ],
                    [
                        0.0,
                        28.114995311271354,
                        791.4529613528102,
                        -11668.202989202135
                    ],
                    [
                        0.0,
                        -414.49741638019265,
                        -11668.202989202135,
                        172022.56236453936
                    ]
                ],
                "mui": [
                    15.0,
                    421.20397921470067,
                    12201.378245848964,
                    -179835.84205128983
                ],
                "Ai": [
                    [
                        0.0,
                        0.0,
                        0.0,
                        0.0
                    ],
                    [
                        28.046931947646712,
                        0.0,
                        0.0,
                        0.0
                    ],
                    [
                        23.915356342587927,
                        28.11499531127135,
                        0.0,
                        0.0
                    ],
                    [
                        -0.0,
                        -3.7353348118744343,
                        -14.61007113892859,
                        0.0
                    ]
                ]
            },
            "est_params": {
                "mui": [
                    15.0,
                    421.2064146576548,
                    12201.44821270873,
                    -179836.85428033725
                ],
                "Si": [
                    [
                        1e-06,
                        0.0,
                        0.0,
                        0.0
                    ],
                    [
                        0.0,
                        0.9812121726031157,
                        27.57186433807751,
                        -406.49376782567776
                    ],
                    [
                        0.0,
                        27.57186433807751,
                        775.7583605250434,
                        -11436.922329743713
                    ],
                    [
                        0.0,
                        -406.49376782567776,
                        -11436.922329743713,
                        168614.34232693954
                    ]
                ]
            },
            "est_tgt": [
                0
            ]
        },
        "1": {
            "intv_type": "do",
            "inode": 1,
            "new_mui": 15.0,
            "true_params": {
                "Si": [
                    [
                        0.9999999999999427,
                        6.20969771670691e-32,
                        23.915356342586556,
                        -349.40505747801666
                    ],
                    [
                        6.20969771670691e-32,
                        9.049013568336467e-31,
                        -9.511098355913126e-16,
                        1.3878710819008978e-14
                    ],
                    [
                        23.915356342586556,
                        -9.511098355913126e-16,
                        572.9442689929278,
                        -8370.756528628113
                    ],
                    [
                        -349.40505747801666,
                        1.3878710819008978e-14,
                        -8370.756528628113,
                        122298.34836990765
                    ]
                ],
                "mui": [
                    0.499999999999667,
                    14.999999999999842,
                    434.1826078403518,
                    -6398.968810011191
                ],
                "Ai": [
                    [
                        0.0,
                        0.0,
                        0.0,
                        0.0
                    ],
                    [
                        0.0,
                        0.0,
                        0.0,
                        0.0
                    ],
                    [
                        23.915356342587927,
                        28.11499531127135,
                        0.0,
                        0.0
                    ],
                    [
                        -0.0,
                        -3.7353348118744343,
                        -14.61007113892859,
                        0.0
                    ]
                ]
            },
            "est_params": {
                "mui": [
                    0.5030216210647127,
                    15.00000017386493,
                    434.26065984212283,
                    -6400.099325591637
                ],
                "Si": [
                    [
                        0.9984421692165837,
                        -5.5145520890482424e-09,
                        23.86622096934846,
                        -348.6899673677436
                    ],
                    [
                        -5.5145520890482424e-09,
                        1.000847102038121e-06,
                        -1.887611466883485e-07,
                        2.3750117826768487e-06
                    ],
                    [
                        23.86622096934846,
                        -1.887611466883485e-07,
                        571.48457661207,
                        -8349.48311119867
                    ],
                    [
                        -348.6899673677436,
                        2.3750117826768487e-06,
                        -8349.48311119867,
                        121988.302583918
                    ]
                ]
            },
            "est_tgt": [
                1
            ]
        },
        "2": {
            "intv_type": "do",
            "inode": 2,
            "new_mui": 15.0,
            "true_params": {
                "Si": [
                    [
                        1.0,
                        28.046931947646716,
                        0.0,
                        -104.76468127031801
                    ],
                    [
                        28.046931947646716,
                        787.630391675926,
                        0.0,
                        -2942.0632209173823
                    ],
                    [
                        0.0,
                        0.0,
                        0.0,
                        0.0
                    ],
                    [
                        -104.76468127031801,
                        -2942.0632209173823,
                        0.0,
                        10990.591167828123
                    ]
                ],
                "mui": [
                    0.5,
                    14.523465973823358,
                    15.0,
                    -272.90107512502505
                ],