{
    "expt_args": {
        "save_dir": "expt_logs_29.04.24-2",
        "exp_name": "483",
        "num_nodes": 4,
        "obs_noise_mean": 0.5,
        "obs_noise_var": 1.0,
        "max_edge_strength": 10.0,
        "num_parents": 2,
        "new_noise_mean": 10.0,
        "mix_samples": 8192,
        "stage2_samples": 8192,
        "intv_targets": [
            0,
            1,
            2,
            3
        ]
    },
    "intv_args_dict": {
        "0": {
            "intv_type": "do",
            "inode": 0,
            "new_mui": 10.0,
            "true_params": {
                "Si": [
                    [
                        2.064964586148571e-31,
                        -4.544188141074892e-16,
                        -3.6360795501099954e-15,
                        -1.1940409755950101e-14
                    ],
                    [
                        -4.544188141074892e-16,
                        0.9999999999999987,
                        8.00160432893059,
                        26.276222254137732
                    ],
                    [
                        -3.6360795501099954e-15,
                        8.00160432893059,
                        65.02567183676084,
                        214.64827001062358
                    ],
                    [
                        -1.1940409755950101e-14,
                        26.276222254137732,
                        214.64827001062358,
                        710.7676285826906
                    ]
                ],
                "mui": [
                    10.000000000000004,
                    -10.970332191687522,
                    -165.46174055036872,
                    -629.2728083798421
                ],
                "Ai": [
                    [
                        0.0,
                        0.0,
                        0.0,
                        0.0
                    ],
                    [
                        -1.147033219168753,
                        0.0,
                        0.0,
                        0.0
                    ],
                    [
                        -7.818148299555512,
                        8.001604328930597,
                        0.0,
                        0.0
                    ],
                    [
                        -0.0,
                        -8.901521107115384,
                        4.396336273972521,
                        0.0
                    ]
                ]
            },
            "est_params": {
                "mui": [
                    10.000000000000002,
                    -10.984702680606752,
                    -165.53636966011197,
                    -629.4396141339992
                ],
                "Si": [
                    [
                        1e-06,
                        -2.519029329571893e-16,
                        -2.00202327493642e-15,
                        -6.564917169756922e-15
                    ],
                    [
                        -2.519029329571893e-16,
                        0.9663424951372459,
                        7.733577564032841,
                        25.388395282208336
                    ],
                    [
                        -2.00202327493642e-15,
                        7.733577564032841,
                        62.94143738380085,
                        207.8342060316152
                    ],
                    [
                        -6.564917169756922e-15,
                        25.388395282208336,
                        207.8342060316152,
                        688.6573363625629
                    ]
                ]
            },
            "est_tgt": [
                0
            ]
        },
        "1": {
            "intv_type": "do",
            "inode": 1,
            "new_mui": 10.0,
            "true_params": {
                "Si": [
                    [
                        1.0000000000000009,
                        7.982261988820449e-16,
                        -7.818148299555513,
                        -34.37120896463249
                    ],
                    [
                        7.982261988820449e-16,
                        6.471227441557148e-31,
                        -6.340429074310569e-15,
                        -2.7876063835391855e-14
                    ],
                    [
                        -7.818148299555513,
                        -6.340429074310569e-15,
                        62.1234428338427,
                        273.11554519448094
                    ],
                    [
                        -34.37120896463249,
                        -2.7876063835391855e-14,
                        273.11554519448094,
                        1201.7077783242783
                    ]
                ],
                "mui": [
                    0.5000000000000002,
                    9.999999999999998,
                    76.6069691395282,
                    248.2747861960475
                ],
                "Ai": [
                    [
                        0.0,
                        0.0,
                        0.0,
                        0.0
                    ],
                    [
                        0.0,
                        0.0,
                        0.0,
                        0.0
                    ],
                    [
                        -7.818148299555512,
                        8.001604328930597,
                        0.0,
                        0.0
                    ],
                    [
                        -0.0,
                        -8.901521107115384,
                        4.396336273972521,
                        0.0
                    ]
                ]
            },
            "est_params": {
                "mui": [
                    0.460495472678786,
                    9.999999999999998,
                    76.89640859989049,
                    249.53759382877615
                ],
                "Si": [
                    [
                        0.9933985336471487,
                        7.570024089797555e-16,
                        -7.741541628389793,
                        -34.049484763310836
                    ],
                    [
                        7.570024089797555e-16,
                        1e-06,
                        -5.896056885987033e-15,
                        -2.5919139562233333e-14
                    ],
                    [
                        -7.741541628389793,
                        -5.896056885987033e-15,
                        61.357580186124004,
                        269.8671948485942
                    ],
                    [
                        -34.049484763310836,
                        -2.5919139562233333e-14,
                        269.8671948485942,
                        1187.9501917029693
                    ]
                ]
            },
            "est_tgt": [
                1
            ]
        },
        "2": {
            "intv_type": "do",
            "inode": 2,
            "new_mui": 10.0,
            "true_params": {
                "Si": [
                    [
                        1.0,
                        -1.147033219168753,
                        0.0,
                        10.21034041099316
                    ],
                    [
                        -1.147033219168753,
                        2.3156852058766324,
                        0.0,
                        -20.613120737545678
                    ],
                    [
                        0.0,
                        0.0,
                        0.0,
                        0.0
                    ],
                    [
                        10.21034041099316,
                        -20.613120737545678,
                        0.0,
                        184.48812932878067
                    ]
                ],