{
    "expt_args": {
        "save_dir": "expt_logs_29.04.24-2",
        "exp_name": "676",
        "num_nodes": 4,
        "obs_noise_mean": 0.5,
        "obs_noise_var": 1.0,
        "max_edge_strength": 10.0,
        "num_parents": 2,
        "new_noise_mean": 10.0,
        "mix_samples": 16384,
        "stage2_samples": 16384,
        "intv_targets": [
            0,
            1,
            2,
            3
        ]
    },
    "intv_args_dict": {
        "0": {
            "intv_type": "do",
            "inode": 0,
            "new_mui": 10.0,
            "true_params": {
                "Si": [
                    [
                        1.880045253489477e-32,
                        1.3299027886436744e-16,
                        -4.731718639665397e-16,
                        -7.832587923169249e-16
                    ],
                    [
                        1.3299027886436744e-16,
                        0.9999999999999991,
                        -3.307943242220827,
                        -5.455214009154465
                    ],
                    [
                        -4.731718639665397e-16,
                        -3.307943242220827,
                        11.942488493754444,
                        19.694663954257212
                    ],
                    [
                        -7.832587923169249e-16,
                        -5.455214009154465,
                        19.694663954257212,
                        33.478975254945205
                    ]
                ],
                "mui": [
                    9.999999999999998,
                    -32.54062760534153,
                    92.53196507740732,
                    219.8820496484723
                ],
                "Ai": [
                    [
                        0.0,
                        0.0,
                        0.0,
                        0.0
                    ],
                    [
                        -3.304062760534154,
                        0.0,
                        0.0,
                        0.0
                    ],
                    [
                        -1.561058410730677,
                        -3.30794324222083,
                        0.0,
                        0.0
                    ],
                    [
                        6.678521372272254,
                        0.0,
                        1.6491256378063017,
                        0.0
                    ]
                ]
            },
            "est_params": {
                "mui": [
                    9.999999999999998,
                    -32.54522985326757,
                    92.54983824759063,
                    219.9382183411832
                ],
                "Si": [
                    [
                        1e-06,
                        0.0,
                        0.0,
                        0.0
                    ],
                    [
                        0.0,
                        1.0342100123958429,
                        -3.4365952854742448,
                        -5.681833182057401
                    ],
                    [
                        0.0,
                        -3.4365952854742448,
                        12.409086868046568,
                        20.483526904119152
                    ],
                    [
                        0.0,
                        -5.681833182057401,
                        20.483526904119152,
                        34.85444034855803
                    ]
                ]
            },
            "est_tgt": [
                0
            ]
        },
        "1": {
            "intv_type": "do",
            "inode": 1,
            "new_mui": 10.0,
            "true_params": {
                "Si": [
                    [
                        1.0,
                        3.356233596921676e-17,
                        -1.5610584107306773,
                        4.104139925023134
                    ],
                    [
                        3.356233596921676e-17,
                        1.983282235123386e-33,
                        -5.239276684851456e-17,
                        1.6701655472090634e-16
                    ],
                    [
                        -1.5610584107306773,
                        -5.239276684851456e-17,
                        3.436903361712988,
                        -4.757676510966633
                    ],
                    [
                        4.104139925023134,
                        1.6701655472090634e-16,
                        -4.757676510966633,
                        20.563579893438934
                    ]
                ],
                "mui": [
                    0.5000000000000013,
                    10.0,
                    -33.35996162757365,
                    -51.175507310129994
                ],
                "Ai": [
                    [
                        0.0,
                        0.0,
                        0.0,
                        0.0
                    ],
                    [
                        0.0,
                        0.0,
                        0.0,
                        0.0
                    ],
                    [
                        -1.561058410730677,
                        -3.30794324222083,
                        0.0,
                        0.0
                    ],
                    [
                        6.678521372272254,
                        0.0,
                        1.6491256378063017,
                        0.0
                    ]
                ]
            },
            "est_params": {
                "mui": [
                    0.5121044699227403,
                    9.999999999999998,
                    -33.39863062517849,
                    -51.15184281449261
                ],
                "Si": [
                    [
                        1.0267527879673795,
                        9.054093818684115e-32,
                        -1.6005541926989575,
                        4.2173253356024984
                    ],
                    [
                        6.742410290509448e-32,
                        1e-06,
                        -8.547449845425835e-30,
                        -2.3950004553359632e-29
                    ],
                    [
                        -1.6005541926989575,
                        -8.54937624836598e-30,
                        3.5779914657341076,
                        -4.8182633898658755
                    ],
                    [
                        4.2173253356024984,
                        -2.3958673366590285e-29,
                        -4.8182633898658755,
                        21.12776295885862
                    ]
                ]
            },
            "est_tgt": [
                1
            ]
        },
        "2": {
            "intv_type": "do",
            "inode": 2,
            "new_mui": 10.0,
            "true_params": {
                "Si": [
                    [
                        1.0,
                        -3.304062760534154,
                        0.0,
                        6.678521372272253
                    ],
                    [
                        -3.304062760534154,
                        11.916830725548573,
                        0.0,
                        -22.066253761556204
                    ],
                    [
                        0.0,
                        0.0,
                        0.0,
                        0.0
                    ],
                    [
                        6.678521372272253,
                        -22.066253761556204,
                        0.0,
                        45.602647719897256
                    ]
                ],