{
    "expt_args": {
        "save_dir": "expt_logs_29.04.24-7",
        "exp_name": "101",
        "num_nodes": 4,
        "obs_noise_mean": 0.5,
        "obs_noise_var": 1.0,
        "max_edge_strength": 1.0,
        "num_parents": 2,
        "new_noise_mean": 10.0,
        "mix_samples": 32768,
        "stage2_samples": 32768,
        "intv_targets": [
            0,
            1,
            2,
            3
        ]
    },
    "intv_args_dict": {
        "0": {
            "intv_type": "do",
            "inode": 0,
            "new_mui": 10.0,
            "true_params": {
                "Si": [
                    [
                        0.0,
                        0.0,
                        0.0,
                        0.0
                    ],
                    [
                        0.0,
                        1.0,
                        -0.5909211021109538,
                        -0.5403207919957844
                    ],
                    [
                        0.0,
                        -0.5909211021109538,
                        1.3491877489200244,
                        1.2336574044204602
                    ],
                    [
                        0.0,
                        -0.5403207919957844,
                        1.2336574044204602,
                        2.1280198717336862
                    ]
                ],
                "mui": [
                    10.0,
                    -5.1661031089912335,
                    13.46939876677504,
                    3.572183162384878
                ],
                "Ai": [
                    [
                        0.0,
                        0.0,
                        0.0,
                        0.0
                    ],
                    [
                        -0.5666103108991234,
                        0.0,
                        0.0,
                        0.0
                    ],
                    [
                        0.9916639423991116,
                        -0.5909211021109538,
                        0.0,
                        0.0
                    ],
                    [
                        -0.9243837002358573,
                        0.0,
                        0.9143704465208479,
                        0.0
                    ]
                ]
            },
            "est_params": {
                "mui": [
                    10.0,
                    -5.164661327260977,
                    13.46441083986031,
                    3.5473730971653823
                ],
                "Si": [
                    [
                        1e-06,
                        0.0,
                        0.0,
                        0.0
                    ],
                    [
                        0.0,
                        1.0043797588506114,
                        -0.5747081042607687,
                        -0.5385462651476832
                    ],
                    [
                        0.0,
                        -0.5747081042607687,
                        1.309311223868746,
                        1.204926757220613
                    ],
                    [
                        0.0,
                        -0.5385462651476832,
                        1.204926757220613,
                        2.127116329227311
                    ]
                ]
            },
            "est_tgt": [
                0
            ]
        },
        "1": {
            "intv_type": "do",
            "inode": 1,
            "new_mui": 10.0,
            "true_params": {
                "Si": [
                    [
                        1.0,
                        0.0,
                        0.9916639423991116,
                        -0.01763549842575718
                    ],
                    [
                        0.0,
                        0.0,
                        0.0,
                        0.0
                    ],
                    [
                        0.9916639423991116,
                        0.0,
                        1.9833973746545486,
                        0.8968819586257881
                    ],
                    [
                        -0.01763549842575718,
                        0.0,
                        0.8968819586257881,
                        1.8363843242754596
                    ]
                ],
                "mui": [
                    0.5,
                    10.0,
                    -4.913379049909983,
                    -4.454840445910299
                ],
                "Ai": [
                    [
                        0.0,
                        0.0,
                        0.0,
                        0.0
                    ],
                    [
                        0.0,
                        0.0,
                        0.0,
                        0.0
                    ],
                    [
                        0.9916639423991116,
                        -0.5909211021109538,
                        0.0,
                        0.0
                    ],
                    [
                        -0.9243837002358573,
                        0.0,
                        0.9143704465208479,
                        0.0
                    ]
                ]
            },
            "est_params": {
                "mui": [
                    0.49829014407610156,
                    10.0,
                    -4.921524522589746,
                    -4.4565562150833165
                ],
                "Si": [
                    [
                        0.9846858847868348,
                        0.0,
                        0.9696586083220207,
                        -0.03179234385332075
                    ],
                    [
                        0.0,
                        1e-06,
                        0.0,
                        0.0
                    ],
                    [
                        0.9696586083220207,
                        0.0,
                        1.9752976968001505,
                        0.8984334082302735
                    ],
                    [
                        -0.03179234385332075,
                        0.0,
                        0.8984334082302735,
                        1.8324849585478695
                    ]
                ]
            },
            "est_tgt": [
                1,
                2
            ]
        },
        "2": {
            "intv_type": "do",
            "inode": 2,
            "new_mui": 10.0,
            "true_params": {
                "Si": [
                    [
                        1.0,
                        -0.5666103108991234,
                        0.0,
                        -0.9243837002358573
                    ],
                    [
                        -0.5666103108991234,
                        1.3210472444172012,
                        0.0,
                        0.5237653357807212
                    ],
                    [
                        0.0,
                        0.0,
                        0.0,
                        0.0
                    ],
                    [
                        -0.9243837002358573,
                        0.5237653357807212,
                        0.0,
                        1.8544852252617352
                    ]
                ],
                "mui": [
                    0.5,
                    0.2166948445504383,
                    10.0,
                    9.18151261509055
                ],