{
    "expt_args": {
        "save_dir": "expt_logs_29.04.24-7",
        "exp_name": "75",
        "num_nodes": 4,
        "obs_noise_mean": 0.5,
        "obs_noise_var": 1.0,
        "max_edge_strength": 1.0,
        "num_parents": 2,
        "new_noise_mean": 10.0,
        "mix_samples": 8192,
        "stage2_samples": 8192,
        "intv_targets": [
            0,
            1,
            2,
            3
        ]
    },
    "intv_args_dict": {
        "0": {
            "intv_type": "do",
            "inode": 0,
            "new_mui": 10.0,
            "true_params": {
                "Si": [
                    [
                        0.0,
                        0.0,
                        0.0,
                        0.0
                    ],
                    [
                        0.0,
                        1.0,
                        0.5103052804192741,
                        -0.43239492449612776
                    ],
                    [
                        0.0,
                        0.5103052804192741,
                        1.260411479223794,
                        -1.0679793984205865
                    ],
                    [
                        0.0,
                        -0.43239492449612776,
                        -1.0679793984205865,
                        1.9049266959653584
                    ]
                ],
                "mui": [
                    10.0,
                    -9.380739747788194,
                    -10.25012130011733,
                    -0.6432573682293806
                ],
                "Ai": [
                    [
                        0.0,
                        0.0,
                        0.0,
                        0.0
                    ],
                    [
                        -0.9880739747788194,
                        0.0,
                        0.0,
                        0.0
                    ],
                    [
                        -0.5963080272582044,
                        0.5103052804192741,
                        0.0,
                        0.0
                    ],
                    [
                        -0.9828451497513927,
                        -0.0,
                        -0.8473259852237192,
                        0.0
                    ]
                ]
            },
            "est_params": {
                "mui": [
                    10.0,
                    -9.39963053281285,
                    -10.237360324698612,
                    -0.6841904134473984
                ],
                "Si": [
                    [
                        1e-06,
                        0.0,
                        0.0,
                        0.0
                    ],
                    [
                        0.0,
                        0.9963966296993235,
                        0.4881964307666837,
                        -0.40317851120818265
                    ],
                    [
                        0.0,
                        0.4881964307666837,
                        1.2863407054873455,
                        -1.1023252759408364
                    ],
                    [
                        0.0,
                        -0.40317851120818265,
                        -1.1023252759408364,
                        1.9014454894660362
                    ]
                ]
            },
            "est_tgt": [
                0,
                3
            ]
        },
        "1": {
            "intv_type": "do",
            "inode": 1,
            "new_mui": 10.0,
            "true_params": {
                "Si": [
                    [
                        1.0,
                        0.0,
                        -0.5963080272582044,
                        -0.4775778630580223
                    ],
                    [
                        0.0,
                        0.0,
                        0.0,
                        0.0
                    ],
                    [
                        -0.5963080272582044,
                        0.0,
                        1.3555832633725715,
                        -0.5625424718414009
                    ],
                    [
                        -0.4775778630580223,
                        0.0,
                        -0.5625424718414009,
                        1.9460419405184135
                    ]
                ],
                "mui": [
                    0.5,
                    10.0,
                    5.304898790563639,
                    -4.486401169102148
                ],
                "Ai": [
                    [
                        0.0,
                        0.0,
                        0.0,
                        0.0
                    ],
                    [
                        0.0,
                        0.0,
                        0.0,
                        0.0
                    ],
                    [
                        -0.5963080272582044,
                        0.5103052804192741,
                        0.0,
                        0.0
                    ],
                    [
                        -0.9828451497513927,
                        -0.0,
                        -0.8473259852237192,
                        0.0
                    ]
                ]
            },
            "est_params": {
                "mui": [
                    0.47036297773998337,
                    10.0,
                    5.3138943395470575,
                    -4.440852673383164
                ],
                "Si": [
                    [
                        0.9898274747264819,
                        0.0,
                        -0.5943564940246849,
                        -0.5073007560572197
                    ],
                    [
                        0.0,
                        1e-06,
                        0.0,
                        0.0
                    ],
                    [
                        -0.5943564940246849,
                        0.0,
                        1.3017697586882644,
                        -0.5152578811091357
                    ],
                    [
                        -0.5073007560572197,
                        0.0,
                        -0.5152578811091357,
                        1.9432456263481537
                    ]
                ]
            },
            "est_tgt": [
                1,
                2,
                3
            ]
        },
        "2": {
            "intv_type": "do",
            "inode": 2,
            "new_mui": 10.0,
            "true_params": {
                "Si": [
                    [
                        1.0,
                        -0.9880739747788194,
                        0.0,
                        -0.9828451497513927
                    ],
                    [
                        -0.9880739747788194,
                        1.976290179635215,
                        0.0,
                        0.9711237137069426
                    ],
                    [
                        0.0,
                        0.0,
                        0.0,
                        0.0
                    ],
                    [
                        -0.9828451497513927,
                        0.9711237137069426,
                        0.0,
                        1.9659845883898375
                    ]
                ],
                "mui": [
                    0.5,
                    0.00596301261059029,
                    10.0,
                    -8.464682427112887
                ],