{
    "expt_args": {
        "save_dir": "expt_logs_29.04.24-7",
        "exp_name": "220",
        "num_nodes": 4,
        "obs_noise_mean": 0.5,
        "obs_noise_var": 1.0,
        "max_edge_strength": 1.0,
        "num_parents": 2,
        "new_noise_mean": 10.0,
        "mix_samples": 16384,
        "stage2_samples": 16384,
        "intv_targets": [
            0,
            1,
            2,
            3
        ]
    },
    "intv_args_dict": {
        "0": {
            "intv_type": "do",
            "inode": 0,
            "new_mui": 10.0,
            "true_params": {
                "Si": [
                    [
                        0.0,
                        0.0,
                        0.0,
                        0.0
                    ],
                    [
                        0.0,
                        1.0,
                        -0.9827211586679073,
                        -0.5429754042660333
                    ],
                    [
                        0.0,
                        -0.9827211586679073,
                        1.9657408756935943,
                        0.5335934184084916
                    ],
                    [
                        0.0,
                        -0.5429754042660333,
                        0.5335934184084916,
                        1.2948222896378623
                    ]
                ],
                "mui": [
                    10.0,
                    7.180009798843965,
                    2.05114102304569,
                    6.0238327286551225
                ],
                "Ai": [
                    [
                        0.0,
                        0.0,
                        0.0,
                        0.0
                    ],
                    [
                        0.6680009798843966,
                        0.0,
                        0.0,
                        0.0
                    ],
                    [
                        0.860708857181256,
                        -0.9827211586679073,
                        0.0,
                        0.0
                    ],
                    [
                        0.9422401451816507,
                        -0.5429754042660333,
                        0.0,
                        0.0
                    ]
                ]
            },
            "est_params": {
                "mui": [
                    10.0,
                    7.1843133975628195,
                    2.0453710707222252,
                    6.039967981866234
                ],
                "Si": [
                    [
                        1e-06,
                        0.0,
                        0.0,
                        0.0
                    ],
                    [
                        0.0,
                        1.0243168133613254,
                        -0.9981510576256563,
                        -0.5401829701336514
                    ],
                    [
                        0.0,
                        -0.9981510576256563,
                        1.9469193382181973,
                        0.5284573312487034
                    ],
                    [
                        0.0,
                        -0.5401829701336514,
                        0.5284573312487034,
                        1.3142949792445189
                    ]
                ]
            },
            "est_tgt": [
                0
            ]
        },
        "1": {
            "intv_type": "do",
            "inode": 1,
            "new_mui": 10.0,
            "true_params": {
                "Si": [
                    [
                        1.0,
                        0.0,
                        0.860708857181256,
                        0.9422401451816507
                    ],
                    [
                        0.0,
                        0.0,
                        0.0,
                        0.0
                    ],
                    [
                        0.860708857181256,
                        0.0,
                        1.7408197368302636,
                        0.8109944385495993
                    ],
                    [
                        0.9422401451816507,
                        0.0,
                        0.8109944385495993,
                        1.8878164911919382
                    ]
                ],
                "mui": [
                    0.5,
                    10.0,
                    -8.896857158088446,
                    -4.458633970069508
                ],
                "Ai": [
                    [
                        0.0,
                        0.0,
                        0.0,
                        0.0
                    ],
                    [
                        0.0,
                        0.0,
                        0.0,
                        0.0
                    ],
                    [
                        0.860708857181256,
                        -0.9827211586679073,
                        0.0,
                        0.0
                    ],
                    [
                        0.9422401451816507,
                        -0.5429754042660333,
                        0.0,
                        0.0
                    ]
                ]
            },
            "est_params": {
                "mui": [
                    0.5324212212797617,
                    10.0,
                    -8.88514804627844,
                    -4.426876625512295
                ],
                "Si": [
                    [
                        1.0045150602928394,
                        9.462266962542235e-32,
                        0.8752535736094621,
                        0.9274696820879746
                    ],
                    [
                        9.462266962542235e-32,
                        1e-06,
                        9.104755777988392e-32,
                        9.312606179881011e-32
                    ],
                    [
                        0.8752535736094621,
                        9.104755777988392e-32,
                        1.7356338948412684,
                        0.8061266138090759
                    ],
                    [
                        0.9274696820879746,
                        9.312606179881012e-32,
                        0.8061266138090759,
                        1.8056735469495677
                    ]
                ]
            },
            "est_tgt": [
                1
            ]
        },
        "2": {
            "intv_type": "do",
            "inode": 2,
            "new_mui": 10.0,
            "true_params": {
                "Si": [
                    [
                        1.0,
                        0.6680009798843966,
                        0.0,
                        0.579532043078814
                    ],
                    [
                        0.6680009798843966,
                        1.446225309126514,
                        0.0,
                        -0.15584743161497921
                    ],
                    [
                        0.0,
                        0.0,
                        0.0,
                        0.0
                    ],
                    [
                        0.579532043078814,
                        -0.15584743161497921,
                        0.0,
                        1.6306796785929665
                    ]
                ],
                "mui": [
                    0.5,
                    0.8340004899421982,
                    10.0,
                    0.5182783194063904
                ],