{
    "expt_args": {
        "save_dir": "expt_logs_29.04.24-7",
        "exp_name": "102",
        "num_nodes": 4,
        "obs_noise_mean": 0.5,
        "obs_noise_var": 1.0,
        "max_edge_strength": 1.0,
        "num_parents": 2,
        "new_noise_mean": 10.0,
        "mix_samples": 65536,
        "stage2_samples": 65536,
        "intv_targets": [
            0,
            1,
            2,
            3
        ]
    },
    "intv_args_dict": {
        "0": {
            "intv_type": "do",
            "inode": 0,
            "new_mui": 10.0,
            "true_params": {
                "Si": [
                    [
                        0.0,
                        0.0,
                        0.0,
                        0.0
                    ],
                    [
                        0.0,
                        1.0,
                        -0.7127619605300369,
                        0.5385870743667963
                    ],
                    [
                        0.0,
                        -0.7127619605300369,
                        1.5080296123786219,
                        -1.1395182430688489
                    ],
                    [
                        0.0,
                        0.5385870743667963,
                        -1.1395182430688489,
                        1.8610585731394118
                    ]
                ],
                "mui": [
                    10.0,
                    -7.527344750525952,
                    -2.7696563061742503,
                    12.195177878405726
                ],
                "Ai": [
                    [
                        0.0,
                        0.0,
                        0.0,
                        0.0
                    ],
                    [
                        -0.8027344750525951,
                        0.0,
                        0.0,
                        0.0
                    ],
                    [
                        -0.8634861308144608,
                        -0.7127619605300369,
                        0.0,
                        0.0
                    ],
                    [
                        0.9602331781744438,
                        -0.0,
                        -0.7556338640270344,
                        0.0
                    ]
                ]
            },
            "est_params": {
                "mui": [
                    10.0,
                    -7.523742915993826,
                    -2.759105003456651,
                    12.182915265949108
                ],
                "Si": [
                    [
                        1e-06,
                        0.0,
                        0.0,
                        0.0
                    ],
                    [
                        0.0,
                        0.9792098800564888,
                        -0.6854852739016392,
                        0.5071053098515726
                    ],
                    [
                        0.0,
                        -0.6854852739016392,
                        1.4915302103304622,
                        -1.1157423656183472
                    ],
                    [
                        0.0,
                        0.5071053098515726,
                        -1.1157423656183472,
                        1.8521351636926167
                    ]
                ]
            },
            "est_tgt": [
                0
            ]
        },
        "1": {
            "intv_type": "do",
            "inode": 1,
            "new_mui": 10.0,
            "true_params": {
                "Si": [
                    [
                        1.0,
                        0.0,
                        -0.8634861308144608,
                        1.612712539735528
                    ],
                    [
                        0.0,
                        0.0,
                        0.0,
                        0.0
                    ],
                    [
                        -0.8634861308144608,
                        0.0,
                        1.745608298108928,
                        -2.1481887750792277
                    ],
                    [
                        1.612712539735528,
                        0.0,
                        -2.1481887750792277,
                        4.171824272284644
                    ]
                ],
                "mui": [
                    0.5,
                    10.0,
                    -7.0593626707076,
                    6.31441008152221
                ],
                "Ai": [
                    [
                        0.0,
                        0.0,
                        0.0,
                        0.0
                    ],
                    [
                        0.0,
                        0.0,
                        0.0,
                        0.0
                    ],
                    [
                        -0.8634861308144608,
                        -0.7127619605300369,
                        0.0,
                        0.0
                    ],
                    [
                        0.9602331781744438,
                        -0.0,
                        -0.7556338640270344,
                        0.0
                    ]
                ]
            },
            "est_params": {
                "mui": [
                    0.48281163177567304,
                    10.0,
                    -7.056620182585524,
                    6.296476582337161
                ],
                "Si": [
                    [
                        0.9980887385818709,
                        0.0,
                        -0.8636850775810703,
                        1.6168345358476126
                    ],
                    [
                        0.0,
                        1e-06,
                        0.0,
                        0.0
                    ],
                    [
                        -0.8636850775810703,
                        0.0,
                        1.76151306797179,
                        -2.1779865478067886
                    ],
                    [
                        1.6168345358476126,
                        0.0,
                        -2.1779865478067886,
                        4.222659077438636
                    ]
                ]
            },
            "est_tgt": [
                1
            ]
        },
        "2": {
            "intv_type": "do",
            "inode": 2,
            "new_mui": 10.0,
            "true_params": {
                "Si": [
                    [
                        1.0,
                        -0.8027344750525951,
                        0.0,
                        0.9602331781744438
                    ],
                    [
                        -0.8027344750525951,
                        1.6443826374379653,
                        0.0,
                        -0.7708122762099471
                    ],
                    [
                        0.0,
                        0.0,
                        0.0,
                        0.0
                    ],
                    [
                        0.9602331781744438,
                        -0.7708122762099471,
                        0.0,
                        1.922047756466993
                    ]
                ],
                "mui": [
                    0.5,
                    0.09863276247370245,
                    10.0,
                    -6.576222051183121
                ],