{
    "expt_args": {
        "save_dir": "expt_logs_29.04.24-5",
        "exp_name": "85",
        "num_nodes": 4,
        "obs_noise_mean": 0.5,
        "obs_noise_var": 1.0,
        "max_edge_strength": 1.0,
        "num_parents": 2,
        "new_noise_mean": 10.0,
        "mix_samples": 32768,
        "stage2_samples": 32768,
        "intv_targets": [
            0,
            1,
            2,
            3
        ]
    },
    "intv_args_dict": {
        "0": {
            "intv_type": "do",
            "inode": 0,
            "new_mui": 10.0,
            "true_params": {
                "Si": [
                    [
                        0.0,
                        0.0,
                        0.0,
                        0.0
                    ],
                    [
                        0.0,
                        1.0,
                        0.28664078287916883,
                        0.2711425675370201
                    ],
                    [
                        0.0,
                        0.28664078287916883,
                        1.0821629384095828,
                        1.0236520939780909
                    ],
                    [
                        0.0,
                        0.2711425675370201,
                        1.0236520939780909,
                        1.9683048386832935
                    ]
                ],
                "mui": [
                    10.0,
                    2.3697800195619347,
                    3.1056680022287693,
                    11.94724381271692
                ],
                "Ai": [
                    [
                        0.0,
                        0.0,
                        0.0,
                        0.0
                    ],
                    [
                        0.18697800195619346,
                        0.0,
                        0.0,
                        0.0
                    ],
                    [
                        0.19263924021701245,
                        0.28664078287916883,
                        0.0,
                        0.0
                    ],
                    [
                        0.8509494384378077,
                        -0.0,
                        0.9459315761474114,
                        0.0
                    ]
                ]
            },
            "est_params": {
                "mui": [
                    10.0,
                    2.3745705512621877,
                    3.1080497080203733,
                    11.973249479803151
                ],
                "Si": [
                    [
                        1e-06,
                        0.0,
                        0.0,
                        0.0
                    ],
                    [
                        0.0,
                        1.0038620448229096,
                        0.27523175620255036,
                        0.2561767501018624
                    ],
                    [
                        0.0,
                        0.27523175620255036,
                        1.0816460771771796,
                        1.0200862249431033
                    ],
                    [
                        0.0,
                        0.2561767501018624,
                        1.0200862249431033,
                        1.9468109874863284
                    ]
                ]
            },
            "est_tgt": [
                0
            ]
        },
        "1": {
            "intv_type": "do",
            "inode": 1,
            "new_mui": 10.0,
            "true_params": {
                "Si": [
                    [
                        1.0,
                        0.0,
                        0.19263924021701245,
                        1.0331729785641262
                    ],
                    [
                        0.0,
                        0.0,
                        0.0,
                        0.0
                    ],
                    [
                        0.19263924021701245,
                        0.0,
                        1.0371098768713878,
                        1.1449612337507524
                    ],
                    [
                        1.0331729785641262,
                        0.0,
                        1.1449612337507524,
                        2.9622329503877944
                    ]
                ],
                "mui": [
                    0.5,
                    10.0,
                    3.4627274489001945,
                    4.200977952725969
                ],
                "Ai": [
                    [
                        0.0,
                        0.0,
                        0.0,
                        0.0
                    ],
                    [
                        0.0,
                        0.0,
                        0.0,
                        0.0
                    ],
                    [
                        0.19263924021701245,
                        0.28664078287916883,
                        0.0,
                        0.0
                    ],
                    [
                        0.8509494384378077,
                        -0.0,
                        0.9459315761474114,
                        0.0
                    ]
                ]
            },
            "est_params": {
                "mui": [
                    0.5098569222017552,
                    10.0,
                    3.48209963929536,
                    4.240177521656875
                ],
                "Si": [
                    [
                        1.0003397632700228,
                        0.0,
                        0.17774903368539102,
                        1.000079806989686
                    ],
                    [
                        0.0,
                        1e-06,
                        0.0,
                        0.0
                    ],
                    [
                        0.17774903368539102,
                        0.0,
                        1.023061239847741,
                        1.1342022544426702
                    ],
                    [
                        1.000079806989686,
                        0.0,
                        1.1342022544426702,
                        2.9104417622027077
                    ]
                ]
            },
            "est_tgt": [
                1
            ]
        },
        "2": {
            "intv_type": "do",
            "inode": 2,
            "new_mui": 10.0,
            "true_params": {
                "Si": [
                    [
                        1.0,
                        0.18697800195619346,
                        0.0,
                        0.8509494384378077
                    ],
                    [
                        0.18697800195619346,
                        1.0349607732155304,
                        0.0,
                        0.15910882576484614
                    ],
                    [
                        0.0,
                        0.0,
                        0.0,
                        0.0
                    ],
                    [
                        0.8509494384378077,
                        0.15910882576484614,
                        0.0,
                        1.7241149467776202
                    ]
                ],
                "mui": [
                    0.5,
                    0.5934890009780968,
                    10.0,
                    10.384790480693018
                ],