{
    "expt_args": {
        "save_dir": "expt_logs_29.04.24-5",
        "exp_name": "80",
        "num_nodes": 4,
        "obs_noise_mean": 0.5,
        "obs_noise_var": 1.0,
        "max_edge_strength": 1.0,
        "num_parents": 2,
        "new_noise_mean": 10.0,
        "mix_samples": 1024,
        "stage2_samples": 1024,
        "intv_targets": [
            0,
            1,
            2,
            3
        ]
    },
    "intv_args_dict": {
        "0": {
            "intv_type": "do",
            "inode": 0,
            "new_mui": 10.0,
            "true_params": {
                "Si": [
                    [
                        0.0,
                        0.0,
                        0.0,
                        0.0
                    ],
                    [
                        0.0,
                        1.0,
                        -0.6178721526988162,
                        -0.1450570732256775
                    ],
                    [
                        0.0,
                        -0.6178721526988162,
                        1.3817659970806693,
                        0.08962672609813918
                    ],
                    [
                        0.0,
                        -0.1450570732256775,
                        0.08962672609813918,
                        1.0210415544927995
                    ]
                ],
                "mui": [
                    10.0,
                    10.439965889819645,
                    -8.690205402495497,
                    8.420659630468364
                ],
                "Ai": [
                    [
                        0.0,
                        0.0,
                        0.0,
                        0.0
                    ],
                    [
                        0.9939965889819645,
                        0.0,
                        0.0,
                        0.0
                    ],
                    [
                        -0.27396412040504214,
                        -0.6178721526988162,
                        0.0,
                        0.0
                    ],
                    [
                        0.9435050527021507,
                        -0.1450570732256775,
                        0.0,
                        0.0
                    ]
                ]
            },
            "est_params": {
                "mui": [
                    10.0,
                    10.425890721058805,
                    -8.6880216022706,
                    8.498874732674102
                ],
                "Si": [
                    [
                        1e-06,
                        0.0,
                        0.0,
                        0.0
                    ],
                    [
                        0.0,
                        0.8698038565776859,
                        -0.37709188808555877,
                        -0.17005546465964436
                    ],
                    [
                        0.0,
                        -0.37709188808555877,
                        1.2268861049761552,
                        0.06140901531419736
                    ],
                    [
                        0.0,
                        -0.17005546465964436,
                        0.06140901531419736,
                        0.9175916944667663
                    ]
                ]
            },
            "est_tgt": [
                0,
                2
            ]
        },
        "1": {
            "intv_type": "do",
            "inode": 1,
            "new_mui": 10.0,
            "true_params": {
                "Si": [
                    [
                        1.0,
                        0.0,
                        -0.27396412040504214,
                        0.9435050527021507
                    ],
                    [
                        0.0,
                        0.0,
                        0.0,
                        0.0
                    ],
                    [
                        -0.27396412040504214,
                        0.0,
                        1.0750563392693084,
                        -0.25848653186125764
                    ],
                    [
                        0.9435050527021507,
                        0.0,
                        -0.25848653186125764,
                        1.8902017844744883
                    ]
                ],
                "mui": [
                    0.5,
                    10.0,
                    -5.815703587190684,
                    -0.4788182059056998
                ],
                "Ai": [
                    [
                        0.0,
                        0.0,
                        0.0,
                        0.0
                    ],
                    [
                        0.0,
                        0.0,
                        0.0,
                        0.0
                    ],
                    [
                        -0.27396412040504214,
                        -0.6178721526988162,
                        0.0,
                        0.0
                    ],
                    [
                        0.9435050527021507,
                        -0.1450570732256775,
                        0.0,
                        0.0
                    ]
                ]
            },
            "est_params": {
                "mui": [
                    0.3581456740198276,
                    9.999999999999998,
                    -5.723549480713112,
                    -0.6458236781283401
                ],
                "Si": [
                    [
                        0.8162118561086461,
                        9.37352369733214e-30,
                        -0.19108956421341716,
                        0.7993759838720296
                    ],
                    [
                        9.388991558218827e-30,
                        1e-06,
                        -1.9953540543825844e-30,
                        9.79115594127268e-30
                    ],
                    [
                        -0.19108956421341716,
                        -1.9914870891609125e-30,
                        0.9119835357000431,
                        -0.12522075205259292
                    ],
                    [
                        0.7993759838720296,
                        9.783422010829337e-30,
                        -0.12522075205259292,
                        1.6443022859843826
                    ]
                ]
            },
            "est_tgt": [
                1,
                3
            ]
        },
        "2": {
            "intv_type": "do",
            "inode": 2,
            "new_mui": 10.0,
            "true_params": {
                "Si": [
                    [
                        1.0,
                        0.9939965889819645,
                        0.0,
                        0.7993188167081202
                    ],
                    [
                        0.9939965889819645,
                        1.9880292189077804,
                        0.0,
                        0.649463104091294
                    ],
                    [
                        0.0,
                        0.0,
                        0.0,
                        0.0
                    ],
                    [
                        0.7993188167081202,
                        0.649463104091294,
                        0.0,
                        1.659952125236469
                    ]
                ],
                "mui": [
                    0.5,
                    0.9969982944909823,
                    10.0,
                    0.8271308717412214
                ],