{
    "expt_args": {
        "save_dir": "expt_logs_29.04.24-5",
        "exp_name": "84",
        "num_nodes": 4,
        "obs_noise_mean": 0.5,
        "obs_noise_var": 1.0,
        "max_edge_strength": 1.0,
        "num_parents": 2,
        "new_noise_mean": 10.0,
        "mix_samples": 16384,
        "stage2_samples": 16384,
        "intv_targets": [
            0,
            1,
            2,
            3
        ]
    },
    "intv_args_dict": {
        "0": {
            "intv_type": "do",
            "inode": 0,
            "new_mui": 10.0,
            "true_params": {
                "Si": [
                    [
                        0.0,
                        0.0,
                        0.0,
                        0.0
                    ],
                    [
                        0.0,
                        1.0,
                        -0.12795553954486438,
                        0.19237721666483895
                    ],
                    [
                        0.0,
                        -0.12795553954486438,
                        1.0163726201002174,
                        0.6178563393623792
                    ],
                    [
                        0.0,
                        0.19237721666483895,
                        0.6178563393623792,
                        1.449779354114975
                    ]
                ],
                "mui": [
                    10.0,
                    9.991722007907828,
                    -6.52755947914964,
                    -0.9501968930353115
                ],
                "Ai": [
                    [
                        0.0,
                        0.0,
                        0.0,
                        0.0
                    ],
                    [
                        0.9491722007907828,
                        0.0,
                        0.0,
                        0.0
                    ],
                    [
                        -0.5749063298645498,
                        -0.12795553954486438,
                        0.0,
                        0.0
                    ],
                    [
                        -0.0,
                        0.2745850770135576,
                        0.6424720699168679,
                        0.0
                    ]
                ]
            },
            "est_params": {
                "mui": [
                    10.0,
                    10.027203381213525,
                    -6.549700880066093,
                    -0.9446916141678852
                ],
                "Si": [
                    [
                        1e-06,
                        0.0,
                        0.0,
                        0.0
                    ],
                    [
                        0.0,
                        0.9709926317659265,
                        -0.12964135724424788,
                        0.16050672467503405
                    ],
                    [
                        0.0,
                        -0.12964135724424788,
                        1.0261375531016077,
                        0.6366121007448483
                    ],
                    [
                        0.0,
                        0.16050672467503405,
                        0.6366121007448483,
                        1.3984582499619913
                    ]
                ]
            },
            "est_tgt": [
                0,
                1,
                2,
                3
            ]
        },
        "1": {
            "intv_type": "do",
            "inode": 1,
            "new_mui": 10.0,
            "true_params": {
                "Si": [
                    [
                        1.0,
                        0.0,
                        -0.5749063298645498,
                        -0.36936125975638695
                    ],
                    [
                        0.0,
                        0.0,
                        0.0,
                        0.0
                    ],
                    [
                        -0.5749063298645498,
                        0.0,
                        1.3305172881183265,
                        0.854820196157559
                    ],
                    [
                        -0.36936125975638695,
                        0.0,
                        0.854820196157559,
                        1.5491981008320899
                    ]
                ],
                "mui": [
                    0.5,
                    10.0,
                    -1.0670085603809187,
                    2.5603275717286302
                ],
                "Ai": [
                    [
                        0.0,
                        0.0,
                        0.0,
                        0.0
                    ],
                    [
                        0.0,
                        0.0,
                        0.0,
                        0.0
                    ],
                    [
                        -0.5749063298645498,
                        -0.12795553954486438,
                        0.0,
                        0.0
                    ],
                    [
                        -0.0,
                        0.2745850770135576,
                        0.6424720699168679,
                        0.0
                    ]
                ]
            },
            "est_params": {
                "mui": [
                    0.5234947792261744,
                    9.999999999999993,
                    -1.0898125215997791,
                    2.549151288128641
                ],
                "Si": [
                    [
                        0.997667067418358,
                        -1.2726725154815267e-25,
                        -0.563896364712885,
                        -0.3801709126055358
                    ],
                    [
                        -1.272672361369506e-25,
                        1e-06,
                        7.439970852209424e-26,
                        6.478260986973187e-26
                    ],
                    [
                        -0.563896364712885,
                        7.439973934449835e-26,
                        1.29912493596671,
                        0.8650858091375883
                    ],
                    [
                        -0.3801709126055358,
                        6.478260216413084e-26,
                        0.8650858091375883,
                        1.5903872953598432
                    ]
                ]
            },
            "est_tgt": [
                0,
                1,
                2,
                3
            ]
        },
        "2": {
            "intv_type": "do",
            "inode": 2,
            "new_mui": 10.0,
            "true_params": {
                "Si": [
                    [
                        1.0,
                        0.9491722007907828,
                        0.0,
                        0.26062852185326507
                    ],
                    [
                        0.9491722007907828,
                        1.9009278667540181,
                        0.0,
                        0.5219664246898699
                    ],
                    [
                        0.0,
                        0.0,
                        0.0,
                        0.0
                    ],
                    [
                        0.26062852185326507,
                        0.5219664246898699,
                        0.0,
                        1.1433241909219594
                    ]
                ],
                "mui": [
                    0.5,
                    0.9745861003953914,
                    10.0,
                    7.192327498602091
                ],