{
    "expt_args": {
        "save_dir": "expt_logs_29.04.24-3",
        "exp_name": "102",
        "num_nodes": 4,
        "obs_noise_mean": 0.5,
        "obs_noise_var": 1.0,
        "max_edge_strength": 20.0,
        "num_parents": 2,
        "new_noise_mean": 10.0,
        "mix_samples": 65536,
        "stage2_samples": 65536,
        "intv_targets": [
            0,
            1,
            2,
            3
        ]
    },
    "intv_args_dict": {
        "0": {
            "intv_type": "do",
            "inode": 0,
            "new_mui": 10.0,
            "true_params": {
                "Si": [
                    [
                        8.996205220400118e-31,
                        9.484832745178028e-16,
                        7.005652782398977e-15,
                        9.130362408182162e-14
                    ],
                    [
                        9.484832745178028e-16,
                        1.0000000000000022,
                        7.386163752819552,
                        96.26276660306894
                    ],
                    [
                        7.005652782398977e-15,
                        7.386163752819552,
                        55.5554149834653,
                        724.0454077461354
                    ],
                    [
                        9.130362408182162e-14,
                        96.26276660306894,
                        724.0454077461354,
                        9437.375421447128
                    ]
                ],
                "mui": [
                    9.999999999999913,
                    -21.543914420671843,
                    -252.26884939994497,
                    -3324.843610752398
                ],
                "Ai": [
                    [
                        0.0,
                        0.0,
                        0.0,
                        0.0
                    ],
                    [
                        -2.2043914420671733,
                        0.0,
                        0.0,
                        0.0
                    ],
                    [
                        -9.364196961213313,
                        7.386163752819545,
                        0.0,
                        0.0
                    ],
                    [
                        -3.756145702725604,
                        -0.0,
                        13.032850316420635,
                        0.0
                    ]
                ]
            },
            "est_params": {
                "mui": [
                    9.999999999999947,
                    -21.54959874453222,
                    -252.30686415997948,
                    -3325.3479961093317
                ],
                "Si": [
                    [
                        1e-06,
                        9.340174227886529e-16,
                        6.895532032939437e-15,
                        8.989893632235862e-14
                    ],
                    [
                        9.340174227886529e-16,
                        0.9908465707899996,
                        7.321690980090662,
                        95.45326921559703
                    ],
                    [
                        6.895532032939437e-15,
                        7.321690980090662,
                        55.11495298032422,
                        718.5287838466822
                    ],
                    [
                        8.989893632235862e-14,
                        95.45326921559703,
                        718.5287838466822,
                        9368.395952110837
                    ]
                ]
            },
            "est_tgt": [
                0
            ]
        },
        "1": {
            "intv_type": "do",
            "inode": 1,
            "new_mui": 10.0,
            "true_params": {
                "Si": [
                    [
                        0.9999999999999931,
                        4.796554429482062e-15,
                        -9.364196961213214,
                        -125.79832303169835
                    ],
                    [
                        4.796554429482062e-15,
                        2.3006934394984146e-29,
                        -4.491588041285001e-14,
                        -6.033985035591122e-13
                    ],
                    [
                        -9.364196961213214,
                        -4.491588041285001e-14,
                        88.68818472839537,
                        1191.0331245755765
                    ],
                    [
                        -125.79832303169835,
                        -6.033985035591122e-13,
                        1191.0331245755765,
                        15996.07326495786
                    ]
                ],
                "mui": [
                    0.5000000000000622,
                    10.000000000000012,
                    69.6795390475883,
                    906.7449296730423
                ],
                "Ai": [
                    [
                        0.0,
                        0.0,
                        0.0,
                        0.0
                    ],
                    [
                        0.0,
                        0.0,
                        0.0,
                        0.0
                    ],
                    [
                        -9.364196961213313,
                        7.386163752819545,
                        0.0,
                        0.0
                    ],
                    [
                        -3.756145702725604,
                        -0.0,
                        13.032850316420635,
                        0.0
                    ]
                ]
            },
            "est_params": {
                "mui": [
                    0.49893339577784335,
                    9.99999999999999,
                    69.70126303861686,
                    907.042018192354
                ],
                "Si": [
                    [
                        1.004247433430477,
                        4.823283227329213e-15,
                        -9.39580345997396,
                        -126.22619000289374
                    ],
                    [
                        4.823283227329213e-15,
                        1e-06,
                        -4.512973172652848e-14,
                        -6.062821549351772e-13
                    ],
                    [
                        -9.39580345997396,
                        -4.512973172652848e-14,
                        88.89858892412235,
                        1193.8884634997978
                    ],
                    [
                        -126.22619000289374,
                        -6.062821549351774e-13,
                        1193.8884634997978,
                        16034.792093135104
                    ]
                ]
            },
            "est_tgt": [
                1
            ]
        },
        "2": {
            "intv_type": "do",
            "inode": 2,
            "new_mui": 10.0,