{
    "expt_args": {
        "save_dir": "expt_logs_29.04.24-3",
        "exp_name": "0",
        "num_nodes": 4,
        "obs_noise_mean": 0.5,
        "obs_noise_var": 1.0,
        "max_edge_strength": 20.0,
        "num_parents": 2,
        "new_noise_mean": 10.0,
        "mix_samples": 1024,
        "stage2_samples": 1024,
        "intv_targets": [
            0,
            1,
            2,
            3
        ]
    },
    "intv_args_dict": {
        "0": {
            "intv_type": "do",
            "inode": 0,
            "new_mui": 10.0,
            "true_params": {
                "Si": [
                    [
                        0.0,
                        0.0,
                        0.0,
                        0.0
                    ],
                    [
                        0.0,
                        1.0,
                        6.450118116071669,
                        -83.99409287145443
                    ],
                    [
                        0.0,
                        6.450118116071669,
                        42.60402371127594,
                        -554.7939215851092
                    ],
                    [
                        0.0,
                        -83.99409287145443,
                        -554.7939215851092,
                        7225.582765085644
                    ]
                ],
                "mui": [
                    10.000000000000002,
                    198.33363232087936,
                    1305.681799802974,
                    -16807.44654669106
                ],
                "Ai": [
                    [
                        0.0,
                        0.0,
                        0.0,
                        0.0
                    ],
                    [
                        19.783363232087932,
                        0.0,
                        0.0,
                        0.0
                    ],
                    [
                        2.590644494377251,
                        6.450118116071669,
                        0.0,
                        0.0
                    ],
                    [
                        19.477439262889387,
                        0.0,
                        -13.022101511934721,
                        0.0
                    ]
                ]
            },
            "est_params": {
                "mui": [
                    10.000000000000002,
                    198.38078657338482,
                    1305.986102312931,
                    -16811.43287628174
                ],
                "Si": [
                    [
                        1e-06,
                        0.0,
                        0.0,
                        0.0
                    ],
                    [
                        0.0,
                        0.9749493083650825,
                        6.265540652253178,
                        -81.57425811380318
                    ],
                    [
                        0.0,
                        6.265540652253178,
                        41.278271289541635,
                        -537.5567425601672
                    ],
                    [
                        0.0,
                        -81.57425811380318,
                        -537.5567425601672,
                        7001.358258561048
                    ]
                ]
            },
            "est_tgt": [
                0,
                1,
                2
            ]
        },
        "1": {
            "intv_type": "do",
            "inode": 1,
            "new_mui": 10.0,
            "true_params": {
                "Si": [
                    [
                        1.0,
                        3.442488973523847e-17,
                        2.590644494377251,
                        -14.258196324225974
                    ],
                    [
                        3.442488973523847e-17,
                        1.1850730332833268e-33,
                        8.918265106213947e-17,
                        -4.908368362848616e-16
                    ],
                    [
                        2.590644494377251,
                        8.918265106213947e-17,
                        7.711438896247162,
                        -49.9600193190407
                    ],
                    [
                        -14.258196324225974,
                        -4.908368362848616e-16,
                        -49.9600193190407,
                        373.8712902073036
                    ]
                ],
                "mui": [
                    0.5000000000000073,
                    10.0,
                    66.29650340790532,
                    -853.0810776326247
                ],
                "Ai": [
                    [
                        0.0,
                        0.0,
                        0.0,
                        0.0
                    ],
                    [
                        0.0,
                        0.0,
                        0.0,
                        0.0
                    ],
                    [
                        2.590644494377251,
                        6.450118116071669,
                        0.0,
                        0.0
                    ],
                    [
                        19.477439262889387,
                        0.0,
                        -13.022101511934721,
                        0.0
                    ]
                ]
            },
            "est_params": {
                "mui": [
                    0.5569967900868009,
                    10.000000000000002,
                    66.44712315573557,
                    -853.9230877295122
                ],
                "Si": [
                    [
                        1.029923116312854,
                        3.770464930497967e-31,
                        2.6449807045808003,
                        -14.386342803676946
                    ],
                    [
                        3.770464930497967e-31,
                        1e-06,
                        -8.925367240604418e-30,
                        2.518283859220796e-28
                    ],
                    [
                        2.6449807045808003,
                        -8.987241536899769e-30,
                        7.6113135402292995,
                        -47.41355501007416
                    ],
                    [
                        -14.386342803676946,
                        2.525708774776238e-28,
                        -47.41355501007416,
                        335.70853547648966
                    ]
                ]
            },
            "est_tgt": [
                1,
                3
            ]
        },
        "2": {
            "intv_type": "do",
            "inode": 2,
            "new_mui": 10.0,
            "true_params": {
                "Si": [
                    [
                        1.0,
                        19.783363232087932,
                        0.0,
                        19.477439262889387
                    ],
                    [
                        19.783363232087932,
                        392.3814607727287,
                        0.0,
                        385.32925576867177
                    ],
                    [
                        0.0,
                        0.0,
                        0.0,
                        0.0
                    ],
                    [
                        19.477439262889387,
                        385.32925576867177,
                        0.0,
                        380.3706402395451
                    ]
                ],
                "mui": [
                    0.5,
                    10.391681616043966,
                    10.0,
                    -119.98229548790252
                ],