{
    "expt_args": {
        "save_dir": "expt_logs_29.04.24-3",
        "exp_name": "114",
        "num_nodes": 4,
        "obs_noise_mean": 0.5,
        "obs_noise_var": 1.0,
        "max_edge_strength": 20.0,
        "num_parents": 2,
        "new_noise_mean": 10.0,
        "mix_samples": 4096,
        "stage2_samples": 4096,
        "intv_targets": [
            0,
            1,
            2,
            3
        ]
    },
    "intv_args_dict": {
        "0": {
            "intv_type": "do",
            "inode": 0,
            "new_mui": 10.0,
            "true_params": {
                "Si": [
                    [
                        1.5529629710754148e-32,
                        -1.2443050501985986e-16,
                        1.4797687514088314e-15,
                        8.516986186154211e-15
                    ],
                    [
                        -1.2443050501985986e-16,
                        0.9999999999999902,
                        -11.947238853815174,
                        -68.76376338110407
                    ],
                    [
                        1.4797687514088314e-15,
                        -11.947238853815174,
                        143.7365162301123,
                        827.2927253074381
                    ],
                    [
                        8.516986186154211e-15,
                        -68.76376338110407,
                        827.2927253074381,
                        4762.582312534342
                    ]
                ],
                "mui": [
                    10.000000000000027,
                    -67.34823308264784,
                    947.884378221469,
                    5356.193332241909
                ],
                "Ai": [
                    [
                        0.0,
                        0.0,
                        0.0,
                        0.0
                    ],
                    [
                        -6.784823308264826,
                        0.0,
                        0.0,
                        0.0
                    ],
                    [
                        14.275895120065005,
                        -11.94723885381529,
                        0.0,
                        0.0
                    ],
                    [
                        -9.996867420167645,
                        -0.0,
                        5.755619706150378,
                        0.0
                    ]
                ]
            },
            "est_params": {
                "mui": [
                    10.000000000000005,
                    -67.35140746983424,
                    947.9523958160913,
                    5356.627511322571
                ],
                "Si": [
                    [
                        1e-06,
                        8.876852384025452e-28,
                        3.488602986922002e-27,
                        3.285618962407287e-26
                    ],
                    [
                        8.876852384025452e-28,
                        0.9423878290437812,
                        -11.269439721417646,
                        -64.87717238810589
                    ],
                    [
                        3.488602986922002e-27,
                        -11.269439721417646,
                        135.72879684389602,
                        781.3316787690543
                    ],
                    [
                        3.285618962407287e-26,
                        -64.87717238810589,
                        781.3316787690543,
                        4498.78712366075
                    ]
                ]
            },
            "est_tgt": [
                0
            ]
        },
        "1": {
            "intv_type": "do",
            "inode": 1,
            "new_mui": 10.0,
            "true_params": {
                "Si": [
                    [
                        1.0000000000000004,
                        1.2860414270269493e-36,
                        14.275895120065012,
                        72.16975585581456
                    ],
                    [
                        1.2860414270269493e-36,
                        3.689909988864037e-37,
                        1.3950968933691708e-35,
                        -6.074462930057303e-19
                    ],
                    [
                        14.275895120065012,
                        1.3950968933691708e-35,
                        204.80118147909593,
                        1036.0434851444563
                    ],
                    [
                        72.16975585581456,
                        -6.074462930057303e-19,
                        1036.0434851444563,
                        5242.600818489704
                    ]
                ],
                "mui": [
                    0.4999999999999926,
                    9.999999999999993,
                    -111.83444097812043,
                    -648.174946030065
                ],
                "Ai": [
                    [
                        0.0,
                        0.0,
                        0.0,
                        0.0
                    ],
                    [
                        0.0,
                        0.0,
                        0.0,
                        0.0
                    ],
                    [
                        14.275895120065005,
                        -11.94723885381529,
                        0.0,
                        0.0
                    ],
                    [
                        -9.996867420167645,
                        -0.0,
                        5.755619706150378,
                        0.0
                    ]
                ]
            },
            "est_params": {
                "mui": [
                    0.5640797025343537,
                    10.0,
                    -110.91050572598307,
                    -643.4918020336108
                ],
                "Si": [
                    [
                        1.0575067605075863,
                        8.322268676486132e-31,
                        15.047129246332313,
                        76.07944024877509
                    ],
                    [
                        8.052565524933341e-31,
                        1e-06,
                        -1.804699374104678e-28,
                        4.764036469028506e-28
                    ],
                    [
                        15.047129246332313,
                        -1.8080899280099131e-28,
                        215.16259111736963,
                        1088.557775875544
                    ],
                    [
                        76.07944024877509,
                        4.773899898571008e-28,
                        1088.557775875544,
                        5508.634997521045
                    ]
                ]
            },
            "est_tgt": [
                1
            ]
        },
        "2": {
            "intv_type": "do",
            "inode": 2,
            "new_mui": 10.0,
            "true_params": {
                "Si": [
                    [
                        1.0,
                        -6.784823308264827,
                        0.0,
                        -9.996867420167645
                    ],
                    [
                        -6.784823308264827,
                        47.033827324373675,
                        0.0,
                        67.8269790819867
                    ],
                    [
                        0.0,
                        0.0,
                        0.0,
                        0.0
                    ],
                    [
                        -9.996867420167645,
                        67.8269790819867,
                        0.0,
                        100.9373582164093
                    ]
                ],