{
    "expt_args": {
        "save_dir": "expt_logs_29.04.24",
        "exp_name": "102",
        "num_nodes": 4,
        "obs_noise_mean": 0.5,
        "obs_noise_var": 1.0,
        "max_edge_strength": 10,
        "num_parents": 2,
        "new_noise_mean": 10.0,
        "mix_samples": 65536,
        "stage2_samples": 65536,
        "intv_targets": [
            0,
            1,
            2,
            3
        ]
    },
    "intv_args_dict": {
        "0": {
            "intv_type": "do",
            "inode": 0,
            "new_mui": 10.0,
            "true_params": {
                "Si": [
                    [
                        1.2015218028074162e-35,
                        -8.134776332052818e-35,
                        -3.4662974523364504e-18,
                        3.311780637195601e-17
                    ],
                    [
                        -8.134776332052818e-35,
                        1.0,
                        9.886338292586814,
                        -85.20407529728466
                    ],
                    [
                        -3.4662974523364504e-18,
                        9.886338292586814,
                        98.73968483546835,
                        -851.910543237611
                    ],
                    [
                        3.311780637195601e-17,
                        -85.20407529728466,
                        -851.910543237611,
                        7352.017776151078
                    ]
                ],
                "mui": [
                    10.0,
                    -67.20394272534634,
                    -635.1383388698831,
                    5446.968410998418
                ],
                "Ai": [
                    [
                        0.0,
                        0.0,
                        0.0,
                        0.0
                    ],
                    [
                        -6.7703942725346336,
                        0.0,
                        0.0,
                        0.0
                    ],
                    [
                        2.8762573508519576,
                        9.886338292586814,
                        0.0,
                        0.0
                    ],
                    [
                        0.0,
                        9.252283917026764,
                        -9.554230941615533,
                        0.0
                    ]
                ]
            },
            "est_params": {
                "mui": [
                    10.0,
                    -67.20528321893546,
                    -635.1433861173463,
                    5447.00333191814
                ],
                "Si": [
                    [
                        1e-06,
                        0.0,
                        0.0,
                        0.0
                    ],
                    [
                        0.0,
                        1.0070741594414079,
                        9.958159285653624,
                        -85.82027015758209
                    ],
                    [
                        0.0,
                        9.958159285653624,
                        99.45252756976097,
                        -858.0153562089391
                    ],
                    [
                        0.0,
                        -85.82027015758209,
                        -858.0153562089391,
                        7404.290882186557
                    ]
                ]
            },
            "est_tgt": [
                0
            ]
        },
        "1": {
            "intv_type": "do",
            "inode": 1,
            "new_mui": 10.0,
            "true_params": {
                "Si": [
                    [
                        0.9999999999999984,
                        0.0,
                        2.8762573508519527,
                        -27.48042697755885
                    ],
                    [
                        0.0,
                        0.0,
                        0.0,
                        0.0
                    ],
                    [
                        2.8762573508519527,
                        0.0,
                        9.272856348329906,
                        -88.59501104036961
                    ],
                    [
                        -27.48042697755885,
                        0.0,
                        -88.59501104036961,
                        847.457195754669
                    ]
                ],
                "mui": [
                    0.49999999999998707,
                    9.999999999999995,
                    100.80151160129402,
                    -870.0580819324329
                ],
                "Ai": [
                    [
                        0.0,
                        0.0,
                        0.0,
                        0.0
                    ],
                    [
                        0.0,
                        0.0,
                        0.0,
                        0.0
                    ],
                    [
                        2.8762573508519576,
                        9.886338292586814,
                        0.0,
                        0.0
                    ],
                    [
                        0.0,
                        9.252283917026764,
                        -9.554230941615533,
                        0.0
                    ]
                ]
            },
            "est_params": {
                "mui": [
                    0.5096189106189403,
                    10.000000040427578,
                    100.82410074773391,
                    -870.2680589234357
                ],
                "Si": [
                    [
                        0.985337720641424,
                        -2.648061208464288e-09,
                        2.8168771229814986,
                        -26.901156050786803
                    ],
                    [
                        -2.6480612084643544e-09,
                        1.001439747921291e-06,
                        4.508617424270213e-08,
                        -1.5164174356943073e-07
                    ],
                    [
                        2.8168771229814986,
                        4.508617424270213e-08,
                        9.051355073892806,
                        -86.4285676466088
                    ],
                    [
                        -26.901156050786803,
                        -1.5164174356943073e-07,
                        -86.4285676466088,
                        826.2890743090676
                    ]
                ]
            },
            "est_tgt": [
                1
            ]
        },
        "2": {
            "intv_type": "do",
            "inode": 2,
            "new_mui": 10.0,
            "true_params": {
                "Si": [
                    [
                        1.0,
                        -6.770394272534634,
                        0.0,
                        -62.641610039702314
                    ],
                    [
                        -6.770394272534634,
                        46.838238605569785,
                        0.0,
                        433.36068175217537
                    ],
                    [
                        0.0,
                        0.0,
                        0.0,
                        0.0
                    ],
                    [
                        -62.641610039702314,
                        433.36068175217537,
                        0.0,
                        4010.5760660474057
                    ]
                ],
                "mui": [
                    0.5,
                    -2.885197136267317,
                    10.0,
                    -121.73697247749308
                ],