{
    "expt_args": {
        "save_dir": "all_expt_logs/expt_logs_11.05.24-main_plus_oracle_donoisepert2",
        "exp_name": "218",
        "num_nodes": 4,
        "obs_noise_mean": 0.0,
        "obs_noise_var": 1.0,
        "max_edge_strength": 1.0,
        "graph_sparsity_method": "adj_dense_prop",
        "adj_dense_prop": 0.8,
        "num_parents": null,
        "new_noise_mean": 1.0,
        "mix_samples": 4096,
        "stage2_samples": 4096,
        "gmm_tol": 0.001,
        "intv_type": "do",
        "new_noise_sigma": 0.0,
        "intv_targets": [
            0,
            1,
            2,
            3
        ]
    },
    "intv_args_dict": {
        "0": {
            "intv_type": "do",
            "inode": 0,
            "new_mui": 1.0,
            "new_sigmai": 0.0,
            "true_params": {
                "Si": [
                    [
                        1e-09,
                        -5.054387896794647e-10,
                        7.823639838626533e-10,
                        3.980754104727421e-10
                    ],
                    [
                        -5.054387896794647e-10,
                        1.0000000002554683,
                        -3.954371050923437e-10,
                        -0.9231350112253928
                    ],
                    [
                        7.823639838626533e-10,
                        -3.9543710509234366e-10,
                        1.0000000006120935,
                        0.9229832569719965
                    ],
                    [
                        3.980754104727421e-10,
                        -0.9231350112253928,
                        0.9229832569719965,
                        2.704076340812822
                    ]
                ],
                "mui": [
                    1.0,
                    -0.5054387896794647,
                    0.7823639838626533,
                    0.3980754104727421
                ],
                "Ai": [
                    [
                        0.0,
                        0.0,
                        0.0,
                        0.0
                    ],
                    [
                        -0.5054387896794647,
                        0.0,
                        0.0,
                        0.0
                    ],
                    [
                        0.7823639838626533,
                        -0.0,
                        0.0,
                        0.0
                    ],
                    [
                        -0.7906216899295426,
                        -0.92313501102419,
                        0.9229832566605566,
                        0.0
                    ]
                ]
            },
            "est_params": {
                "mui": [
                    1.000001894664623,
                    -0.5554362857905537,
                    0.8057604878119959,
                    0.5151199017359188
                ],
                "Si": [
                    [
                        1.0067971456500524e-06,
                        5.203696741472372e-06,
                        -2.6446282398142465e-06,
                        -5.3437703689365004e-06
                    ],
                    [
                        5.203696741472371e-06,
                        1.007443566569026,
                        -0.03258507395389907,
                        -1.0029255650681221
                    ],
                    [
                        -2.6446282398142465e-06,
                        -0.03258507395389907,
                        1.0826013173737488,
                        1.0360422168107455
                    ],
                    [
                        -5.3437703689365004e-06,
                        -1.0029255650681224,
                        1.0360422168107455,
                        2.8841929283123795
                    ]
                ]
            },
            "est_tgt": [
                0
            ],
            "oracle_est_tgt": [
                0
            ]
        },
        "1": {
            "intv_type": "do",
            "inode": 1,
            "new_mui": 1.0,
            "new_sigmai": 0.0,
            "true_params": {
                "Si": [
                    [
                        1.0,
                        0.0,
                        0.7823639838626533,
                        -0.06851283221006377
                    ],
                    [
                        0.0,
                        1e-09,
                        0.0,
                        -9.231350110241901e-10
                    ],
                    [
                        0.7823639838626533,
                        0.0,
                        1.6120934032454421,
                        0.8693812843069776
                    ],
                    [
                        -0.06851283221006377,
                        -9.231350110241901e-10,
                        0.8693812843069776,
                        1.8565921011053494
                    ]
                ],
                "mui": [
                    0.0,
                    1.0,
                    0.0,
                    -0.92313501102419
                ],
                "Ai": [
                    [
                        0.0,
                        0.0,
                        0.0,
                        0.0
                    ],
                    [
                        0.0,
                        0.0,
                        0.0,
                        0.0
                    ],
                    [
                        0.7823639838626533,
                        -0.0,
                        0.0,
                        0.0
                    ],
                    [
                        -0.7906216899295426,
                        -0.92313501102419,
                        0.9229832566605566,
                        0.0
                    ]
                ]
            },
            "est_params": {
                "mui": [
                    -0.03935968963655917,
                    1.0000015308766306,
                    -0.051587273963084136,
                    -0.9012515202538068
                ],
                "Si": [
                    [
                        0.9933349106406902,
                        -1.4930259716715432e-06,
                        0.8052828193588346,
                        -0.05345523004045091
                    ],
                    [
                        -1.4930259716715432e-06,
                        1.007716562511574e-06,
                        -1.2206535255640862e-07,
                        -1.5293509922878112e-06
                    ],
                    [
                        0.8052828193588346,
                        -1.2206535255640872e-07,
                        1.6363416920925278,
                        0.8329356493077077
                    ],
                    [
                        -0.053455230040450934,
                        -1.5293509922878112e-06,
                        0.8329356493077077,
                        1.764412731768917
                    ]
                ]
            },
            "est_tgt": [
                1
            ],
            "oracle_est_tgt": [
                1
            ]
        },
        "2": {
            "intv_type": "do",
            "inode": 2,
            "new_mui": 1.0,
            "new_sigmai": 0.0,