{
    "expt_args": {
        "save_dir": "all_expt_logs/expt_logs_11.05.24-main_plus_oracle_donoisepert2",
        "exp_name": "217",
        "num_nodes": 4,
        "obs_noise_mean": 0.0,
        "obs_noise_var": 1.0,
        "max_edge_strength": 1.0,
        "graph_sparsity_method": "adj_dense_prop",
        "adj_dense_prop": 0.8,
        "num_parents": null,
        "new_noise_mean": 1.0,
        "mix_samples": 2048,
        "stage2_samples": 2048,
        "gmm_tol": 0.001,
        "intv_type": "do",
        "new_noise_sigma": 0.0,
        "intv_targets": [
            0,
            1,
            2,
            3
        ]
    },
    "intv_args_dict": {
        "0": {
            "intv_type": "do",
            "inode": 0,
            "new_mui": 1.0,
            "new_sigmai": 0.0,
            "true_params": {
                "Si": [
                    [
                        1e-09,
                        5.875546564785353e-10,
                        4.3851442744706995e-10,
                        2.955480603827475e-10
                    ],
                    [
                        5.875546564785353e-10,
                        1.0000000003452205,
                        -0.9337929922514925,
                        -0.6293537689640607
                    ],
                    [
                        4.3851442744706995e-10,
                        -0.9337929922514925,
                        1.8719693530514765,
                        1.2616618217358209
                    ],
                    [
                        2.955480603827475e-10,
                        -0.6293537689640607,
                        1.2616618217358209,
                        1.850329386980075
                    ]
                ],
                "mui": [
                    1.0,
                    0.5875546564785352,
                    0.4385144274470699,
                    0.2955480603827475
                ],
                "Ai": [
                    [
                        0.0,
                        0.0,
                        0.0,
                        0.0
                    ],
                    [
                        0.5875546564785352,
                        0.0,
                        0.0,
                        0.0
                    ],
                    [
                        0.9871688483828432,
                        -0.9337929925091437,
                        0.0,
                        0.0
                    ],
                    [
                        -0.0,
                        -0.0,
                        0.6739756821762064,
                        0.0
                    ]
                ]
            },
            "est_params": {
                "mui": [
                    0.9999978802811988,
                    0.597162273977873,
                    0.43325852851427343,
                    0.2789272876247233
                ],
                "Si": [
                    [
                        1.0352370940272526e-06,
                        3.2828315582270217e-07,
                        1.1928431130182041e-05,
                        1.9762798087995892e-05
                    ],
                    [
                        3.2828315582270217e-07,
                        0.9127749724639219,
                        -0.8275030961086519,
                        -0.5122731287720428
                    ],
                    [
                        1.1928431130182041e-05,
                        -0.827503096108652,
                        1.7851241540042166,
                        1.1524529177933376
                    ],
                    [
                        1.9762798087995892e-05,
                        -0.5122731287720428,
                        1.1524529177933376,
                        1.7251944215918753
                    ]
                ]
            },
            "est_tgt": [
                0
            ],
            "oracle_est_tgt": [
                0
            ]
        },
        "1": {
            "intv_type": "do",
            "inode": 1,
            "new_mui": 1.0,
            "new_sigmai": 0.0,
            "true_params": {
                "Si": [
                    [
                        1.0,
                        0.0,
                        0.9871688483828432,
                        0.6653277980119269
                    ],
                    [
                        0.0,
                        1e-09,
                        -9.337929925091438e-10,
                        -6.293537691377114e-10
                    ],
                    [
                        0.9871688483828432,
                        -9.337929925091438e-10,
                        1.9745023360894782,
                        1.3307665589244193
                    ],
                    [
                        0.6653277980119269,
                        -6.293537691377114e-10,
                        1.3307665589244193,
                        1.8969042993683685
                    ]
                ],
                "mui": [
                    0.0,
                    1.0,
                    -0.9337929925091437,
                    -0.6293537691377113
                ],
                "Ai": [
                    [
                        0.0,
                        0.0,
                        0.0,
                        0.0
                    ],
                    [
                        0.0,
                        0.0,
                        0.0,
                        0.0
                    ],
                    [
                        0.9871688483828432,
                        -0.9337929925091437,
                        0.0,
                        0.0
                    ],
                    [
                        -0.0,
                        -0.0,
                        0.6739756821762064,
                        0.0
                    ]
                ]
            },
            "est_params": {
                "mui": [
                    -0.0497514440196652,
                    1.0000064893228557,
                    -1.0626448098305343,
                    -0.6976403398630435
                ],
                "Si": [
                    [
                        1.0221925032741765,
                        6.069819551182713e-06,
                        0.9709211458237872,
                        0.6393487827771012
                    ],
                    [
                        6.069819551182713e-06,
                        1.0162353177716432e-06,
                        8.30864483057487e-06,
                        1.4466659586505109e-05
                    ],
                    [
                        0.9709211458237872,
                        8.30864483057487e-06,
                        1.9243430620654676,
                        1.2672016240228747
                    ],
                    [
                        0.6393487827771012,
                        1.4466659586505107e-05,
                        1.2672016240228747,
                        1.965050443658543
                    ]
                ]
            },
            "est_tgt": [
                1
            ],
            "oracle_est_tgt": [
                1
            ]
        },
        "2": {
            "intv_type": "do",
            "inode": 2,
            "new_mui": 1.0,
            "new_sigmai": 0.0,