{
    "expt_args": {
        "save_dir": "all_expt_logs/expt_logs_11.05.24-main_plus_oracle_donoisepert2",
        "exp_name": "172",
        "num_nodes": 4,
        "obs_noise_mean": 0.0,
        "obs_noise_var": 1.0,
        "max_edge_strength": 1.0,
        "graph_sparsity_method": "adj_dense_prop",
        "adj_dense_prop": 0.8,
        "num_parents": null,
        "new_noise_mean": 1.0,
        "mix_samples": 16384,
        "stage2_samples": 16384,
        "gmm_tol": 0.001,
        "intv_type": "do",
        "new_noise_sigma": 0.0,
        "intv_targets": [
            0,
            1,
            2,
            3
        ]
    },
    "intv_args_dict": {
        "0": {
            "intv_type": "do",
            "inode": 0,
            "new_mui": 1.0,
            "new_sigmai": 0.0,
            "true_params": {
                "Si": [
                    [
                        1e-09,
                        -9.323049552424543e-10,
                        -1.5497543587415517e-09,
                        1.4695103250613095e-09
                    ],
                    [
                        -9.323049552424543e-10,
                        1.0000000008691925,
                        0.9777142747874202,
                        -0.6176407284989428
                    ],
                    [
                        -1.5497543587415517e-09,
                        0.9777142747874202,
                        1.955925202699541,
                        -0.6038761569890039
                    ],
                    [
                        1.4695103250613095e-09,
                        -0.6176407284989428,
                        -0.6038761569890039,
                        1.3814800699677905
                    ]
                ],
                "mui": [
                    1.0,
                    -0.9323049552424543,
                    -1.5497543587415517,
                    1.4695103250613095
                ],
                "Ai": [
                    [
                        0.0,
                        0.0,
                        0.0,
                        0.0
                    ],
                    [
                        -0.9323049552424543,
                        0.0,
                        0.0,
                        0.0
                    ],
                    [
                        -0.6382264968929923,
                        0.9777142733425765,
                        0.0,
                        0.0
                    ],
                    [
                        0.8936808145994732,
                        -0.617640727128911,
                        0.0,
                        0.0
                    ]
                ]
            },
            "est_params": {
                "mui": [
                    1.0000014319619694,
                    -0.8980378527704183,
                    -1.5068924859885136,
                    1.4588119922213916
                ],
                "Si": [
                    [
                        1.005788824752307e-06,
                        7.509330866967226e-07,
                        5.760834600734539e-07,
                        -4.957208528138935e-07
                    ],
                    [
                        7.509330866967228e-07,
                        1.0368320730437217,
                        1.0193894032705904,
                        -0.6555341677635862
                    ],
                    [
                        5.760834600734539e-07,
                        1.0193894032705904,
                        1.980569508322584,
                        -0.6199264621530177
                    ],
                    [
                        -4.957208528138938e-07,
                        -0.6555341677635862,
                        -0.6199264621530177,
                        1.431687206319199
                    ]
                ]
            },
            "est_tgt": [
                0
            ],
            "oracle_est_tgt": [
                0
            ]
        },
        "1": {
            "intv_type": "do",
            "inode": 1,
            "new_mui": 1.0,
            "new_sigmai": 0.0,
            "true_params": {
                "Si": [
                    [
                        1.0,
                        0.0,
                        -0.6382264968929923,
                        0.8936808145994732
                    ],
                    [
                        0.0,
                        1e-09,
                        9.777142733425766e-10,
                        -6.176407271289111e-10
                    ],
                    [
                        -0.6382264968929923,
                        9.777142733425766e-10,
                        1.407333062292226,
                        -0.5703707762461737
                    ],
                    [
                        0.8936808145994732,
                        -6.176407271289111e-10,
                        -0.5703707762461737,
                        1.7986653987646581
                    ]
                ],
                "mui": [
                    0.0,
                    1.0,
                    0.9777142733425765,
                    -0.617640727128911
                ],
                "Ai": [
                    [
                        0.0,
                        0.0,
                        0.0,
                        0.0
                    ],
                    [
                        0.0,
                        0.0,
                        0.0,
                        0.0
                    ],
                    [
                        -0.6382264968929923,
                        0.9777142733425765,
                        0.0,
                        0.0
                    ],
                    [
                        0.8936808145994732,
                        -0.617640727128911,
                        0.0,
                        0.0
                    ]
                ]
            },
            "est_params": {
                "mui": [
                    -0.007485574706773086,
                    1.0000004611909012,
                    0.9801428518882428,
                    -0.6201259801434766
                ],
                "Si": [
                    [
                        1.0288436768024838,
                        -2.613290785774064e-06,
                        -0.6693618249162941,
                        0.9397827446673405
                    ],
                    [
                        -2.613290785774064e-06,
                        1.010442237235125e-06,
                        3.112914195125709e-07,
                        -3.5410091473610714e-06
                    ],
                    [
                        -0.6693618249162941,
                        3.1129141951257065e-07,
                        1.410895620921138,
                        -0.5929668280018425
                    ],
                    [
                        0.9397827446673404,
                        -3.5410091473610714e-06,
                        -0.5929668280018426,
                        1.8821071062895687
                    ]
                ]
            },
            "est_tgt": [
                1
            ],
            "oracle_est_tgt": [
                1
            ]
        },
        "2": {
            "intv_type": "do",
            "inode": 2,
            "new_mui": 1.0,
            "new_sigmai": 0.0,