{
    "expt_args": {
        "save_dir": "all_expt_logs/expt_logs_11.05.24-main_plus_oracle_donoisepert2",
        "exp_name": "198",
        "num_nodes": 4,
        "obs_noise_mean": 0.0,
        "obs_noise_var": 1.0,
        "max_edge_strength": 1.0,
        "graph_sparsity_method": "adj_dense_prop",
        "adj_dense_prop": 0.8,
        "num_parents": null,
        "new_noise_mean": 1.0,
        "mix_samples": 65536,
        "stage2_samples": 65536,
        "gmm_tol": 0.001,
        "intv_type": "do",
        "new_noise_sigma": 0.0,
        "intv_targets": [
            0,
            1,
            2,
            3
        ]
    },
    "intv_args_dict": {
        "0": {
            "intv_type": "do",
            "inode": 0,
            "new_mui": 1.0,
            "new_sigmai": 0.0,
            "true_params": {
                "Si": [
                    [
                        1e-09,
                        5.380171296491913e-10,
                        4.568796357469074e-10,
                        6.982262177484112e-10
                    ],
                    [
                        5.380171296491913e-10,
                        1.0000000002894625,
                        0.8491916162168679,
                        -0.07541636771125598
                    ],
                    [
                        4.568796357469074e-10,
                        0.8491916162168679,
                        1.7211264008442773,
                        -0.849986536765571
                    ],
                    [
                        6.982262177484112e-10,
                        -0.07541636771125598,
                        -0.849986536765571,
                        1.6233949550934161
                    ]
                ],
                "mui": [
                    1.0,
                    0.5380171296491912,
                    0.4568796357469074,
                    0.6982262177484111
                ],
                "Ai": [
                    [
                        0.0,
                        0.0,
                        0.0,
                        0.0
                    ],
                    [
                        0.5380171296491912,
                        0.0,
                        0.0,
                        0.0
                    ],
                    [
                        -0.0,
                        0.8491916159710589,
                        0.0,
                        0.0
                    ],
                    [
                        0.7388015156350993,
                        0.5920003388260611,
                        -0.7859435895981819,
                        0.0
                    ]
                ]
            },
            "est_params": {
                "mui": [
                    1.000000768195992,
                    0.5314285154662727,
                    0.4468048744709887,
                    0.7027611418022535
                ],
                "Si": [
                    [
                        1.0086922586339415e-06,
                        1.497715738029764e-07,
                        -4.7034086992818674e-07,
                        2.618446809252556e-07
                    ],
                    [
                        1.4977157380297634e-07,
                        1.0049252439600354,
                        0.8561995259118603,
                        -0.07447971912325446
                    ],
                    [
                        -4.7034086992818674e-07,
                        0.8561995259118603,
                        1.721000472501172,
                        -0.8315131370415906
                    ],
                    [
                        2.618446809252555e-07,
                        -0.07447971912325448,
                        -0.8315131370415906,
                        1.590723408051538
                    ]
                ]
            },
            "est_tgt": [
                0
            ],
            "oracle_est_tgt": [
                0
            ]
        },
        "1": {
            "intv_type": "do",
            "inode": 1,
            "new_mui": 1.0,
            "new_sigmai": 0.0,
            "true_params": {
                "Si": [
                    [
                        1.0,
                        0.0,
                        0.0,
                        0.7388015156350993
                    ],
                    [
                        0.0,
                        1e-09,
                        8.49191615971059e-10,
                        -7.541636808691366e-11
                    ],
                    [
                        0.0,
                        8.49191615971059e-10,
                        1.0000000007211265,
                        -0.7859435896622249
                    ],
                    [
                        0.7388015156350993,
                        -7.541636808691366e-11,
                        -0.7859435896622249,
                        2.163535005540883
                    ]
                ],
                "mui": [
                    0.0,
                    1.0,
                    0.8491916159710589,
                    -0.07541636808691365
                ],
                "Ai": [
                    [
                        0.0,
                        0.0,
                        0.0,
                        0.0
                    ],
                    [
                        0.0,
                        0.0,
                        0.0,
                        0.0
                    ],
                    [
                        -0.0,
                        0.8491916159710589,
                        0.0,
                        0.0
                    ],
                    [
                        0.7388015156350993,
                        0.5920003388260611,
                        -0.7859435895981819,
                        0.0
                    ]
                ]
            },
            "est_params": {
                "mui": [
                    0.011613103241842842,
                    1.0000000838650331,
                    0.8603394582019038,
                    -0.0876592064970052
                ],
                "Si": [
                    [
                        1.0084788519805639,
                        1.3274366779881905e-06,
                        -0.018034093632638186,
                        0.7486411993692981
                    ],
                    [
                        1.327436677988191e-06,
                        1.0102686825168305e-06,
                        1.5295463105363487e-06,
                        -5.573752466987663e-07
                    ],
                    [
                        -0.01803409363263819,
                        1.5295463105363487e-06,
                        1.0101090542978306,
                        -0.8003719792908921
                    ],
                    [
                        0.7486411993692981,
                        -5.573752466987663e-07,
                        -0.8003719792908921,
                        2.1798859240820856
                    ]
                ]
            },
            "est_tgt": [
                1
            ],
            "oracle_est_tgt": [
                1
            ]
        },
        "2": {
            "intv_type": "do",
            "inode": 2,
            "new_mui": 1.0,
            "new_sigmai": 0.0,