{
    "expt_args": {
        "save_dir": "expt_logs_29.04.24",
        "exp_name": "73",
        "num_nodes": 4,
        "obs_noise_mean": 0.5,
        "obs_noise_var": 1.0,
        "max_edge_strength": 10,
        "num_parents": 2,
        "new_noise_mean": 10.0,
        "mix_samples": 2048,
        "stage2_samples": 2048,
        "intv_targets": [
            0,
            1,
            2,
            3
        ]
    },
    "intv_args_dict": {
        "0": {
            "intv_type": "do",
            "inode": 0,
            "new_mui": 10.0,
            "true_params": {
                "Si": [
                    [
                        1.4323116270159264e-32,
                        -1.1618679414839108e-16,
                        3.8896983184691825e-16,
                        -4.409570495354169e-15
                    ],
                    [
                        -1.1618679414839108e-16,
                        0.9999999999999982,
                        -3.1007729746891166,
                        35.749432145550244
                    ],
                    [
                        3.8896983184691825e-16,
                        -3.1007729746891166,
                        10.61479304056241,
                        -119.7689920666206
                    ],
                    [
                        -4.409570495354169e-15,
                        35.749432145550244,
                        -119.7689920666206,
                        1358.5547453918402
                    ]
                ],
                "mui": [
                    9.999999999999998,
                    76.94400779022816,
                    -198.96894492456386,
                    2397.8958660695457
                ],
                "Ai": [
                    [
                        0.0,
                        0.0,
                        0.0,
                        0.0
                    ],
                    [
                        7.644400779022818,
                        0.0,
                        0.0,
                        0.0
                    ],
                    [
                        3.9116954995644724,
                        -3.1007729746891206,
                        0.0,
                        0.0
                    ],
                    [
                        0.0,
                        8.096369736712422,
                        -8.918119009215864,
                        0.0
                    ]
                ]
            },
            "est_params": {
                "mui": [
                    9.999999999999998,
                    76.89625355643803,
                    -198.85270261866611,
                    2396.520811957864
                ],
                "Si": [
                    [
                        1e-06,
                        0.0,
                        0.0,
                        0.0
                    ],
                    [
                        0.0,
                        0.9915282294719344,
                        -3.1206947115639663,
                        35.9031096649245
                    ],
                    [
                        0.0,
                        -3.1206947115639663,
                        10.81522852150893,
                        -121.8278072246414
                    ],
                    [
                        0.0,
                        35.9031096649245,
                        -121.8278072246414,
                        1379.4740084921468
                    ]
                ]
            },
            "est_tgt": [
                0,
                2
            ]
        },
        "1": {
            "intv_type": "do",
            "inode": 1,
            "new_mui": 10.0,
            "true_params": {
                "Si": [
                    [
                        0.9999999999999993,
                        0.0,
                        3.9116954995644697,
                        -34.88496599293004
                    ],
                    [
                        0.0,
                        0.0,
                        0.0,
                        0.0
                    ],
                    [
                        3.9116954995644697,
                        0.0,
                        16.301361681312937,
                        -145.37748348621997
                    ],
                    [
                        -34.88496599293004,
                        0.0,
                        -145.37748348621997,
                        1297.4936989904236
                    ]
                ],
                "mui": [
                    0.49999999999999867,
                    9.999999999999996,
                    -28.55188199710896,
                    336.09277895442983
                ],
                "Ai": [
                    [
                        0.0,
                        0.0,
                        0.0,
                        0.0
                    ],
                    [
                        0.0,
                        0.0,
                        0.0,
                        0.0
                    ],
                    [
                        3.9116954995644724,
                        -3.1007729746891206,
                        0.0,
                        0.0
                    ],
                    [
                        0.0,
                        8.096369736712422,
                        -8.918119009215864,
                        0.0
                    ]
                ]
            },
            "est_params": {
                "mui": [
                    0.5445037661040141,
                    9.999999999999993,
                    -28.375761343820237,
                    334.60668269906387
                ],
                "Si": [
                    [
                        0.9973394254095014,
                        -5.632603693720415e-31,
                        3.855162356133751,
                        -34.373657346707475
                    ],
                    [
                        -5.32396787488642e-31,
                        1e-06,
                        -6.901096909128136e-29,
                        2.4740247237733067e-28
                    ],
                    [
                        3.855162356133751,
                        -6.904183267316476e-29,
                        16.01710579259882,
                        -142.82374950954156
                    ],
                    [
                        -34.373657346707475,
                        2.4789628968746507e-28,
                        -142.82374950954156,
                        1274.5493317878656
                    ]
                ]
            },
            "est_tgt": [
                1,
                2
            ]
        },
        "2": {
            "intv_type": "do",
            "inode": 2,
            "new_mui": 10.0,
            "true_params": {
                "Si": [
                    [
                        1.0,
                        7.644400779022818,
                        0.0,
                        61.891895122581204
                    ],
                    [
                        7.644400779022818,
                        59.436863270324665,
                        0.0,
                        481.2228210269707
                    ],
                    [
                        0.0,
                        0.0,
                        0.0,
                        0.0
                    ],
                    [
                        61.891895122581204,
                        481.2228210269707,
                        0.0,
                        3897.157884778144
                    ]
                ],
                "mui": [
                    0.5,
                    4.3222003895114085,
                    10.0,
                    -53.68705766251183
                ],