{
    "expt_args": {
        "save_dir": "expt_logs_29.04.24",
        "exp_name": "78",
        "num_nodes": 4,
        "obs_noise_mean": 0.5,
        "obs_noise_var": 1.0,
        "max_edge_strength": 10,
        "num_parents": 2,
        "new_noise_mean": 10.0,
        "mix_samples": 65536,
        "stage2_samples": 65536,
        "intv_targets": [
            0,
            1,
            2,
            3
        ]
    },
    "intv_args_dict": {
        "0": {
            "intv_type": "do",
            "inode": 0,
            "new_mui": 10.0,
            "true_params": {
                "Si": [
                    [
                        2.2852557625106023e-34,
                        1.5117062421352243e-17,
                        4.147070219180298e-17,
                        2.629766420374735e-16
                    ],
                    [
                        1.5117062421352243e-17,
                        0.9999999999999998,
                        2.7433042899410975,
                        17.396014827988633
                    ],
                    [
                        4.147070219180298e-17,
                        2.7433042899410975,
                        8.525718427209231,
                        54.06382541040397
                    ],
                    [
                        2.629766420374735e-16,
                        17.396014827988633,
                        54.06382541040397,
                        343.83295219771986
                    ]
                ],
                "mui": [
                    10.0,
                    -72.94171729138401,
                    -184.56985669271708,
                    -1151.9488986525816
                ],
                "Ai": [
                    [
                        0.0,
                        0.0,
                        0.0,
                        0.0
                    ],
                    [
                        -7.3441717291384006,
                        0.0,
                        0.0,
                        0.0
                    ],
                    [
                        1.5031469268407438,
                        2.743304289941098,
                        0.0,
                        0.0
                    ],
                    [
                        1.7957160784296666,
                        0.0,
                        6.341263304903792,
                        0.0
                    ]
                ]
            },
            "est_params": {
                "mui": [
                    10.0,
                    -72.92724925374637,
                    -184.5407807566588,
                    -1151.7645406444515
                ],
                "Si": [
                    [
                        1e-06,
                        0.0,
                        0.0,
                        0.0
                    ],
                    [
                        0.0,
                        1.01671053076351,
                        2.789516430341225,
                        17.695723570313753
                    ],
                    [
                        0.0,
                        2.789516430341225,
                        8.656874971833057,
                        54.92237778261641
                    ],
                    [
                        0.0,
                        17.695723570313753,
                        54.92237778261641,
                        349.461614712742
                    ]
                ]
            },
            "est_tgt": [
                0
            ]
        },
        "1": {
            "intv_type": "do",
            "inode": 1,
            "new_mui": 10.0,
            "true_params": {
                "Si": [
                    [
                        1.0000000000000004,
                        6.475245367105778e-16,
                        1.5031469268407458,
                        11.327566527483791
                    ],
                    [
                        6.475245367105778e-16,
                        5.241100320528107e-31,
                        1.2970867857657723e-15,
                        9.387939059601004e-15
                    ],
                    [
                        1.5031469268407458,
                        1.2970867857657723e-15,
                        3.259450683670781,
                        23.36826011927517
                    ],
                    [
                        11.327566527483791,
                        9.387939059601004e-15,
                        23.36826011927517,
                        169.52538373669069
                    ]
                ],
                "mui": [
                    0.4999999999999999,
                    10.000000000000009,
                    28.684616362831388,
                    183.2945631960804
                ],
                "Ai": [
                    [
                        0.0,
                        0.0,
                        0.0,
                        0.0
                    ],
                    [
                        0.0,
                        0.0,
                        0.0,
                        0.0
                    ],
                    [
                        1.5031469268407438,
                        2.743304289941098,
                        0.0,
                        0.0
                    ],
                    [
                        1.7957160784296666,
                        0.0,
                        6.341263304903792,
                        0.0
                    ]
                ]
            },
            "est_params": {
                "mui": [
                    0.4966496968368238,
                    10.000000145672404,
                    28.67325538303196,
                    183.20854102192843
                ],
                "Si": [
                    [
                        0.9723113641683552,
                        -2.507639604399987e-07,
                        1.4557678893711132,
                        10.984755331357457
                    ],
                    [
                        -2.507639604399987e-07,
                        1.0005433029814416e-06,
                        -3.4095680456083317e-07,
                        -2.864889679932663e-06
                    ],
                    [
                        1.4557678893711132,
                        -3.409568045608332e-07,
                        3.171328993193799,
                        22.740555406073245
                    ],
                    [
                        10.984755331357457,
                        -2.864889679932663e-06,
                        22.740555406073245,
                        165.0319129079019
                    ]
                ]
            },
            "est_tgt": [
                1
            ]
        },
        "2": {
            "intv_type": "do",
            "inode": 2,
            "new_mui": 10.0,
            "true_params": {
                "Si": [
                    [
                        0.9999999999999998,
                        -7.344171729138399,
                        0.0,
                        1.795716078429666
                    ],
                    [
                        -7.344171729138399,
                        54.93685838707571,
                        0.0,
                        -13.188047256762427
                    ],
                    [
                        0.0,
                        0.0,
                        0.0,
                        0.0
                    ],
                    [
                        1.795716078429666,
                        -13.188047256762427,
                        0.0,
                        4.22459623433082
                    ]
                ],