{
    "expt_args": {
        "save_dir": "all_expt_logs/expt_logs_sim_compsel_n48-all",
        "exp_name": "92",
        "num_nodes": 4,
        "num_tgt_prior": 5,
        "obs_noise_mean": 0.0,
        "obs_noise_var": 1.0,
        "obs_noise_gamma_shape": 2.0,
        "noise_type": "gaussian",
        "max_edge_strength": 1.0,
        "graph_sparsity_method": "adj_dense_prop",
        "adj_dense_prop": 0.8,
        "num_parents": null,
        "new_noise_mean": 1.0,
        "mix_samples": 16384,
        "stage2_samples": 16384,
        "gmm_tol": 0.001,
        "intv_type": "do",
        "new_noise_var": null,
        "dtype": "simulation",
        "cutoff_drop_ratio": 0.07,
        "intv_targets": [
            0,
            1,
            2,
            3
        ]
    },
    "intv_args_dict": {
        "0": {
            "intv_type": "do",
            "inode": 0,
            "new_mui": 1.0,
            "new_vari": null,
            "noise_type": "gaussian",
            "obs_noise_gamma_shape": 2.0,
            "true_params": {
                "Si": [
                    [
                        1e-09,
                        -8.194571680256176e-10,
                        1.294712185316223e-09,
                        -4.376170857979344e-10
                    ],
                    [
                        -8.194571680256176e-10,
                        1.00000000067151,
                        -0.6014921523848743,
                        1.0568640979440191
                    ],
                    [
                        1.294712185316223e-09,
                        -0.6014921523848743,
                        1.3617928097805487,
                        -1.3368745262540245
                    ],
                    [
                        -4.376170857979344e-10,
                        1.0568640979440191,
                        -1.3368745262540245,
                        2.6086138035163984
                    ]
                ],
                "mui": [
                    1.0,
                    -0.8194571680256175,
                    1.294712185316223,
                    -0.43761708579793435
                ],
                "Ai": [
                    [
                        0.0,
                        0.0,
                        0.0,
                        0.0
                    ],
                    [
                        -0.8194571680256175,
                        0.0,
                        0.0,
                        0.0
                    ],
                    [
                        0.8018151304026928,
                        -0.6014921513239131,
                        0.0,
                        0.0
                    ],
                    [
                        0.9906537588167623,
                        0.6351103927295487,
                        -0.7011790659737817,
                        0.0
                    ]
                ]
            },
            "est_params": {
                "mui": [
                    0.999996276953537,
                    -0.8469731514890795,
                    1.3110762699881333,
                    -0.4416314898940454
                ],
                "Si": [
                    [
                        1.0245754397522634e-06,
                        -5.794923053654658e-06,
                        6.54896697362902e-06,
                        -7.806979794552457e-06
                    ],
                    [
                        -5.794923053654658e-06,
                        1.0366463081743118,
                        -0.6142969089517879,
                        1.0852125711624698
                    ],
                    [
                        6.54896697362902e-06,
                        -0.6142969089517879,
                        1.3498972766564423,
                        -1.342718007149005
                    ],
                    [
                        -7.806979794552457e-06,
                        1.0852125711624698,
                        -1.3427180071490048,
                        2.61890800743782
                    ]
                ]
            },
            "est_tgt": [
                0
            ],
            "oracle_est_tgt": [
                0
            ]
        },
        "1": {
            "intv_type": "do",
            "inode": 1,
            "new_mui": 1.0,
            "new_vari": null,
            "noise_type": "gaussian",
            "obs_noise_gamma_shape": 2.0,
            "true_params": {
                "Si": [
                    [
                        1.0,
                        0.0,
                        0.8018151304026928,
                        0.4284377745973562
                    ],
                    [
                        0.0,
                        1e-09,
                        -6.014921513239131e-10,
                        1.0568640975854106e-09
                    ],
                    [
                        0.8018151304026928,
                        -6.014921513239131e-10,
                        1.64290750370448,
                        -0.35765117650125844
                    ],
                    [
                        0.4284377745973562,
                        1.0568640975854106e-09,
                        -0.35765117650125844,
                        1.6752110103787616
                    ]
                ],
                "mui": [
                    0.0,
                    1.0,
                    -0.6014921513239131,
                    1.0568640975854107
                ],
                "Ai": [
                    [
                        0.0,
                        0.0,
                        0.0,
                        0.0
                    ],
                    [
                        0.0,
                        0.0,
                        0.0,
                        0.0
                    ],
                    [
                        0.8018151304026928,
                        -0.6014921513239131,
                        0.0,
                        0.0
                    ],
                    [
                        0.9906537588167623,
                        0.6351103927295487,
                        -0.7011790659737817,
                        0.0
                    ]
                ]
            },
            "oracle_est_tgt": [
                1
            ]
        },
        "2": {
            "intv_type": "do",
            "inode": 2,
            "new_mui": 1.0,
            "new_vari": null,
            "noise_type": "gaussian",
            "obs_noise_gamma_shape": 2.0,
            "true_params": {
                "Si": [
                    [
                        1.0,
                        -0.8194571680256175,
                        0.0,
                        0.4702079950069685
                    ],
                    [
                        -0.8194571680256175,
                        1.6715100502285651,
                        0.0,
                        0.2497950807581346
                    ],
                    [
                        0.0,
                        0.0,
                        1e-09,
                        -7.011790659737817e-10
                    ],
                    [
                        0.4702079950069685,
                        0.2497950807581346,
                        -7.011790659737817e-10,
                        1.624460770013207
                    ]
                ],
                "mui": [
                    0.0,
                    0.0,
                    1.0,
                    -0.7011790659737817
                ],