{
    "expt_args": {
        "save_dir": "all_expt_logs/expt_logs_sim_compsel_n48-all",
        "exp_name": "178",
        "num_nodes": 4,
        "num_tgt_prior": 5,
        "obs_noise_mean": 0.0,
        "obs_noise_var": 1.0,
        "obs_noise_gamma_shape": 2.0,
        "noise_type": "gaussian",
        "max_edge_strength": 1.0,
        "graph_sparsity_method": "adj_dense_prop",
        "adj_dense_prop": 0.8,
        "num_parents": null,
        "new_noise_mean": 1.0,
        "mix_samples": 4096,
        "stage2_samples": 4096,
        "gmm_tol": 0.001,
        "intv_type": "do",
        "new_noise_var": null,
        "dtype": "simulation",
        "cutoff_drop_ratio": 0.07,
        "intv_targets": [
            0,
            1,
            2,
            3
        ]
    },
    "intv_args_dict": {
        "0": {
            "intv_type": "do",
            "inode": 0,
            "new_mui": 1.0,
            "new_vari": null,
            "noise_type": "gaussian",
            "obs_noise_gamma_shape": 2.0,
            "true_params": {
                "Si": [
                    [
                        1e-09,
                        8.525427124369871e-10,
                        1.0930537316051859e-10,
                        6.485151507290397e-10
                    ],
                    [
                        8.525427124369871e-10,
                        1.000000000726829,
                        0.8551447903356564,
                        5.52886865659017e-10
                    ],
                    [
                        1.0930537316051859e-10,
                        0.8551447903356564,
                        1.731272612290784,
                        7.088619055068765e-11
                    ],
                    [
                        6.485151507290397e-10,
                        5.528868656590171e-10,
                        7.088619055068765e-11,
                        1.0000000004205718
                    ]
                ],
                "mui": [
                    1.0,
                    0.8525427124369871,
                    0.10930537316051858,
                    0.6485151507290396
                ],
                "Ai": [
                    [
                        0.0,
                        0.0,
                        0.0,
                        0.0
                    ],
                    [
                        0.8525427124369871,
                        0.0,
                        0.0,
                        0.0
                    ],
                    [
                        -0.6197420858391542,
                        0.8551447902424689,
                        0.0,
                        0.0
                    ],
                    [
                        0.6485151507290396,
                        0.0,
                        0.0,
                        0.0
                    ]
                ]
            },
            "est_params": {
                "mui": [
                    0.7829530445794709,
                    0.9595774090906299,
                    0.46865915265564134,
                    0.6581616998604524
                ],
                "Si": [
                    [
                        0.37198573235513693,
                        0.17447551656213195,
                        -0.037673326234085557,
                        0.159635505609134
                    ],
                    [
                        0.17447551656213195,
                        0.7041074450718964,
                        0.4260316431812263,
                        0.045223779663659716
                    ],
                    [
                        -0.03767332623408554,
                        0.4260316431812263,
                        1.2397790044838681,
                        0.00558235056337517
                    ],
                    [
                        0.159635505609134,
                        0.04522377966365972,
                        0.005582350563375181,
                        0.7946095191777335
                    ]
                ]
            },
            "est_tgt": [
                0,
                1,
                2,
                3
            ],
            "oracle_est_tgt": [
                0
            ]
        },
        "1": {
            "intv_type": "do",
            "inode": 1,
            "new_mui": 1.0,
            "new_vari": null,
            "noise_type": "gaussian",
            "obs_noise_gamma_shape": 2.0,
            "true_params": {
                "Si": [
                    [
                        1.0,
                        0.0,
                        -0.6197420858391542,
                        0.6485151507290396
                    ],
                    [
                        0.0,
                        1e-09,
                        8.55144790242469e-10,
                        0.0
                    ],
                    [
                        -0.6197420858391542,
                        8.55144790242469e-10,
                        1.3840802536915382,
                        -0.40191213221110855
                    ],
                    [
                        0.6485151507290396,
                        0.0,
                        -0.40191213221110855,
                        1.420571900725109
                    ]
                ],
                "mui": [
                    0.0,
                    1.0,
                    0.8551447902424689,
                    0.0
                ],
                "Ai": [
                    [
                        0.0,
                        0.0,
                        0.0,
                        0.0
                    ],
                    [
                        0.0,
                        0.0,
                        0.0,
                        0.0
                    ],
                    [
                        -0.6197420858391542,
                        0.8551447902424689,
                        0.0,
                        0.0
                    ],
                    [
                        0.6485151507290396,
                        0.0,
                        0.0,
                        0.0
                    ]
                ]
            },
            "oracle_est_tgt": [
                1,
                2
            ]
        },
        "2": {
            "intv_type": "do",
            "inode": 2,
            "new_mui": 1.0,
            "new_vari": null,
            "noise_type": "gaussian",
            "obs_noise_gamma_shape": 2.0,
            "true_params": {
                "Si": [
                    [
                        1.0,
                        0.8525427124369871,
                        0.0,
                        0.6485151507290396
                    ],
                    [
                        0.8525427124369871,
                        1.7268290765294152,
                        0.0,
                        0.552886865659017
                    ],
                    [
                        0.0,
                        0.0,
                        1e-09,
                        0.0
                    ],
                    [
                        0.6485151507290396,
                        0.552886865659017,
                        0.0,
                        1.420571900725109
                    ]
                ],
                "mui": [
                    0.0,
                    0.0,
                    1.0,
                    0.0
                ],