{
    "expt_args": {
        "save_dir": "all_expt_logs/expt_logs_sim_compsel_n48-all",
        "exp_name": "182",
        "num_nodes": 4,
        "num_tgt_prior": 5,
        "obs_noise_mean": 0.0,
        "obs_noise_var": 1.0,
        "obs_noise_gamma_shape": 2.0,
        "noise_type": "gaussian",
        "max_edge_strength": 1.0,
        "graph_sparsity_method": "adj_dense_prop",
        "adj_dense_prop": 0.8,
        "num_parents": null,
        "new_noise_mean": 1.0,
        "mix_samples": 65536,
        "stage2_samples": 65536,
        "gmm_tol": 0.001,
        "intv_type": "do",
        "new_noise_var": null,
        "dtype": "simulation",
        "cutoff_drop_ratio": 0.07,
        "intv_targets": [
            0,
            1,
            2,
            3
        ]
    },
    "intv_args_dict": {
        "0": {
            "intv_type": "do",
            "inode": 0,
            "new_mui": 1.0,
            "new_vari": null,
            "noise_type": "gaussian",
            "obs_noise_gamma_shape": 2.0,
            "true_params": {
                "Si": [
                    [
                        1e-09,
                        0.0,
                        6.074010516668229e-10,
                        -2.3171895222290692e-10
                    ],
                    [
                        0.0,
                        1.0,
                        0.9580307890051731,
                        0.5647511482842837
                    ],
                    [
                        6.074010516668229e-10,
                        0.9580307890051731,
                        1.9178229930508106,
                        1.1305406356646879
                    ],
                    [
                        -2.3171895222290692e-10,
                        0.5647511482842837,
                        1.1305406356646879,
                        1.6664442621594657
                    ]
                ],
                "mui": [
                    1.0,
                    0.0,
                    0.6074010516668229,
                    -0.2317189522229069
                ],
                "Ai": [
                    [
                        0.0,
                        0.0,
                        0.0,
                        0.0
                    ],
                    [
                        -0.0,
                        0.0,
                        0.0,
                        0.0
                    ],
                    [
                        0.6074010516668229,
                        0.9580307890051731,
                        0.0,
                        0.0
                    ],
                    [
                        -0.5897767989379643,
                        -0.0,
                        0.5894916476230643,
                        0.0
                    ]
                ]
            },
            "oracle_est_tgt": [
                0
            ]
        },
        "1": {
            "intv_type": "do",
            "inode": 1,
            "new_mui": 1.0,
            "new_vari": null,
            "noise_type": "gaussian",
            "obs_noise_gamma_shape": 2.0,
            "true_params": {
                "Si": [
                    [
                        1.0,
                        0.0,
                        0.6074010516668229,
                        -0.2317189522229069
                    ],
                    [
                        0.0,
                        1e-09,
                        9.58030789005173e-10,
                        5.647511482842838e-10
                    ],
                    [
                        0.6074010516668229,
                        9.58030789005173e-10,
                        1.3689360384837854,
                        0.4487453128927853
                    ],
                    [
                        -0.2317189522229069,
                        5.647511482842838e-10,
                        0.4487453128927853,
                        1.4011940757555807
                    ]
                ],
                "mui": [
                    0.0,
                    1.0,
                    0.9580307890051731,
                    0.5647511482842837
                ],
                "Ai": [
                    [
                        0.0,
                        0.0,
                        0.0,
                        0.0
                    ],
                    [
                        0.0,
                        0.0,
                        0.0,
                        0.0
                    ],
                    [
                        0.6074010516668229,
                        0.9580307890051731,
                        0.0,
                        0.0
                    ],
                    [
                        -0.5897767989379643,
                        -0.0,
                        0.5894916476230643,
                        0.0
                    ]
                ]
            },
            "est_params": {
                "mui": [
                    0.014955946428211232,
                    1.0000005541347834,
                    0.9641052826083885,
                    0.5653370123843422
                ],
                "Si": [
                    [
                        0.9974969564416171,
                        -9.52068754855877e-07,
                        0.6114668280756502,
                        -0.22528460075951243
                    ],
                    [
                        -9.520687548558769e-07,
                        1.0295953075196698e-06,
                        1.1412865494911194e-07,
                        3.8645849740569795e-07
                    ],
                    [
                        0.6114668280756502,
                        1.1412865494911154e-07,
                        1.3622709464134477,
                        0.4520339428980387
                    ],
                    [
                        -0.22528460075951248,
                        3.864584974056978e-07,
                        0.4520339428980387,
                        1.4063861473522885
                    ]
                ]
            },
            "est_tgt": [
                1
            ],
            "oracle_est_tgt": [
                1
            ]
        },
        "2": {
            "intv_type": "do",
            "inode": 2,
            "new_mui": 1.0,
            "new_vari": null,
            "noise_type": "gaussian",
            "obs_noise_gamma_shape": 2.0,
            "true_params": {
                "Si": [
                    [
                        1.0,
                        0.0,
                        0.0,
                        -0.5897767989379643
                    ],
                    [
                        0.0,
                        1.0,
                        0.0,
                        0.0
                    ],
                    [
                        0.0,
                        0.0,
                        1e-09,
                        5.894916476230644e-10
                    ],
                    [
                        -0.5897767989379643,
                        0.0,
                        5.894916476230644e-10,
                        1.3478366729130125
                    ]
                ],
                "mui": [
                    0.0,
                    0.0,
                    1.0,
                    0.5894916476230643
                ],