{
    "expt_args": {
        "save_dir": "all_expt_logs/expt_logs_sim_compsel_n48-all",
        "exp_name": "142",
        "num_nodes": 4,
        "num_tgt_prior": 5,
        "obs_noise_mean": 0.0,
        "obs_noise_var": 1.0,
        "obs_noise_gamma_shape": 2.0,
        "noise_type": "gaussian",
        "max_edge_strength": 1.0,
        "graph_sparsity_method": "adj_dense_prop",
        "adj_dense_prop": 0.8,
        "num_parents": null,
        "new_noise_mean": 1.0,
        "mix_samples": 1048576,
        "stage2_samples": 1048576,
        "gmm_tol": 0.001,
        "intv_type": "do",
        "new_noise_var": null,
        "dtype": "simulation",
        "cutoff_drop_ratio": 0.07,
        "intv_targets": [
            0,
            1,
            2,
            3
        ]
    },
    "intv_args_dict": {
        "0": {
            "intv_type": "do",
            "inode": 0,
            "new_mui": 1.0,
            "new_vari": null,
            "noise_type": "gaussian",
            "obs_noise_gamma_shape": 2.0,
            "true_params": {
                "Si": [
                    [
                        1e-09,
                        0.0,
                        6.346835207571279e-10,
                        3.7770628494767796e-10
                    ],
                    [
                        0.0,
                        1.0,
                        0.8345405039658729,
                        -0.12549517584678582
                    ],
                    [
                        6.346835207571279e-10,
                        0.8345405039658729,
                        1.6964578531624364,
                        -0.8891674772787517
                    ],
                    [
                        3.7770628494767796e-10,
                        -0.12549517584678582,
                        -0.8891674772787517,
                        1.6310899288924772
                    ]
                ],
                "mui": [
                    1.0,
                    0.0,
                    0.6346835207571279,
                    0.37770628494767794
                ],
                "Ai": [
                    [
                        0.0,
                        0.0,
                        0.0,
                        0.0
                    ],
                    [
                        -0.0,
                        0.0,
                        0.0,
                        0.0
                    ],
                    [
                        0.6346835207571279,
                        0.8345405039658729,
                        0.0,
                        0.0
                    ],
                    [
                        0.8755753126151833,
                        0.5291489982496043,
                        -0.7844366702220131,
                        0.0
                    ]
                ]
            },
            "est_params": {
                "mui": [
                    0.9999991501866499,
                    0.0032899823714383626,
                    0.6364065623121075,
                    0.3758218271525295
                ],
                "Si": [
                    [
                        1.0248929348992347e-06,
                        -1.3541630787176118e-07,
                        2.886991451255928e-07,
                        -6.660415615723302e-07
                    ],
                    [
                        -1.3541630787176118e-07,
                        0.9986417381066497,
                        0.8307469872861749,
                        -0.118223663537161
                    ],
                    [
                        2.886991451255928e-07,
                        0.8307469872861749,
                        1.6872647902102316,
                        -0.8776182514138009
                    ],
                    [
                        -6.660415615723302e-07,
                        -0.118223663537161,
                        -0.8776182514138009,
                        1.6231469740644557
                    ]
                ]
            },
            "est_tgt": [
                0
            ],
            "oracle_est_tgt": [
                0
            ]
        },
        "1": {
            "intv_type": "do",
            "inode": 1,
            "new_mui": 1.0,
            "new_vari": null,
            "noise_type": "gaussian",
            "obs_noise_gamma_shape": 2.0,
            "true_params": {
                "Si": [
                    [
                        1.0,
                        0.0,
                        0.6346835207571279,
                        0.37770628494767794
                    ],
                    [
                        0.0,
                        1e-09,
                        8.345405039658729e-10,
                        -1.2549517584678582e-10
                    ],
                    [
                        0.6346835207571279,
                        8.345405039658729e-10,
                        1.4028231722171214,
                        -0.5447127155840568
                    ],
                    [
                        0.37770628494767794,
                        -1.2549517584678582e-10,
                        -0.5447127155840568,
                        1.7580029272937248
                    ]
                ],
                "mui": [
                    0.0,
                    1.0,
                    0.8345405039658729,
                    -0.12549517584678582
                ],
                "Ai": [
                    [
                        0.0,
                        0.0,
                        0.0,
                        0.0
                    ],
                    [
                        0.0,
                        0.0,
                        0.0,
                        0.0
                    ],
                    [
                        0.6346835207571279,
                        0.8345405039658729,
                        0.0,
                        0.0
                    ],
                    [
                        0.8755753126151833,
                        0.5291489982496043,
                        -0.7844366702220131,
                        0.0
                    ]
                ]
            },
            "oracle_est_tgt": [
                1
            ]
        },
        "2": {
            "intv_type": "do",
            "inode": 2,
            "new_mui": 1.0,
            "new_vari": null,
            "noise_type": "gaussian",
            "obs_noise_gamma_shape": 2.0,
            "true_params": {
                "Si": [
                    [
                        1.0,
                        0.0,
                        0.0,
                        0.8755753126151833
                    ],
                    [
                        0.0,
                        1.0,
                        0.0,
                        0.5291489982496043
                    ],
                    [
                        0.0,
                        0.0,
                        1e-09,
                        -7.844366702220132e-10
                    ],
                    [
                        0.8755753126151833,
                        0.5291489982496043,
                        -7.844366702220132e-10,
                        2.0466307910250765
                    ]
                ],
                "mui": [
                    0.0,
                    0.0,
                    1.0,
                    -0.7844366702220131
                ],