{
    "expt_args": {
        "save_dir": "all_expt_logs/expt_logs_sim_compsel_n48-all",
        "exp_name": "136",
        "num_nodes": 4,
        "num_tgt_prior": 5,
        "obs_noise_mean": 0.0,
        "obs_noise_var": 1.0,
        "obs_noise_gamma_shape": 2.0,
        "noise_type": "gaussian",
        "max_edge_strength": 1.0,
        "graph_sparsity_method": "adj_dense_prop",
        "adj_dense_prop": 0.8,
        "num_parents": null,
        "new_noise_mean": 1.0,
        "mix_samples": 16384,
        "stage2_samples": 16384,
        "gmm_tol": 0.001,
        "intv_type": "do",
        "new_noise_var": null,
        "dtype": "simulation",
        "cutoff_drop_ratio": 0.07,
        "intv_targets": [
            0,
            1,
            2,
            3
        ]
    },
    "intv_args_dict": {
        "0": {
            "intv_type": "do",
            "inode": 0,
            "new_mui": 1.0,
            "new_vari": null,
            "noise_type": "gaussian",
            "obs_noise_gamma_shape": 2.0,
            "true_params": {
                "Si": [
                    [
                        1e-09,
                        -5.747005314400267e-10,
                        1.0844079781437886e-09,
                        -8.891848454369979e-10
                    ],
                    [
                        -5.747005314400267e-10,
                        1.0000000003302807,
                        -0.9063901996493269,
                        0.7432151421094862
                    ],
                    [
                        1.0844079781437886e-09,
                        -0.9063901996493269,
                        1.8215431940665447,
                        -1.4936155359584706
                    ],
                    [
                        -8.891848454369979e-10,
                        0.7432151421094862,
                        -1.4936155359584706,
                        2.2247238366476036
                    ]
                ],
                "mui": [
                    1.0,
                    -0.5747005314400266,
                    1.0844079781437885,
                    -0.8891848454369978
                ],
                "Ai": [
                    [
                        0.0,
                        0.0,
                        0.0,
                        0.0
                    ],
                    [
                        -0.5747005314400266,
                        0.0,
                        0.0,
                        0.0
                    ],
                    [
                        0.5635050490714475,
                        -0.9063901990261171,
                        0.0,
                        0.0
                    ],
                    [
                        0.0,
                        -0.0,
                        -0.8199726148815693,
                        0.0
                    ]
                ]
            },
            "est_params": {
                "mui": [
                    1.000001298336386,
                    -0.5634231309631688,
                    1.0630151777539296,
                    -0.8563620544204534
                ],
                "Si": [
                    [
                        1.0324696243100109e-06,
                        -9.64955654203975e-07,
                        1.202529282738873e-06,
                        1.4403218845997169e-06
                    ],
                    [
                        -9.649556542039748e-07,
                        0.9953727096740527,
                        -0.8973214102641353,
                        0.7433557748989533
                    ],
                    [
                        1.2025292827388737e-06,
                        -0.8973214102641355,
                        1.7986658141949894,
                        -1.461083921385969
                    ],
                    [
                        1.4403218845997156e-06,
                        0.7433557748989533,
                        -1.461083921385969,
                        2.177277697188518
                    ]
                ]
            },
            "est_tgt": [
                0
            ],
            "oracle_est_tgt": [
                0
            ]
        },
        "1": {
            "intv_type": "do",
            "inode": 1,
            "new_mui": 1.0,
            "new_vari": null,
            "noise_type": "gaussian",
            "obs_noise_gamma_shape": 2.0,
            "true_params": {
                "Si": [
                    [
                        1.0,
                        0.0,
                        0.5635050490714475,
                        -0.4620587085860818
                    ],
                    [
                        0.0,
                        1e-09,
                        -9.063901990261171e-10,
                        7.432151415984713e-10
                    ],
                    [
                        0.5635050490714475,
                        -9.063901990261171e-10,
                        1.3175379411505577,
                        -1.0803450308109017
                    ],
                    [
                        -0.4620587085860818,
                        7.432151415984713e-10,
                        -1.0803450308109017,
                        1.8858533398883246
                    ]
                ],
                "mui": [
                    0.0,
                    1.0,
                    -0.9063901990261171,
                    0.7432151415984712
                ],
                "Ai": [
                    [
                        0.0,
                        0.0,
                        0.0,
                        0.0
                    ],
                    [
                        0.0,
                        0.0,
                        0.0,
                        0.0
                    ],
                    [
                        0.5635050490714475,
                        -0.9063901990261171,
                        0.0,
                        0.0
                    ],
                    [
                        0.0,
                        -0.0,
                        -0.8199726148815693,
                        0.0
                    ]
                ]
            },
            "est_params": {
                "mui": [
                    0.008668192945224234,
                    0.31572111007207987,
                    -0.29124547320617417,
                    0.5858235556461538
                ],
                "Si": [
                    [
                        1.0128429174878164,
                        -0.3788971957385658,
                        0.9099315355417019,
                        -0.4485413022567716
                    ],
                    [
                        -0.3788971957385658,
                        1.1027040254248546,
                        -1.2161859445923886,
                        0.4666636923981138
                    ],
                    [
                        0.9099315355417019,
                        -1.2161859445923886,
                        2.5918709054103783,
                        -1.2009944753285995
                    ],
                    [
                        -0.4485413022567716,
                        0.4666636923981138,
                        -1.2009944753285995,
                        1.7857510470981437
                    ]
                ]
            },
            "est_tgt": [
                1,
                2,
                3
            ],
            "oracle_est_tgt": [
                1,
                2
            ]
        },
        "2": {
            "intv_type": "do",
            "inode": 2,
            "new_mui": 1.0,
            "new_vari": null,
            "noise_type": "gaussian",
            "obs_noise_gamma_shape": 2.0,