{
    "expt_args": {
        "save_dir": "all_expt_logs/expt_logs_sim_compsel_n48-all",
        "exp_name": "183",
        "num_nodes": 4,
        "num_tgt_prior": 5,
        "obs_noise_mean": 0.0,
        "obs_noise_var": 1.0,
        "obs_noise_gamma_shape": 2.0,
        "noise_type": "gaussian",
        "max_edge_strength": 1.0,
        "graph_sparsity_method": "adj_dense_prop",
        "adj_dense_prop": 0.8,
        "num_parents": null,
        "new_noise_mean": 1.0,
        "mix_samples": 131072,
        "stage2_samples": 131072,
        "gmm_tol": 0.001,
        "intv_type": "do",
        "new_noise_var": null,
        "dtype": "simulation",
        "cutoff_drop_ratio": 0.07,
        "intv_targets": [
            0,
            1,
            2,
            3
        ]
    },
    "intv_args_dict": {
        "0": {
            "intv_type": "do",
            "inode": 0,
            "new_mui": 1.0,
            "new_vari": null,
            "noise_type": "gaussian",
            "obs_noise_gamma_shape": 2.0,
            "true_params": {
                "Si": [
                    [
                        1e-09,
                        0.0,
                        9.816949856112506e-10,
                        -7.115168881217839e-10
                    ],
                    [
                        0.0,
                        1.0,
                        0.7432211597182807,
                        -1.3228412034083732
                    ],
                    [
                        9.816949856112506e-10,
                        0.7432211597182807,
                        1.552377693216711,
                        -1.7079476449884088
                    ],
                    [
                        -7.115168881217839e-10,
                        -1.3228412034083732,
                        -1.7079476449884088,
                        3.2752207994724634
                    ]
                ],
                "mui": [
                    1.0,
                    0.0,
                    0.9816949856112505,
                    -0.7115168881217838
                ],
                "Ai": [
                    [
                        0.0,
                        0.0,
                        0.0,
                        0.0
                    ],
                    [
                        0.0,
                        0.0,
                        0.0,
                        0.0
                    ],
                    [
                        0.9816949856112505,
                        0.7432211597182807,
                        0.0,
                        0.0
                    ],
                    [
                        -0.0,
                        -0.784166345636996,
                        -0.7247840709696192,
                        0.0
                    ]
                ]
            },
            "oracle_est_tgt": [
                0
            ]
        },
        "1": {
            "intv_type": "do",
            "inode": 1,
            "new_mui": 1.0,
            "new_vari": null,
            "noise_type": "gaussian",
            "obs_noise_gamma_shape": 2.0,
            "true_params": {
                "Si": [
                    [
                        1.0,
                        0.0,
                        0.9816949856112505,
                        -0.7115168881217838
                    ],
                    [
                        0.0,
                        1e-09,
                        7.432211597182807e-10,
                        -1.3228412034083732e-09
                    ],
                    [
                        0.9816949856112505,
                        7.432211597182807e-10,
                        1.963725045326651,
                        -1.423276633199659
                    ],
                    [
                        -0.7115168881217838,
                        -1.3228412034083732e-09,
                        -1.423276633199659,
                        2.0315682333637097
                    ]
                ],
                "mui": [
                    0.0,
                    1.0,
                    0.7432211597182807,
                    -1.3228412034083732
                ],
                "Ai": [
                    [
                        0.0,
                        0.0,
                        0.0,
                        0.0
                    ],
                    [
                        0.0,
                        0.0,
                        0.0,
                        0.0
                    ],
                    [
                        0.9816949856112505,
                        0.7432211597182807,
                        0.0,
                        0.0
                    ],
                    [
                        -0.0,
                        -0.784166345636996,
                        -0.7247840709696192,
                        0.0
                    ]
                ]
            },
            "est_params": {
                "mui": [
                    0.367662612763367,
                    0.8068945931755809,
                    1.009749057398105,
                    -1.5691401198307529
                ],
                "Si": [
                    [
                        0.8257170190824872,
                        -0.06485312498546168,
                        0.7852443953081584,
                        -0.5114183018836064
                    ],
                    [
                        -0.06485312498546168,
                        0.3044925973219454,
                        0.12743284227294097,
                        -0.2742834363149745
                    ],
                    [
                        0.7852443953081584,
                        0.12743284227294094,
                        1.8844442734687012,
                        -1.4375581904616668
                    ],
                    [
                        -0.5114183018836064,
                        -0.2742834363149745,
                        -1.4375581904616668,
                        2.0505884590716437
                    ]
                ]
            },
            "est_tgt": [
                0,
                1,
                2,
                3
            ],
            "oracle_est_tgt": [
                1
            ]
        },
        "2": {
            "intv_type": "do",
            "inode": 2,
            "new_mui": 1.0,
            "new_vari": null,
            "noise_type": "gaussian",
            "obs_noise_gamma_shape": 2.0,
            "true_params": {
                "Si": [
                    [
                        1.0,
                        0.0,
                        0.0,
                        0.0
                    ],
                    [
                        0.0,
                        1.0,
                        0.0,
                        -0.784166345636996
                    ],
                    [
                        0.0,
                        0.0,
                        1e-09,
                        -7.247840709696192e-10
                    ],
                    [
                        0.0,
                        -0.784166345636996,
                        -7.247840709696192e-10,
                        1.6149168581549926
                    ]
                ],
                "mui": [
                    0.0,
                    0.0,
                    1.0,
                    -0.7247840709696192
                ],