{
    "expt_args": {
        "save_dir": "all_expt_logs/expt_logs_sim_compsel_n48-all",
        "exp_name": "161",
        "num_nodes": 4,
        "num_tgt_prior": 5,
        "obs_noise_mean": 0.0,
        "obs_noise_var": 1.0,
        "obs_noise_gamma_shape": 2.0,
        "noise_type": "gaussian",
        "max_edge_strength": 1.0,
        "graph_sparsity_method": "adj_dense_prop",
        "adj_dense_prop": 0.8,
        "num_parents": null,
        "new_noise_mean": 1.0,
        "mix_samples": 131072,
        "stage2_samples": 131072,
        "gmm_tol": 0.001,
        "intv_type": "do",
        "new_noise_var": null,
        "dtype": "simulation",
        "cutoff_drop_ratio": 0.07,
        "intv_targets": [
            0,
            1,
            2,
            3
        ]
    },
    "intv_args_dict": {
        "0": {
            "intv_type": "do",
            "inode": 0,
            "new_mui": 1.0,
            "new_vari": null,
            "noise_type": "gaussian",
            "obs_noise_gamma_shape": 2.0,
            "true_params": {
                "Si": [
                    [
                        1e-09,
                        -8.784531089092559e-10,
                        -6.706903251040629e-10,
                        1.241695762590635e-09
                    ],
                    [
                        -8.784531089092559e-10,
                        1.0000000007716798,
                        5.891700012030236e-10,
                        -0.916592272729437
                    ],
                    [
                        -6.706903251040629e-10,
                        5.891700012030235e-10,
                        1.0000000004498255,
                        -0.6508405089312573
                    ],
                    [
                        1.241695762590635e-09,
                        -0.916592272729437,
                        -0.6508405089312573,
                        2.2637347609514045
                    ]
                ],
                "mui": [
                    1.0,
                    -0.8784531089092558,
                    -0.6706903251040629,
                    1.241695762590635
                ],
                "Ai": [
                    [
                        0.0,
                        0.0,
                        0.0,
                        0.0
                    ],
                    [
                        -0.8784531089092558,
                        0.0,
                        0.0,
                        0.0
                    ],
                    [
                        -0.6706903251040629,
                        -0.0,
                        0.0,
                        0.0
                    ],
                    [
                        0.0,
                        -0.9165922716386655,
                        -0.6508405080984639,
                        0.0
                    ]
                ]
            },
            "est_params": {
                "mui": [
                    0.9999989325950681,
                    -0.883518294090608,
                    -0.6806757694452761,
                    1.247636558151701
                ],
                "Si": [
                    [
                        1.0199625316312834e-06,
                        -4.2413946565977154e-07,
                        6.637788870653241e-08,
                        3.9653004714499296e-07
                    ],
                    [
                        -4.241394656597713e-07,
                        0.9952784920679506,
                        -0.007822004435485154,
                        -0.903798310060151
                    ],
                    [
                        6.637788870653221e-08,
                        -0.007822004435485154,
                        0.9875253521281433,
                        -0.6325301618210234
                    ],
                    [
                        3.9653004714499333e-07,
                        -0.903798310060151,
                        -0.6325301618210234,
                        2.23192765783483
                    ]
                ]
            },
            "est_tgt": [
                0
            ],
            "oracle_est_tgt": [
                0
            ]
        },
        "1": {
            "intv_type": "do",
            "inode": 1,
            "new_mui": 1.0,
            "new_vari": null,
            "noise_type": "gaussian",
            "obs_noise_gamma_shape": 2.0,
            "true_params": {
                "Si": [
                    [
                        1.0,
                        0.0,
                        -0.6706903251040629,
                        0.43651243196745226
                    ],
                    [
                        0.0,
                        1e-09,
                        0.0,
                        -9.165922716386656e-10
                    ],
                    [
                        -0.6706903251040629,
                        0.0,
                        1.4498255121881936,
                        -0.9436051730066797
                    ],
                    [
                        0.43651243196745226,
                        -9.165922716386656e-10,
                        -0.9436051730066797,
                        1.6141364710841477
                    ]
                ],
                "mui": [
                    0.0,
                    1.0,
                    0.0,
                    -0.9165922716386655
                ],
                "Ai": [
                    [
                        0.0,
                        0.0,
                        0.0,
                        0.0
                    ],
                    [
                        0.0,
                        0.0,
                        0.0,
                        0.0
                    ],
                    [
                        -0.6706903251040629,
                        -0.0,
                        0.0,
                        0.0
                    ],
                    [
                        0.0,
                        -0.9165922716386655,
                        -0.6508405080984639,
                        0.0
                    ]
                ]
            },
            "oracle_est_tgt": [
                1
            ]
        },
        "2": {
            "intv_type": "do",
            "inode": 2,
            "new_mui": 1.0,
            "new_vari": null,
            "noise_type": "gaussian",
            "obs_noise_gamma_shape": 2.0,
            "true_params": {
                "Si": [
                    [
                        1.0,
                        -0.8784531089092558,
                        0.0,
                        0.8051833306231828
                    ],
                    [
                        -0.8784531089092558,
                        1.7716798645523366,
                        0.0,
                        -1.6239080716665097
                    ],
                    [
                        0.0,
                        0.0,
                        1e-09,
                        -6.50840508098464e-10
                    ],
                    [
                        0.8051833306231828,
                        -1.6239080716665097,
                        -6.50840508098464e-10,
                        2.488461588764764
                    ]
                ],
                "mui": [
                    0.0,
                    0.0,
                    1.0,
                    -0.6508405080984639
                ],