{
    "expt_args": {
        "save_dir": "all_expt_logs/expt_logs_sim_compsel_n48-all",
        "exp_name": "202",
        "num_nodes": 4,
        "num_tgt_prior": 5,
        "obs_noise_mean": 0.0,
        "obs_noise_var": 1.0,
        "obs_noise_gamma_shape": 2.0,
        "noise_type": "gaussian",
        "max_edge_strength": 1.0,
        "graph_sparsity_method": "adj_dense_prop",
        "adj_dense_prop": 0.8,
        "num_parents": null,
        "new_noise_mean": 1.0,
        "mix_samples": 16384,
        "stage2_samples": 16384,
        "gmm_tol": 0.001,
        "intv_type": "do",
        "new_noise_var": null,
        "dtype": "simulation",
        "cutoff_drop_ratio": 0.07,
        "intv_targets": [
            0,
            1,
            2,
            3
        ]
    },
    "intv_args_dict": {
        "0": {
            "intv_type": "do",
            "inode": 0,
            "new_mui": 1.0,
            "new_vari": null,
            "noise_type": "gaussian",
            "obs_noise_gamma_shape": 2.0,
            "true_params": {
                "Si": [
                    [
                        1e-09,
                        -8.623293076508674e-10,
                        9.278603504893906e-10,
                        -1.8417375728497373e-09
                    ],
                    [
                        -8.623293076508674e-10,
                        1.0000000007436118,
                        -8.001211736342073e-10,
                        1.5881842860701028e-09
                    ],
                    [
                        9.278603504893906e-10,
                        -8.001211736342073e-10,
                        1.0000000008609249,
                        -0.9856784360314084
                    ],
                    [
                        -1.8417375728497373e-09,
                        1.5881842860701028e-09,
                        -0.9856784360314084,
                        1.9715619792805175
                    ]
                ],
                "mui": [
                    1.0,
                    -0.8623293076508673,
                    0.9278603504893905,
                    -1.8417375728497372
                ],
                "Ai": [
                    [
                        0.0,
                        0.0,
                        0.0,
                        0.0
                    ],
                    [
                        -0.8623293076508673,
                        0.0,
                        0.0,
                        0.0
                    ],
                    [
                        0.9278603504893905,
                        0.0,
                        0.0,
                        0.0
                    ],
                    [
                        -0.9271656353093978,
                        -0.0,
                        -0.9856784343225331,
                        0.0
                    ]
                ]
            },
            "est_params": {
                "mui": [
                    0.7897459514270655,
                    -0.8422824559762407,
                    0.8893371049521827,
                    -1.6371299112681874
                ],
                "Si": [
                    [
                        0.3301238472782177,
                        -0.22099722194611668,
                        0.10742278476188344,
                        -0.39994315313985684
                    ],
                    [
                        -0.22099722194611668,
                        1.135431239187594,
                        -0.0691933551995975,
                        0.262195234829402
                    ],
                    [
                        0.10742278476188344,
                        -0.06919335519959752,
                        0.7400005944454877,
                        -0.8090506630361698
                    ],
                    [
                        -0.3999431531398568,
                        0.26219523482940194,
                        -0.8090506630361698,
                        2.139530571017386
                    ]
                ]
            },
            "est_tgt": [
                0,
                1,
                2,
                3
            ],
            "oracle_est_tgt": [
                0
            ]
        },
        "1": {
            "intv_type": "do",
            "inode": 1,
            "new_mui": 1.0,
            "new_vari": null,
            "noise_type": "gaussian",
            "obs_noise_gamma_shape": 2.0,
            "true_params": {
                "Si": [
                    [
                        1.0,
                        0.0,
                        0.9278603504893905,
                        -1.8417375728497372
                    ],
                    [
                        0.0,
                        1e-09,
                        0.0,
                        0.0
                    ],
                    [
                        0.9278603504893905,
                        0.0,
                        1.8609248300102945,
                        -2.6945537041763696
                    ],
                    [
                        -1.8417375728497372,
                        0.0,
                        -2.6945537041763696,
                        5.363559263134961
                    ]
                ],
                "mui": [
                    0.0,
                    1.0,
                    0.0,
                    0.0
                ],
                "Ai": [
                    [
                        0.0,
                        0.0,
                        0.0,
                        0.0
                    ],
                    [
                        0.0,
                        0.0,
                        0.0,
                        0.0
                    ],
                    [
                        0.9278603504893905,
                        0.0,
                        0.0,
                        0.0
                    ],
                    [
                        -0.9271656353093978,
                        -0.0,
                        -0.9856784343225331,
                        0.0
                    ]
                ]
            },
            "est_params": {
                "mui": [
                    -0.289746462733487,
                    0.8930768348632688,
                    0.06345021188871756,
                    0.2113425777565287
                ],
                "Si": [
                    [
                        0.9440785592444673,
                        -0.18314825100190038,
                        0.5837617187991337,
                        -1.423267650885376
                    ],
                    [
                        -0.18314825100190044,
                        0.48525427594204784,
                        -0.07747991188508609,
                        0.22588879157598182
                    ],
                    [
                        0.5837617187991337,
                        -0.07747991188508607,
                        1.7394849120265465,
                        -2.241712532255851
                    ],
                    [
                        -1.4232676508853763,
                        0.22588879157598182,
                        -2.241712532255851,
                        4.47409094607714
                    ]
                ]
            },
            "est_tgt": [
                0,
                1,
                3
            ],
            "oracle_est_tgt": [
                1
            ]
        },
        "2": {
            "intv_type": "do",
            "inode": 2,
            "new_mui": 1.0,
            "new_vari": null,
            "noise_type": "gaussian",
            "obs_noise_gamma_shape": 2.0,