{
    "expt_args": {
        "save_dir": "all_expt_logs/expt_logs_sim_compsel_n48-all",
        "exp_name": "8",
        "num_nodes": 4,
        "num_tgt_prior": 5,
        "obs_noise_mean": 0.0,
        "obs_noise_var": 1.0,
        "obs_noise_gamma_shape": 2.0,
        "noise_type": "gaussian",
        "max_edge_strength": 1.0,
        "graph_sparsity_method": "adj_dense_prop",
        "adj_dense_prop": 0.8,
        "num_parents": null,
        "new_noise_mean": 1.0,
        "mix_samples": 262144,
        "stage2_samples": 262144,
        "gmm_tol": 0.001,
        "intv_type": "do",
        "new_noise_var": null,
        "dtype": "simulation",
        "cutoff_drop_ratio": 0.07,
        "intv_targets": [
            0,
            1,
            2,
            3
        ]
    },
    "intv_args_dict": {
        "0": {
            "intv_type": "do",
            "inode": 0,
            "new_mui": 1.0,
            "new_vari": null,
            "noise_type": "gaussian",
            "obs_noise_gamma_shape": 2.0,
            "true_params": {
                "Si": [
                    [
                        1e-09,
                        9.742126664510742e-10,
                        -7.66865621325202e-10,
                        8.181625829428585e-10
                    ],
                    [
                        9.742126664510742e-10,
                        1.0000000009490904,
                        -0.7871644954552017,
                        -0.17332237661703948
                    ],
                    [
                        -7.66865621325202e-10,
                        -0.7871644954552017,
                        1.6196279423171593,
                        -0.7822723283147025
                    ],
                    [
                        8.181625829428585e-10,
                        -0.17332237661703948,
                        -0.7822723283147025,
                        1.874060533544371
                    ]
                ],
                "mui": [
                    1.0,
                    0.9742126664510742,
                    -0.7668656213252019,
                    0.8181625829428585
                ],
                "Ai": [
                    [
                        0.0,
                        0.0,
                        0.0,
                        0.0
                    ],
                    [
                        0.9742126664510742,
                        0.0,
                        0.0,
                        0.0
                    ],
                    [
                        0.0,
                        -0.7871644947081116,
                        0.0,
                        0.0
                    ],
                    [
                        0.987015438399092,
                        -0.8964947669348926,
                        -0.9187055493260634,
                        0.0
                    ]
                ]
            },
            "est_params": {
                "mui": [
                    0.6551868834462963,
                    0.9475029524665484,
                    -1.0290792476549813,
                    0.892361851878506
                ],
                "Si": [
                    [
                        0.5029339998786938,
                        0.2196089976220289,
                        -0.0799791733701981,
                        0.23923136945738674
                    ],
                    [
                        0.21960899762202887,
                        0.8010812736713028,
                        -0.5824338890773452,
                        -0.030324119404464167
                    ],
                    [
                        -0.0799791733701981,
                        -0.5824338890773452,
                        1.2739889512154943,
                        -0.48090048487522613
                    ],
                    [
                        0.23923136945738674,
                        -0.030324119404464167,
                        -0.48090048487522613,
                        1.365996247787437
                    ]
                ]
            },
            "est_tgt": [
                0,
                1,
                2,
                3
            ],
            "oracle_est_tgt": [
                0
            ]
        },
        "1": {
            "intv_type": "do",
            "inode": 1,
            "new_mui": 1.0,
            "new_vari": null,
            "noise_type": "gaussian",
            "obs_noise_gamma_shape": 2.0,
            "true_params": {
                "Si": [
                    [
                        1.0,
                        0.0,
                        0.0,
                        0.987015438399092
                    ],
                    [
                        0.0,
                        1e-09,
                        -7.871644947081116e-10,
                        -1.7332237741410385e-10
                    ],
                    [
                        0.0,
                        -7.871644947081116e-10,
                        1.000000000619628,
                        -0.9187055491896302
                    ],
                    [
                        0.987015438399092,
                        -1.7332237741410385e-10,
                        -0.9187055491896302,
                        2.818219362030696
                    ]
                ],
                "mui": [
                    0.0,
                    1.0,
                    -0.7871644947081116,
                    -0.17332237741410383
                ],
                "Ai": [
                    [
                        0.0,
                        0.0,
                        0.0,
                        0.0
                    ],
                    [
                        0.0,
                        0.0,
                        0.0,
                        0.0
                    ],
                    [
                        0.0,
                        -0.7871644947081116,
                        0.0,
                        0.0
                    ],
                    [
                        0.987015438399092,
                        -0.8964947669348926,
                        -0.9187055493260634,
                        0.0
                    ]
                ]
            },
            "est_params": {
                "mui": [
                    -0.03270449994777116,
                    0.7448597866958373,
                    0.4521026790846394,
                    -1.3888883536891639
                ],
                "Si": [
                    [
                        1.0605257381527207,
                        0.44228694684044956,
                        0.25018856116546656,
                        0.4048497947796917
                    ],
                    [
                        0.44228694684044956,
                        0.9172061729141021,
                        -0.20306751324046837,
                        -0.055455323564241904
                    ],
                    [
                        0.25018856116546656,
                        -0.20306751324046837,
                        0.7940061881191686,
                        -0.3510031966749821
                    ],
                    [
                        0.4048497947796916,
                        -0.055455323564241876,
                        -0.3510031966749821,
                        1.6646056304496533
                    ]
                ]
            },
            "est_tgt": [
                0,
                1,
                2,
                3
            ],
            "oracle_est_tgt": [
                1
            ]
        },
        "2": {
            "intv_type": "do",
            "inode": 2,
            "new_mui": 1.0,
            "new_vari": null,
            "noise_type": "gaussian",
            "obs_noise_gamma_shape": 2.0,