{
    "expt_args": {
        "save_dir": "all_expt_logs/expt_logs_sim_compsel_n48-all",
        "exp_name": "162",
        "num_nodes": 4,
        "num_tgt_prior": 5,
        "obs_noise_mean": 0.0,
        "obs_noise_var": 1.0,
        "obs_noise_gamma_shape": 2.0,
        "noise_type": "gaussian",
        "max_edge_strength": 1.0,
        "graph_sparsity_method": "adj_dense_prop",
        "adj_dense_prop": 0.8,
        "num_parents": null,
        "new_noise_mean": 1.0,
        "mix_samples": 262144,
        "stage2_samples": 262144,
        "gmm_tol": 0.001,
        "intv_type": "do",
        "new_noise_var": null,
        "dtype": "simulation",
        "cutoff_drop_ratio": 0.07,
        "intv_targets": [
            0,
            1,
            2,
            3
        ]
    },
    "intv_args_dict": {
        "0": {
            "intv_type": "do",
            "inode": 0,
            "new_mui": 1.0,
            "new_vari": null,
            "noise_type": "gaussian",
            "obs_noise_gamma_shape": 2.0,
            "true_params": {
                "Si": [
                    [
                        1e-09,
                        0.0,
                        0.0,
                        6.55949151799292e-10
                    ],
                    [
                        0.0,
                        1.0,
                        0.6687756144910315,
                        -0.4613347056635517
                    ],
                    [
                        0.0,
                        0.6687756144910315,
                        1.447260822537857,
                        -0.9983492685988862
                    ],
                    [
                        6.55949151799292e-10,
                        -0.4613347056635517,
                        -0.9983492685988862,
                        1.6886811604468561
                    ]
                ],
                "mui": [
                    1.0,
                    0.0,
                    0.0,
                    0.6559491517992919
                ],
                "Ai": [
                    [
                        0.0,
                        0.0,
                        0.0,
                        0.0
                    ],
                    [
                        0.0,
                        0.0,
                        0.0,
                        0.0
                    ],
                    [
                        0.0,
                        0.6687756144910315,
                        0.0,
                        0.0
                    ],
                    [
                        0.6559491517992919,
                        0.0,
                        -0.6898198673327052,
                        0.0
                    ]
                ]
            },
            "est_params": {
                "mui": [
                    0.999999305012123,
                    0.0030085852844964054,
                    0.003226375224761577,
                    0.6584094973040949
                ],
                "Si": [
                    [
                        1.0252368882692598e-06,
                        -4.0646605400367315e-07,
                        2.797106040057337e-07,
                        -2.1479196384873946e-07
                    ],
                    [
                        -4.0646605400367326e-07,
                        1.0012653736551975,
                        0.6719495932689369,
                        -0.46293065137970457
                    ],
                    [
                        2.797106040057337e-07,
                        0.6719495932689369,
                        1.4494400943303514,
                        -0.9911300406173776
                    ],
                    [
                        -2.1479196384873928e-07,
                        -0.4629306513797045,
                        -0.9911300406173776,
                        1.691415730219472
                    ]
                ]
            },
            "est_tgt": [
                0
            ],
            "oracle_est_tgt": [
                0
            ]
        },
        "1": {
            "intv_type": "do",
            "inode": 1,
            "new_mui": 1.0,
            "new_vari": null,
            "noise_type": "gaussian",
            "obs_noise_gamma_shape": 2.0,
            "true_params": {
                "Si": [
                    [
                        1.0,
                        0.0,
                        0.0,
                        0.6559491517992919
                    ],
                    [
                        0.0,
                        1e-09,
                        6.687756144910316e-10,
                        -4.6133470566355174e-10
                    ],
                    [
                        0.0,
                        6.687756144910316e-10,
                        1.000000000447261,
                        -0.6898198676412346
                    ],
                    [
                        0.6559491517992919,
                        -4.6133470566355174e-10,
                        -0.6898198676412346,
                        1.9061207393259512
                    ]
                ],
                "mui": [
                    0.0,
                    1.0,
                    0.6687756144910315,
                    -0.4613347056635517
                ],
                "Ai": [
                    [
                        0.0,
                        0.0,
                        0.0,
                        0.0
                    ],
                    [
                        0.0,
                        0.0,
                        0.0,
                        0.0
                    ],
                    [
                        0.0,
                        0.6687756144910315,
                        0.0,
                        0.0
                    ],
                    [
                        0.6559491517992919,
                        0.0,
                        -0.6898198673327052,
                        0.0
                    ]
                ]
            },
            "est_params": {
                "mui": [
                    -0.004036118186799171,
                    0.3322816284794883,
                    0.5571043369738229,
                    -0.3955234352794341
                ],
                "Si": [
                    [
                        1.0021105289975254,
                        -0.0005860917624539334,
                        -0.0007360162051542616,
                        0.662112837020301
                    ],
                    [
                        -0.0005860917624539334,
                        0.8901090117668871,
                        0.26019576009963785,
                        -0.17854974594721845
                    ],
                    [
                        -0.0007360162051542611,
                        0.26019576009963785,
                        0.9901154975311256,
                        -0.6835528142410394
                    ],
                    [
                        0.662112837020301,
                        -0.17854974594721845,
                        -0.6835528142410394,
                        1.9063928766418707
                    ]
                ]
            },
            "est_tgt": [
                1,
                2
            ],
            "oracle_est_tgt": [
                1
            ]
        },
        "2": {
            "intv_type": "do",
            "inode": 2,
            "new_mui": 1.0,
            "new_vari": null,
            "noise_type": "gaussian",
            "obs_noise_gamma_shape": 2.0,