{
    "expt_args": {
        "save_dir": "all_expt_logs/expt_logs_sim_compsel_n48-all",
        "exp_name": "2",
        "num_nodes": 4,
        "num_tgt_prior": 5,
        "obs_noise_mean": 0.0,
        "obs_noise_var": 1.0,
        "obs_noise_gamma_shape": 2.0,
        "noise_type": "gaussian",
        "max_edge_strength": 1.0,
        "graph_sparsity_method": "adj_dense_prop",
        "adj_dense_prop": 0.8,
        "num_parents": null,
        "new_noise_mean": 1.0,
        "mix_samples": 4096,
        "stage2_samples": 4096,
        "gmm_tol": 0.001,
        "intv_type": "do",
        "new_noise_var": null,
        "dtype": "simulation",
        "cutoff_drop_ratio": 0.07,
        "intv_targets": [
            0,
            1,
            2,
            3
        ]
    },
    "intv_args_dict": {
        "0": {
            "intv_type": "do",
            "inode": 0,
            "new_mui": 1.0,
            "new_vari": null,
            "noise_type": "gaussian",
            "obs_noise_gamma_shape": 2.0,
            "true_params": {
                "Si": [
                    [
                        1e-09,
                        9.742126664510742e-10,
                        -7.66865621325202e-10,
                        8.181625829428585e-10
                    ],
                    [
                        9.742126664510742e-10,
                        1.0000000009490904,
                        -0.7871644954552017,
                        -0.17332237661703948
                    ],
                    [
                        -7.66865621325202e-10,
                        -0.7871644954552017,
                        1.6196279423171593,
                        -0.7822723283147025
                    ],
                    [
                        8.181625829428585e-10,
                        -0.17332237661703948,
                        -0.7822723283147025,
                        1.874060533544371
                    ]
                ],
                "mui": [
                    1.0,
                    0.9742126664510742,
                    -0.7668656213252019,
                    0.8181625829428585
                ],
                "Ai": [
                    [
                        0.0,
                        0.0,
                        0.0,
                        0.0
                    ],
                    [
                        0.9742126664510742,
                        0.0,
                        0.0,
                        0.0
                    ],
                    [
                        0.0,
                        -0.7871644947081116,
                        0.0,
                        0.0
                    ],
                    [
                        0.987015438399092,
                        -0.8964947669348926,
                        -0.9187055493260634,
                        0.0
                    ]
                ]
            },
            "oracle_est_tgt": [
                0
            ]
        },
        "1": {
            "intv_type": "do",
            "inode": 1,
            "new_mui": 1.0,
            "new_vari": null,
            "noise_type": "gaussian",
            "obs_noise_gamma_shape": 2.0,
            "true_params": {
                "Si": [
                    [
                        1.0,
                        0.0,
                        0.0,
                        0.987015438399092
                    ],
                    [
                        0.0,
                        1e-09,
                        -7.871644947081116e-10,
                        -1.7332237741410385e-10
                    ],
                    [
                        0.0,
                        -7.871644947081116e-10,
                        1.000000000619628,
                        -0.9187055491896302
                    ],
                    [
                        0.987015438399092,
                        -1.7332237741410385e-10,
                        -0.9187055491896302,
                        2.818219362030696
                    ]
                ],
                "mui": [
                    0.0,
                    1.0,
                    -0.7871644947081116,
                    -0.17332237741410383
                ],
                "Ai": [
                    [
                        0.0,
                        0.0,
                        0.0,
                        0.0
                    ],
                    [
                        0.0,
                        0.0,
                        0.0,
                        0.0
                    ],
                    [
                        0.0,
                        -0.7871644947081116,
                        0.0,
                        0.0
                    ],
                    [
                        0.987015438399092,
                        -0.8964947669348926,
                        -0.9187055493260634,
                        0.0
                    ]
                ]
            },
            "oracle_est_tgt": [
                1
            ]
        },
        "2": {
            "intv_type": "do",
            "inode": 2,
            "new_mui": 1.0,
            "new_vari": null,
            "noise_type": "gaussian",
            "obs_noise_gamma_shape": 2.0,
            "true_params": {
                "Si": [
                    [
                        1.0,
                        0.9742126664510742,
                        0.0,
                        0.11363888104401598
                    ],
                    [
                        0.9742126664510742,
                        1.949090319473712,
                        0.0,
                        -0.7857863296204853
                    ],
                    [
                        0.0,
                        0.0,
                        1e-09,
                        -9.187055493260634e-10
                    ],
                    [
                        0.11363888104401598,
                        -0.7857863296204853,
                        -9.187055493260634e-10,
                        1.8166166632706031
                    ]
                ],
                "mui": [
                    0.0,
                    0.0,
                    1.0,
                    -0.9187055493260634
                ],
                "Ai": [
                    [
                        0.0,
                        0.0,
                        0.0,
                        0.0
                    ],
                    [
                        0.9742126664510742,
                        0.0,
                        0.0,
                        0.0
                    ],
                    [
                        0.0,
                        0.0,
                        0.0,
                        0.0
                    ],
                    [
                        0.987015438399092,
                        -0.8964947669348926,
                        -0.9187055493260634,
                        0.0
                    ]
                ]
            },
            "est_params": {
                "mui": [
                    0.04898083058443363,
                    0.034426729762833445,
                    0.9999985419647771,
                    -0.9024150117537989
                ],