{
    "expt_args": {
        "save_dir": "expt_logs_29.04.24-8",
        "exp_name": "50",
        "num_nodes": 4,
        "obs_noise_mean": 0.5,
        "obs_noise_var": 1.0,
        "max_edge_strength": 10.0,
        "num_parents": 2,
        "new_noise_mean": 10.0,
        "mix_samples": 4096,
        "stage2_samples": 4096,
        "intv_targets": [
            0,
            1,
            2,
            3
        ]
    },
    "intv_args_dict": {
        "0": {
            "intv_type": "do",
            "inode": 0,
            "new_mui": 10.0,
            "true_params": {
                "Si": [
                    [
                        3.043858959198519e-30,
                        -1.7446658588963441e-15,
                        1.2816285755290558e-14,
                        -1.2672532606560857e-13
                    ],
                    [
                        -1.7446658588963441e-15,
                        0.9999999999999998,
                        -7.345983008687974,
                        72.63587203212283
                    ],
                    [
                        1.2816285755290558e-14,
                        -7.345983008687974,
                        54.96346636393244,
                        -543.4697173313406
                    ],
                    [
                        -1.2672532606560857e-13,
                        72.63587203212283,
                        -543.4697173313406,
                        5374.73919797069
                    ]
                ],
                "mui": [
                    10.000000000000039,
                    -74.40425209244148,
                    613.2205891801781,
                    -5981.471189241519
                ],
                "Ai": [
                    [
                        0.0,
                        0.0,
                        0.0,
                        0.0
                    ],
                    [
                        -7.490425209244133,
                        0.0,
                        0.0,
                        0.0
                    ],
                    [
                        6.614821753496722,
                        -7.345983008687959,
                        0.0,
                        0.0
                    ],
                    [
                        8.145315988582265,
                        -0.0,
                        -9.887835562132064,
                        0.0
                    ]
                ]
            },
            "est_params": {
                "mui": [
                    0.21549069255562753,
                    -1.0514447057148553,
                    9.701313067015986,
                    -93.57200430571473
                ],
                "Si": [
                    [
                        0.6788704816590428,
                        -5.009649690909423,
                        41.28467417492345,
                        -402.6596300364774
                    ],
                    [
                        -5.009649690909423,
                        37.9915995386129,
                        -312.1994007134925,
                        3046.0207441309026
                    ],
                    [
                        41.28467417492346,
                        -312.1994007134925,
                        2567.512794248409,
                        -25049.509112518077
                    ],
                    [
                        -402.6596300364774,
                        3046.0207441309026,
                        -25049.509112518077,
                        244393.4292742473
                    ]
                ]
            },
            "est_tgt": [
                0
            ]
        },
        "1": {
            "intv_type": "do",
            "inode": 1,
            "new_mui": 10.0,
            "true_params": {
                "Si": [
                    [
                        1.0000000000000044,
                        1.934506886062099e-15,
                        6.614821753496737,
                        -57.26095378280752
                    ],
                    [
                        1.934506886062099e-15,
                        3.742334306772313e-30,
                        1.279641823221275e-14,
                        -1.1077588246980836e-13
                    ],
                    [
                        6.614821753496737,
                        1.279641823221275e-14,
                        44.75586683053345,
                        -388.6588382706168
                    ],
                    [
                        -57.26095378280752,
                        -1.1077588246980836e-13,
                        -388.6588382706168,
                        3377.5861202205674
                    ]
                ],
                "mui": [
                    0.5000000000000011,
                    10.0,
                    -69.65241921013121,
                    693.2843256487572
                ],
                "Ai": [
                    [
                        0.0,
                        0.0,
                        0.0,
                        0.0
                    ],
                    [
                        0.0,
                        0.0,
                        0.0,
                        0.0
                    ],
                    [
                        6.614821753496722,
                        -7.345983008687959,
                        0.0,
                        0.0
                    ],
                    [
                        8.145315988582265,
                        -0.0,
                        -9.887835562132064,
                        0.0
                    ]
                ]
            },
            "est_params": {
                "mui": [
                    10.000000000000014,
                    -74.37375554912413,
                    613.005115756005,
                    -5979.326983655345
                ],
                "Si": [
                    [
                        1e-06,
                        -1.8945455094411997e-15,
                        1.4032917741368326e-14,
                        -1.3875209925390751e-13
                    ],
                    [
                        -1.8945455094411997e-15,
                        1.0918596148670248,
                        -8.056606889845904,
                        79.64653299038224
                    ],
                    [
                        1.4032917741368326e-14,
                        -8.056606889845904,
                        60.4389480306099,
                        -597.5208501760458
                    ],
                    [
                        -1.3875209925390751e-13,
                        79.64653299038224,
                        -597.5208501760458,
                        5908.246501186147
                    ]
                ]
            },
            "est_tgt": [
                0
            ]
        },
        "2": {
            "intv_type": "do",
            "inode": 2,
            "new_mui": 10.0,