{
    "expt_args": {
        "save_dir": "all_expt_logs/expt_logs_11.05.24-half_intv_weight_error_all_comp_utigsp",
        "exp_name": "125",
        "num_nodes": 4,
        "obs_noise_mean": 0.0,
        "obs_noise_var": 1.0,
        "max_edge_strength": 1.0,
        "graph_sparsity_method": "adj_dense_prop",
        "adj_dense_prop": 0.8,
        "num_parents": null,
        "new_noise_mean": 1.0,
        "mix_samples": 32768,
        "stage2_samples": 32768,
        "gmm_tol": 0.001,
        "intv_type": "do",
        "new_noise_var": null,
        "intv_targets": [
            2,
            1
        ]
    },
    "intv_args_dict": {
        "2": {
            "intv_type": "do",
            "inode": 2,
            "new_mui": 1.0,
            "new_vari": null,
            "true_params": {
                "Si": [
                    [
                        1.0,
                        0.0,
                        0.0,
                        0.8150683943637832
                    ],
                    [
                        0.0,
                        1.0,
                        0.0,
                        -0.9924342923765739
                    ],
                    [
                        0.0,
                        0.0,
                        1e-09,
                        -9.17582422020159e-10
                    ],
                    [
                        0.8150683943637832,
                        -0.9924342923765739,
                        -9.17582422020159e-10,
                        2.649262313017704
                    ]
                ],
                "mui": [
                    0.0,
                    0.0,
                    1.0,
                    -0.9175824220201589
                ],
                "Ai": [
                    [
                        0.0,
                        0.0,
                        0.0,
                        0.0
                    ],
                    [
                        0.0,
                        0.0,
                        0.0,
                        0.0
                    ],
                    [
                        0.0,
                        0.0,
                        0.0,
                        0.0
                    ],
                    [
                        0.8150683943637832,
                        -0.9924342923765739,
                        -0.9175824220201589,
                        0.0
                    ]
                ]
            },
            "est_params": {
                "mui": [
                    0.00392632713779306,
                    -0.01554979304437269,
                    1.000001455466814,
                    -0.9041802867106636
                ],
                "Si": [
                    [
                        1.0094956838294686,
                        -0.01139671354488054,
                        -6.214016320893566e-07,
                        0.8491093415107774
                    ],
                    [
                        -0.011396713544880538,
                        1.001269135097068,
                        -5.80595136452402e-07,
                        -1.001705385933476
                    ],
                    [
                        -6.214016320893568e-07,
                        -5.805951364524021e-07,
                        1.0087381183840146e-06,
                        -6.213895299375984e-07
                    ],
                    [
                        0.8491093415107777,
                        -1.001705385933476,
                        -6.213895299375985e-07,
                        2.696191946017953
                    ]
                ]
            },
            "est_tgt": [
                2,
                3
            ],
            "oracle_est_tgt": [
                2,
                3
            ],
            "intv_base_est_tgt": []
        },
        "1": {
            "intv_type": "do",
            "inode": 1,
            "new_mui": 1.0,
            "new_vari": null,
            "true_params": {
                "Si": [
                    [
                        1.0,
                        0.0,
                        -0.5156680815091916,
                        1.288236361553476
                    ],
                    [
                        0.0,
                        1e-09,
                        9.304195991680822e-10,
                        -1.8461709616762484e-09
                    ],
                    [
                        -0.5156680815091916,
                        9.304195991680822e-10,
                        1.265913571153051,
                        -1.581884796830535
                    ],
                    [
                        1.288236361553476,
                        -1.8461709616762484e-09,
                        -1.581884796830535,
                        3.5015104278372666
                    ]
                ],
                "mui": [
                    0.0,
                    1.0,
                    0.9304195991680821,
                    -1.8461709616762483
                ],
                "Ai": [
                    [
                        0.0,
                        0.0,
                        0.0,
                        0.0
                    ],
                    [
                        0.0,
                        0.0,
                        0.0,
                        0.0
                    ],
                    [
                        -0.5156680815091916,
                        0.9304195991680821,
                        0.0,
                        0.0
                    ],
                    [
                        0.8150683943637832,
                        -0.9924342923765739,
                        -0.9175824220201589,
                        0.0
                    ]
                ]
            },
            "est_params": {
                "mui": [
                    0.0016074675407611355,
                    1.0000000037296135,
                    0.9435442984003327,
                    -1.8628621681260356
                ],
                "Si": [
                    [
                        1.008567659928962,
                        -3.930174223140491e-07,
                        -0.5271196194735156,
                        1.2987911003374342
                    ],
                    [
                        -3.930174223140491e-07,
                        1.0103121977637785e-06,
                        5.34455205150185e-07,
                        6.594364071783636e-07
                    ],
                    [
                        -0.5271196194735156,
                        5.344552051501851e-07,
                        1.2753505337484359,
                        -1.6045349151226178
                    ],
                    [
                        1.2987911003374342,
                        6.594364071783638e-07,
                        -1.6045349151226178,
                        3.5122121312217804
                    ]
                ]
            },
            "est_tgt": [
                1
            ],
            "oracle_est_tgt": [
                1
            ],
            "intv_base_est_tgt": [
                1,
                2,
                3
            ]
        },
        "obs": {
            "intv_type": "obs",