{
    "expt_args": {
        "save_dir": "all_expt_logs/expt_logs_11.05.24-half_intv_weight_error_all_comp_utigsp",
        "exp_name": "2",
        "num_nodes": 4,
        "obs_noise_mean": 0.0,
        "obs_noise_var": 1.0,
        "max_edge_strength": 1.0,
        "graph_sparsity_method": "adj_dense_prop",
        "adj_dense_prop": 0.8,
        "num_parents": null,
        "new_noise_mean": 1.0,
        "mix_samples": 4096,
        "stage2_samples": 4096,
        "gmm_tol": 0.001,
        "intv_type": "do",
        "new_noise_var": null,
        "intv_targets": [
            3,
            0
        ]
    },
    "intv_args_dict": {
        "3": {
            "intv_type": "do",
            "inode": 3,
            "new_mui": 1.0,
            "new_vari": null,
            "true_params": {
                "Si": [
                    [
                        1.0,
                        -0.755149729251686,
                        -0.1794047529038183,
                        0.0
                    ],
                    [
                        -0.755149729251686,
                        1.5702511135888946,
                        -0.7812730918271897,
                        0.0
                    ],
                    [
                        -0.1794047529038183,
                        -0.7812730918271897,
                        1.8726176223716275,
                        0.0
                    ],
                    [
                        0.0,
                        0.0,
                        0.0,
                        1e-09
                    ]
                ],
                "mui": [
                    0.0,
                    0.0,
                    0.0,
                    1.0
                ],
                "Ai": [
                    [
                        0.0,
                        0.0,
                        0.0,
                        0.0
                    ],
                    [
                        -0.755149729251686,
                        0.0,
                        0.0,
                        0.0
                    ],
                    [
                        -0.871688676795291,
                        -0.9167505424089737,
                        0.0,
                        0.0
                    ],
                    [
                        0.0,
                        0.0,
                        0.0,
                        0.0
                    ]
                ]
            },
            "est_params": {
                "mui": [
                    0.002058612000465478,
                    -0.06840869968327315,
                    0.02391082820787641,
                    1.0000002385405882
                ],
                "Si": [
                    [
                        1.0287146470113837,
                        -0.7720927541224566,
                        -0.1849823062179379,
                        -1.720823028432394e-06
                    ],
                    [
                        -0.7720927541224566,
                        1.5617358892659425,
                        -0.7129959127825458,
                        -7.3098095447616586e-06
                    ],
                    [
                        -0.1849823062179379,
                        -0.7129959127825458,
                        1.8082199000283852,
                        1.1845754222402056e-05
                    ],
                    [
                        -1.720823028432394e-06,
                        -7.3098095447616586e-06,
                        1.1845754222402056e-05,
                        1.0188864419535538e-06
                    ]
                ]
            },
            "est_tgt": [
                3
            ],
            "oracle_est_tgt": [
                3
            ],
            "intv_base_est_tgt": [
                0,
                1,
                2,
                3
            ]
        },
        "0": {
            "intv_type": "do",
            "inode": 0,
            "new_mui": 1.0,
            "new_vari": null,
            "true_params": {
                "Si": [
                    [
                        1e-09,
                        -7.551497292516861e-10,
                        -1.794047529038183e-10,
                        0.0
                    ],
                    [
                        -7.551497292516861e-10,
                        1.0000000005702512,
                        -0.9167505422734963,
                        0.0
                    ],
                    [
                        -1.794047529038183e-10,
                        -0.9167505422734963,
                        1.8404315570393335,
                        0.0
                    ],
                    [
                        0.0,
                        0.0,
                        0.0,
                        1.0
                    ]
                ],
                "mui": [
                    1.0,
                    -0.755149729251686,
                    -0.1794047529038183,
                    0.0
                ],
                "Ai": [
                    [
                        0.0,
                        0.0,
                        0.0,
                        0.0
                    ],
                    [
                        -0.755149729251686,
                        0.0,
                        0.0,
                        0.0
                    ],
                    [
                        -0.871688676795291,
                        -0.9167505424089737,
                        0.0,
                        0.0
                    ],
                    [
                        0.0,
                        0.0,
                        0.0,
                        0.0
                    ]
                ]
            },
            "est_params": {
                "mui": [
                    1.0000003922392762,
                    -0.7888233208266112,
                    -0.17295640030717488,
                    0.0116911533453457
                ],
                "Si": [
                    [
                        1.01011913701454e-06,
                        3.6815623881584307e-06,
                        7.153370634197597e-07,
                        7.89140498533609e-07
                    ],
                    [
                        3.6815623881584316e-06,
                        1.0012293895264939,
                        -0.9216465805849693,
                        -0.013426553572582463
                    ],
                    [
                        7.153370634197595e-07,
                        -0.9216465805849693,
                        1.8542492999525888,
                        -0.04091816152263677
                    ],
                    [
                        7.89140498533609e-07,
                        -0.01342655357258246,
                        -0.04091816152263677,
                        0.9695121333230808
                    ]
                ]
            },
            "est_tgt": [
                0
            ],
            "oracle_est_tgt": [
                0
            ],
            "intv_base_est_tgt": []
        },
        "obs": {
            "intv_type": "obs",