{
    "expt_args": {
        "save_dir": "all_expt_logs/expt_logs_11.05.24-half_intv_weight_error_all_comp_utigsp",
        "exp_name": "148",
        "num_nodes": 4,
        "obs_noise_mean": 0.0,
        "obs_noise_var": 1.0,
        "max_edge_strength": 1.0,
        "graph_sparsity_method": "adj_dense_prop",
        "adj_dense_prop": 0.8,
        "num_parents": null,
        "new_noise_mean": 1.0,
        "mix_samples": 16384,
        "stage2_samples": 16384,
        "gmm_tol": 0.001,
        "intv_type": "do",
        "new_noise_var": null,
        "intv_targets": [
            2,
            1
        ]
    },
    "intv_args_dict": {
        "2": {
            "intv_type": "do",
            "inode": 2,
            "new_mui": 1.0,
            "new_vari": null,
            "true_params": {
                "Si": [
                    [
                        1.0,
                        -0.9614746559881182,
                        0.0,
                        0.3621802287126462
                    ],
                    [
                        -0.9614746559881182,
                        1.9244335141074702,
                        0.0,
                        0.27143699689058476
                    ],
                    [
                        0.0,
                        0.0,
                        1e-09,
                        0.0
                    ],
                    [
                        0.3621802287126462,
                        0.27143699689058476,
                        0.0,
                        1.5151581244392234
                    ]
                ],
                "mui": [
                    0.0,
                    0.0,
                    1.0,
                    0.0
                ],
                "Ai": [
                    [
                        0.0,
                        0.0,
                        0.0,
                        0.0
                    ],
                    [
                        -0.9614746559881182,
                        0.0,
                        0.0,
                        0.0
                    ],
                    [
                        0.0,
                        0.0,
                        0.0,
                        0.0
                    ],
                    [
                        0.9579715634895479,
                        0.6196641076977742,
                        -0.0,
                        0.0
                    ]
                ]
            },
            "est_params": {
                "mui": [
                    -0.002584019109304079,
                    0.015209508414289318,
                    0.9999998039696326,
                    -0.012752413623830106
                ],
                "Si": [
                    [
                        1.003605855596612,
                        -0.9729145823843169,
                        -1.2120046718549945e-07,
                        0.35467301216618957
                    ],
                    [
                        -0.9729145823843169,
                        1.9613262310863475,
                        -4.896232799630314e-07,
                        0.29245810577994596
                    ],
                    [
                        -1.2120046718549953e-07,
                        -4.89623279963031e-07,
                        1.0061165539713859e-06,
                        -2.974619522188186e-07
                    ],
                    [
                        0.3546730121661896,
                        0.292458105779946,
                        -2.974619522188184e-07,
                        1.4926612141685227
                    ]
                ]
            },
            "est_tgt": [
                2
            ],
            "oracle_est_tgt": [
                2
            ],
            "intv_base_est_tgt": [
                0,
                1,
                2,
                3
            ]
        },
        "1": {
            "intv_type": "do",
            "inode": 1,
            "new_mui": 1.0,
            "new_vari": null,
            "true_params": {
                "Si": [
                    [
                        1.0,
                        0.0,
                        0.810348288863055,
                        0.9579715634895479
                    ],
                    [
                        0.0,
                        1e-09,
                        -7.842486990386189e-10,
                        6.196641076977743e-10
                    ],
                    [
                        0.810348288863055,
                        -7.842486990386189e-10,
                        1.6566643498783273,
                        0.7762906167672498
                    ],
                    [
                        0.9579715634895479,
                        6.196641076977743e-10,
                        0.7762906167672498,
                        1.9177095168385927
                    ]
                ],
                "mui": [
                    0.0,
                    1.0,
                    -0.7842486990386188,
                    0.6196641076977742
                ],
                "Ai": [
                    [
                        0.0,
                        0.0,
                        0.0,
                        0.0
                    ],
                    [
                        0.0,
                        0.0,
                        0.0,
                        0.0
                    ],
                    [
                        0.810348288863055,
                        -0.7842486990386188,
                        0.0,
                        0.0
                    ],
                    [
                        0.9579715634895479,
                        0.6196641076977742,
                        -0.0,
                        0.0
                    ]
                ]
            },
            "est_params": {
                "mui": [
                    0.0018141190921823957,
                    0.9999999246025667,
                    -0.7767337408412529,
                    0.5989538903597567
                ],
                "Si": [
                    [
                        0.9790957828878689,
                        -1.7201308315819153e-07,
                        0.7917208807526159,
                        0.9385119292483204
                    ],
                    [
                        -1.7201308315819108e-07,
                        1.0173400039911278e-06,
                        -1.1870597483417625e-07,
                        8.181904195498097e-08
                    ],
                    [
                        0.7917208807526159,
                        -1.1870597483417637e-07,
                        1.6324770088273748,
                        0.7545696341172344
                    ],
                    [
                        0.9385119292483204,
                        8.181904195498066e-08,
                        0.7545696341172342,
                        1.9564268428195861
                    ]
                ]
            },
            "est_tgt": [
                1
            ],
            "oracle_est_tgt": [
                1
            ],
            "intv_base_est_tgt": [
                0,
                1,
                2,
                3
            ]
        },
        "obs": {
            "intv_type": "obs",