{
    "expt_args": {
        "save_dir": "all_expt_logs/expt_logs_11.05.24-half_intv_weight_error_all_comp_utigsp",
        "exp_name": "55",
        "num_nodes": 4,
        "obs_noise_mean": 0.0,
        "obs_noise_var": 1.0,
        "max_edge_strength": 1.0,
        "graph_sparsity_method": "adj_dense_prop",
        "adj_dense_prop": 0.8,
        "num_parents": null,
        "new_noise_mean": 1.0,
        "mix_samples": 131072,
        "stage2_samples": 131072,
        "gmm_tol": 0.001,
        "intv_type": "do",
        "new_noise_var": null,
        "intv_targets": [
            0,
            3
        ]
    },
    "intv_args_dict": {
        "0": {
            "intv_type": "do",
            "inode": 0,
            "new_mui": 1.0,
            "new_vari": null,
            "true_params": {
                "Si": [
                    [
                        1e-09,
                        -7.551497292516861e-10,
                        -1.794047529038183e-10,
                        0.0
                    ],
                    [
                        -7.551497292516861e-10,
                        1.0000000005702512,
                        -0.9167505422734963,
                        0.0
                    ],
                    [
                        -1.794047529038183e-10,
                        -0.9167505422734963,
                        1.8404315570393335,
                        0.0
                    ],
                    [
                        0.0,
                        0.0,
                        0.0,
                        1.0
                    ]
                ],
                "mui": [
                    1.0,
                    -0.755149729251686,
                    -0.1794047529038183,
                    0.0
                ],
                "Ai": [
                    [
                        0.0,
                        0.0,
                        0.0,
                        0.0
                    ],
                    [
                        -0.755149729251686,
                        0.0,
                        0.0,
                        0.0
                    ],
                    [
                        -0.871688676795291,
                        -0.9167505424089737,
                        0.0,
                        0.0
                    ],
                    [
                        0.0,
                        0.0,
                        0.0,
                        0.0
                    ]
                ]
            },
            "est_params": {
                "mui": [
                    0.9999999371572535,
                    -0.7603980022076232,
                    -0.17883220911564832,
                    0.003952891004647087
                ],
                "Si": [
                    [
                        1.0092583645903226e-06,
                        -1.5065333554546104e-07,
                        5.884844718765807e-07,
                        -3.9354123985467245e-07
                    ],
                    [
                        -1.5065333554546096e-07,
                        0.9898259899789618,
                        -0.9018426958445549,
                        0.0017347466577769981
                    ],
                    [
                        5.884844718765806e-07,
                        -0.9018426958445549,
                        1.8360698567506604,
                        0.011470846938686885
                    ],
                    [
                        -3.9354123985467235e-07,
                        0.0017347466577769984,
                        0.011470846938686887,
                        1.0028685359558573
                    ]
                ]
            },
            "est_tgt": [
                0
            ],
            "oracle_est_tgt": [
                0
            ],
            "intv_base_est_tgt": [
                0,
                1,
                2,
                3
            ]
        },
        "3": {
            "intv_type": "do",
            "inode": 3,
            "new_mui": 1.0,
            "new_vari": null,
            "true_params": {
                "Si": [
                    [
                        1.0,
                        -0.755149729251686,
                        -0.1794047529038183,
                        0.0
                    ],
                    [
                        -0.755149729251686,
                        1.5702511135888946,
                        -0.7812730918271897,
                        0.0
                    ],
                    [
                        -0.1794047529038183,
                        -0.7812730918271897,
                        1.8726176223716275,
                        0.0
                    ],
                    [
                        0.0,
                        0.0,
                        0.0,
                        1e-09
                    ]
                ],
                "mui": [
                    0.0,
                    0.0,
                    0.0,
                    1.0
                ],
                "Ai": [
                    [
                        0.0,
                        0.0,
                        0.0,
                        0.0
                    ],
                    [
                        -0.755149729251686,
                        0.0,
                        0.0,
                        0.0
                    ],
                    [
                        -0.871688676795291,
                        -0.9167505424089737,
                        0.0,
                        0.0
                    ],
                    [
                        0.0,
                        0.0,
                        0.0,
                        0.0
                    ]
                ]
            },
            "est_params": {
                "mui": [
                    -0.005298555475471206,
                    0.006866853020652195,
                    0.00495295073798147,
                    0.9999996764739584
                ],
                "Si": [
                    [
                        1.007211104789194,
                        -0.7561432569546117,
                        -0.18946779151954796,
                        -3.290058117685593e-07
                    ],
                    [
                        -0.7561432569546117,
                        1.5720306346105848,
                        -0.7728943544541867,
                        -3.657173164626568e-07
                    ],
                    [
                        -0.18946779151954796,
                        -0.7728943544541867,
                        1.8696364734351065,
                        6.834165354979736e-07
                    ],
                    [
                        -3.2900581176855927e-07,
                        -3.657173164626572e-07,
                        6.834165354979735e-07,
                        1.0111303751150977e-06
                    ]
                ]
            },
            "est_tgt": [
                3
            ],
            "oracle_est_tgt": [
                3
            ],
            "intv_base_est_tgt": [
                0,
                1,
                2,
                3
            ]
        },
        "obs": {
            "intv_type": "obs",