{
    "expt_args": {
        "save_dir": "all_expt_logs/expt_logs_11.05.24-half_intv_weight_error_all_comp_utigsp",
        "exp_name": "124",
        "num_nodes": 4,
        "obs_noise_mean": 0.0,
        "obs_noise_var": 1.0,
        "max_edge_strength": 1.0,
        "graph_sparsity_method": "adj_dense_prop",
        "adj_dense_prop": 0.8,
        "num_parents": null,
        "new_noise_mean": 1.0,
        "mix_samples": 16384,
        "stage2_samples": 16384,
        "gmm_tol": 0.001,
        "intv_type": "do",
        "new_noise_var": null,
        "intv_targets": [
            1,
            2
        ]
    },
    "intv_args_dict": {
        "1": {
            "intv_type": "do",
            "inode": 1,
            "new_mui": 1.0,
            "new_vari": null,
            "true_params": {
                "Si": [
                    [
                        1.0,
                        0.0,
                        0.8514132318295378,
                        1.5257303713578585
                    ],
                    [
                        0.0,
                        1e-09,
                        0.0,
                        9.238366705684214e-10
                    ],
                    [
                        0.8514132318295378,
                        0.0,
                        1.7249044913344183,
                        2.0116942472954475
                    ],
                    [
                        1.5257303713578585,
                        9.238366705684214e-10,
                        2.0116942472954475,
                        3.835747734707069
                    ]
                ],
                "mui": [
                    0.0,
                    1.0,
                    0.0,
                    0.9238366705684213
                ],
                "Ai": [
                    [
                        0.0,
                        0.0,
                        0.0,
                        0.0
                    ],
                    [
                        0.0,
                        0.0,
                        0.0,
                        0.0
                    ],
                    [
                        0.8514132318295378,
                        0.0,
                        0.0,
                        0.0
                    ],
                    [
                        0.9189560695777934,
                        0.9238366705684213,
                        0.7126672209171727,
                        0.0
                    ]
                ]
            },
            "est_params": {
                "mui": [
                    -0.003494107444818312,
                    1.000000288743482,
                    -0.03665222810018756,
                    0.874532449702097
                ],
                "Si": [
                    [
                        1.0047061151392895,
                        8.684715733274328e-07,
                        0.860720169243143,
                        1.5451894740451293
                    ],
                    [
                        8.68471573327433e-07,
                        1.0060433826414655e-06,
                        9.06203302995229e-07,
                        1.1123568277666117e-06
                    ],
                    [
                        0.8607201692431431,
                        9.06203302995229e-07,
                        1.721704894772677,
                        2.031692588885691
                    ],
                    [
                        1.5451894740451293,
                        1.1123568277666117e-06,
                        2.031692588885691,
                        3.90593727089504
                    ]
                ]
            },
            "est_tgt": [
                1
            ],
            "oracle_est_tgt": [
                1
            ],
            "intv_base_est_tgt": [
                1,
                2,
                3
            ]
        },
        "2": {
            "intv_type": "do",
            "inode": 2,
            "new_mui": 1.0,
            "new_vari": null,
            "true_params": {
                "Si": [
                    [
                        1.0,
                        -0.5407511767359574,
                        0.0,
                        0.4193903028560905
                    ],
                    [
                        -0.5407511767359574,
                        1.2924118351413227,
                        0.0,
                        0.6970508707873408
                    ],
                    [
                        0.0,
                        0.0,
                        1e-09,
                        7.126672209171728e-10
                    ],
                    [
                        0.4193903028560905,
                        0.6970508707873408,
                        7.126672209171728e-10,
                        2.0293624205245635
                    ]
                ],
                "mui": [
                    0.0,
                    0.0,
                    1.0,
                    0.7126672209171727
                ],
                "Ai": [
                    [
                        0.0,
                        0.0,
                        0.0,
                        0.0
                    ],
                    [
                        -0.5407511767359574,
                        0.0,
                        0.0,
                        0.0
                    ],
                    [
                        0.0,
                        0.0,
                        0.0,
                        0.0
                    ],
                    [
                        0.9189560695777934,
                        0.9238366705684213,
                        0.7126672209171727,
                        0.0
                    ]
                ]
            },
            "est_params": {
                "mui": [
                    -0.008157298835864165,
                    0.009789396395128006,
                    1.000000768799432,
                    0.7186990845080756
                ],
                "Si": [
                    [
                        1.0331989288535546,
                        -0.5507267576906395,
                        4.850633365278786e-07,
                        0.4215945264417482
                    ],
                    [
                        -0.5507267576906395,
                        1.3104381637186047,
                        1.6170801671076226e-06,
                        0.7234196849154388
                    ],
                    [
                        4.850633365278787e-07,
                        1.6170801671076226e-06,
                        1.0084877682419652e-06,
                        1.2689938994474289e-06
                    ],
                    [
                        0.4215945264417482,
                        0.7234196849154387,
                        1.268993899447429e-06,
                        2.0917850109284255
                    ]
                ]
            },
            "est_tgt": [
                0,
                2
            ],
            "oracle_est_tgt": [
                0,
                2
            ],
            "intv_base_est_tgt": [
                0,
                1,
                2,
                3
            ]
        },
        "obs": {
            "intv_type": "obs",