{
    "expt_args": {
        "save_dir": "all_expt_logs/expt_logs_11.05.24-half_intv_weight_error_all_comp_utigsp",
        "exp_name": "218",
        "num_nodes": 4,
        "obs_noise_mean": 0.0,
        "obs_noise_var": 1.0,
        "max_edge_strength": 1.0,
        "graph_sparsity_method": "adj_dense_prop",
        "adj_dense_prop": 0.8,
        "num_parents": null,
        "new_noise_mean": 1.0,
        "mix_samples": 4096,
        "stage2_samples": 4096,
        "gmm_tol": 0.001,
        "intv_type": "do",
        "new_noise_var": null,
        "intv_targets": [
            3,
            0
        ]
    },
    "intv_args_dict": {
        "3": {
            "intv_type": "do",
            "inode": 3,
            "new_mui": 1.0,
            "new_vari": null,
            "true_params": {
                "Si": [
                    [
                        1.0,
                        -0.9438232676801414,
                        1.4282961027226582,
                        0.0
                    ],
                    [
                        -0.9438232676801414,
                        1.8908023606144198,
                        -1.9845800752331888,
                        0.0
                    ],
                    [
                        1.4282961027226582,
                        -1.9845800752331888,
                        3.445188715474231,
                        0.0
                    ],
                    [
                        0.0,
                        0.0,
                        0.0,
                        1e-09
                    ]
                ],
                "mui": [
                    0.0,
                    0.0,
                    0.0,
                    1.0
                ],
                "Ai": [
                    [
                        0.0,
                        0.0,
                        0.0,
                        0.0
                    ],
                    [
                        -0.9438232676801414,
                        0.0,
                        0.0,
                        0.0
                    ],
                    [
                        0.8275327911048889,
                        -0.6365209803466787,
                        0.0,
                        0.0
                    ],
                    [
                        0.0,
                        0.0,
                        0.0,
                        0.0
                    ]
                ]
            },
            "est_params": {
                "mui": [
                    0.004413762657048092,
                    -0.03401175728015454,
                    0.056229097391738925,
                    1.0000015358921892
                ],
                "Si": [
                    [
                        1.0418056247368874,
                        -0.9572202744801036,
                        1.4391024044950986,
                        -8.178773000414066e-07
                    ],
                    [
                        -0.9572202744801036,
                        1.9489622006321496,
                        -1.9446154083371894,
                        6.114354071562853e-07
                    ],
                    [
                        1.4391024044950986,
                        -1.9446154083371894,
                        3.3409009988348237,
                        -4.714078028548018e-07
                    ],
                    [
                        -8.178773000414069e-07,
                        6.114354071562859e-07,
                        -4.714078028548015e-07,
                        1.005560805017223e-06
                    ]
                ]
            },
            "est_tgt": [
                3
            ],
            "oracle_est_tgt": [
                3
            ],
            "intv_base_est_tgt": [
                0,
                1,
                2,
                3
            ]
        },
        "0": {
            "intv_type": "do",
            "inode": 0,
            "new_mui": 1.0,
            "new_vari": null,
            "true_params": {
                "Si": [
                    [
                        1e-09,
                        -9.438232676801414e-10,
                        1.4282961027226583e-09,
                        -1.7323009023713378e-09
                    ],
                    [
                        -9.438232676801414e-10,
                        1.0000000008908023,
                        -0.6365209816947378,
                        1.1277614929923012
                    ],
                    [
                        1.4282961027226583e-09,
                        -0.6365209816947378,
                        1.4051589604615267,
                        -1.524933763202473
                    ],
                    [
                        -1.7323009023713378e-09,
                        1.1277614929923012,
                        -1.524933763202473,
                        2.923240108265989
                    ]
                ],
                "mui": [
                    1.0,
                    -0.9438232676801414,
                    1.4282961027226582,
                    -1.7323009023713376
                ],
                "Ai": [
                    [
                        0.0,
                        0.0,
                        0.0,
                        0.0
                    ],
                    [
                        -0.9438232676801414,
                        0.0,
                        0.0,
                        0.0
                    ],
                    [
                        0.8275327911048889,
                        -0.6365209803466787,
                        0.0,
                        0.0
                    ],
                    [
                        -0.0,
                        0.6140318302010359,
                        -0.8070899106522437,
                        0.0
                    ]
                ]
            },
            "est_params": {
                "mui": [
                    0.9999975616275252,
                    -0.9746776474758742,
                    1.4529953380109755,
                    -1.7822372895296617
                ],
                "Si": [
                    [
                        1.016529144341962e-06,
                        -5.821785210715673e-08,
                        -2.1084960951451202e-08,
                        -1.5779428857057546e-06
                    ],
                    [
                        -5.821785210715625e-08,
                        1.0186138192169747,
                        -0.7169251298695595,
                        1.223654475003681
                    ],
                    [
                        -2.1084960951450332e-08,
                        -0.7169251298695595,
                        1.4826941348662006,
                        -1.6417567032703693
                    ],
                    [
                        -1.577942885705755e-06,
                        1.223654475003681,
                        -1.6417567032703693,
                        3.061432926368724
                    ]
                ]
            },
            "est_tgt": [
                0
            ],
            "oracle_est_tgt": [
                0
            ],
            "intv_base_est_tgt": []
        },
        "obs": {
            "intv_type": "obs",