{
    "expt_args": {
        "save_dir": "all_expt_logs/expt_logs_11.05.24-half_intv_weight_error_all_comp_utigsp",
        "exp_name": "54",
        "num_nodes": 4,
        "obs_noise_mean": 0.0,
        "obs_noise_var": 1.0,
        "max_edge_strength": 1.0,
        "graph_sparsity_method": "adj_dense_prop",
        "adj_dense_prop": 0.8,
        "num_parents": null,
        "new_noise_mean": 1.0,
        "mix_samples": 65536,
        "stage2_samples": 65536,
        "gmm_tol": 0.001,
        "intv_type": "do",
        "new_noise_var": null,
        "intv_targets": [
            3,
            2
        ]
    },
    "intv_args_dict": {
        "3": {
            "intv_type": "do",
            "inode": 3,
            "new_mui": 1.0,
            "new_vari": null,
            "true_params": {
                "Si": [
                    [
                        1.0,
                        -0.755149729251686,
                        -0.1794047529038183,
                        0.0
                    ],
                    [
                        -0.755149729251686,
                        1.5702511135888946,
                        -0.7812730918271897,
                        0.0
                    ],
                    [
                        -0.1794047529038183,
                        -0.7812730918271897,
                        1.8726176223716275,
                        0.0
                    ],
                    [
                        0.0,
                        0.0,
                        0.0,
                        1e-09
                    ]
                ],
                "mui": [
                    0.0,
                    0.0,
                    0.0,
                    1.0
                ],
                "Ai": [
                    [
                        0.0,
                        0.0,
                        0.0,
                        0.0
                    ],
                    [
                        -0.755149729251686,
                        0.0,
                        0.0,
                        0.0
                    ],
                    [
                        -0.871688676795291,
                        -0.9167505424089737,
                        0.0,
                        0.0
                    ],
                    [
                        0.0,
                        0.0,
                        0.0,
                        0.0
                    ]
                ]
            },
            "est_params": {
                "mui": [
                    -0.0023811981341881486,
                    -0.010284391402866484,
                    0.010843523341217723,
                    1.0000007223238139
                ],
                "Si": [
                    [
                        1.0113587240973938,
                        -0.7771642332875277,
                        -0.1782254422771324,
                        -4.740469802600695e-07
                    ],
                    [
                        -0.7771642332875277,
                        1.5855314962203684,
                        -0.7607250447902261,
                        4.597662560653909e-07
                    ],
                    [
                        -0.17822544227713247,
                        -0.7607250447902261,
                        1.8691668031614845,
                        1.8225076469618334e-07
                    ],
                    [
                        -4.740469802600695e-07,
                        4.5976625606539086e-07,
                        1.8225076469618318e-07,
                        1.0095257662078419e-06
                    ]
                ]
            },
            "est_tgt": [
                3
            ],
            "oracle_est_tgt": [
                3
            ],
            "intv_base_est_tgt": [
                2,
                3
            ]
        },
        "2": {
            "intv_type": "do",
            "inode": 2,
            "new_mui": 1.0,
            "new_vari": null,
            "true_params": {
                "Si": [
                    [
                        1.0,
                        -0.755149729251686,
                        0.0,
                        0.0
                    ],
                    [
                        -0.755149729251686,
                        1.5702511135888946,
                        0.0,
                        0.0
                    ],
                    [
                        0.0,
                        0.0,
                        1e-09,
                        0.0
                    ],
                    [
                        0.0,
                        0.0,
                        0.0,
                        1.0
                    ]
                ],
                "mui": [
                    0.0,
                    0.0,
                    1.0,
                    0.0
                ],
                "Ai": [
                    [
                        0.0,
                        0.0,
                        0.0,
                        0.0
                    ],
                    [
                        -0.755149729251686,
                        0.0,
                        0.0,
                        0.0
                    ],
                    [
                        0.0,
                        0.0,
                        0.0,
                        0.0
                    ],
                    [
                        0.0,
                        0.0,
                        0.0,
                        0.0
                    ]
                ]
            },
            "est_params": {
                "mui": [
                    0.0007578396527171062,
                    0.0004302018796767043,
                    1.0000005502612526,
                    0.007114991516274781
                ],
                "Si": [
                    [
                        1.0037287112577076,
                        -0.7508554689529611,
                        -3.3034353974597827e-07,
                        -0.017163857379504037
                    ],
                    [
                        -0.7508554689529611,
                        1.5525263195627967,
                        -1.8091109538883143e-07,
                        0.01832478431194393
                    ],
                    [
                        -3.3034353974597827e-07,
                        -1.8091109538883127e-07,
                        1.0061825766689285e-06,
                        9.321075129420813e-07
                    ],
                    [
                        -0.017163857379504037,
                        0.018324784311943936,
                        9.321075129420813e-07,
                        1.0007953295132663
                    ]
                ]
            },
            "est_tgt": [
                2
            ],
            "oracle_est_tgt": [
                2
            ],
            "intv_base_est_tgt": []
        },
        "obs": {
            "intv_type": "obs",
            "true_params": {
                "Si": [
                    [
                        1.0,
                        -0.755149729251686,
                        -0.1794047529038183,
                        0.0
                    ],
                    [
                        -0.755149729251686,
                        1.5702511135888946,
                        -0.7812730918271897,
                        0.0
                    ],
                    [
                        -0.1794047529038183,
                        -0.7812730918271897,
                        1.8726176223716275,
                        0.0
                    ],
                    [
                        0.0,
                        0.0,
                        0.0,
                        1.0
                    ]
                ],