{
    "expt_args": {
        "save_dir": "all_expt_logs/expt_logs_11.05.24-half_intv_weight_error_all_comp_utigsp",
        "exp_name": "150",
        "num_nodes": 4,
        "obs_noise_mean": 0.0,
        "obs_noise_var": 1.0,
        "max_edge_strength": 1.0,
        "graph_sparsity_method": "adj_dense_prop",
        "adj_dense_prop": 0.8,
        "num_parents": null,
        "new_noise_mean": 1.0,
        "mix_samples": 65536,
        "stage2_samples": 65536,
        "gmm_tol": 0.001,
        "intv_type": "do",
        "new_noise_var": null,
        "intv_targets": [
            0,
            1
        ]
    },
    "intv_args_dict": {
        "0": {
            "intv_type": "do",
            "inode": 0,
            "new_mui": 1.0,
            "new_vari": null,
            "true_params": {
                "Si": [
                    [
                        1e-09,
                        -9.427052193915385e-10,
                        1.2106745522378026e-09,
                        7.809509953475812e-10
                    ],
                    [
                        -9.427052193915385e-10,
                        1.0000000008886931,
                        -0.6163202668261603,
                        -7.362065794031818e-10
                    ],
                    [
                        1.2106745522378026e-09,
                        -0.6163202668261603,
                        1.3798506713595782,
                        9.45477496612099e-10
                    ],
                    [
                        7.809509953475812e-10,
                        -7.362065794031818e-10,
                        9.454774966120992e-10,
                        1.0000000006098844
                    ]
                ],
                "mui": [
                    1.0,
                    -0.9427052193915384,
                    1.2106745522378026,
                    0.7809509953475811
                ],
                "Ai": [
                    [
                        0.0,
                        0.0,
                        0.0,
                        0.0
                    ],
                    [
                        -0.9427052193915384,
                        0.0,
                        0.0,
                        0.0
                    ],
                    [
                        0.629666220959914,
                        -0.616320265684851,
                        0.0,
                        0.0
                    ],
                    [
                        0.7809509953475811,
                        -0.0,
                        -0.0,
                        0.0
                    ]
                ]
            },
            "est_params": {
                "mui": [
                    1.000000055038962,
                    -0.9346693734139847,
                    1.2116055335998759,
                    0.7811844842059334
                ],
                "Si": [
                    [
                        1.0088572858792483e-06,
                        -5.154386630910734e-07,
                        1.204877164714142e-07,
                        -1.1259412678031731e-06
                    ],
                    [
                        -5.154386630910734e-07,
                        1.0021251633100705,
                        -0.6077153722604464,
                        -0.00567344572374893
                    ],
                    [
                        1.204877164714142e-07,
                        -0.6077153722604464,
                        1.3615504923900938,
                        0.015982919961789088
                    ],
                    [
                        -1.125941267803173e-06,
                        -0.00567344572374893,
                        0.015982919961789094,
                        1.0226580019392995
                    ]
                ]
            },
            "est_tgt": [
                0
            ],
            "oracle_est_tgt": [
                0
            ],
            "intv_base_est_tgt": [
                0,
                1,
                2
            ]
        },
        "1": {
            "intv_type": "do",
            "inode": 1,
            "new_mui": 1.0,
            "new_vari": null,
            "true_params": {
                "Si": [
                    [
                        1.0,
                        0.0,
                        0.629666220959914,
                        0.7809509953475811
                    ],
                    [
                        0.0,
                        1e-09,
                        -6.16320265684851e-10,
                        0.0
                    ],
                    [
                        0.629666220959914,
                        -6.16320265684851e-10,
                        1.3964795501977898,
                        0.4917384619953947
                    ],
                    [
                        0.7809509953475811,
                        0.0,
                        0.4917384619953947,
                        1.6098844571343776
                    ]
                ],
                "mui": [
                    0.0,
                    1.0,
                    -0.616320265684851,
                    0.0
                ],
                "Ai": [
                    [
                        0.0,
                        0.0,
                        0.0,
                        0.0
                    ],
                    [
                        0.0,
                        0.0,
                        0.0,
                        0.0
                    ],
                    [
                        0.629666220959914,
                        -0.616320265684851,
                        0.0,
                        0.0
                    ],
                    [
                        0.7809509953475811,
                        -0.0,
                        -0.0,
                        0.0
                    ]
                ]
            },
            "est_params": {
                "mui": [
                    -0.0008623183061025169,
                    1.0000000262281503,
                    -0.6189739037208081,
                    -0.011724230425954885
                ],
                "Si": [
                    [
                        0.9878126000986556,
                        1.127452651761057e-06,
                        0.6146755313962455,
                        0.7733857396047794
                    ],
                    [
                        1.127452651761057e-06,
                        1.011131744230131e-06,
                        1.3348071594274966e-07,
                        2.7097345526599533e-07
                    ],
                    [
                        0.6146755313962454,
                        1.3348071594274966e-07,
                        1.3909824748284019,
                        0.49905208381820104
                    ],
                    [
                        0.7733857396047794,
                        2.709734552659954e-07,
                        0.499052083818201,
                        1.5971175264947104
                    ]
                ]
            },
            "est_tgt": [
                1
            ],
            "oracle_est_tgt": [
                1
            ],
            "intv_base_est_tgt": []
        },
        "obs": {
            "intv_type": "obs",