{
    "expt_args": {
        "save_dir": "all_expt_logs/expt_logs_11.05.24-half_intv_weight_error_all_comp_utigsp",
        "exp_name": "127",
        "num_nodes": 4,
        "obs_noise_mean": 0.0,
        "obs_noise_var": 1.0,
        "max_edge_strength": 1.0,
        "graph_sparsity_method": "adj_dense_prop",
        "adj_dense_prop": 0.8,
        "num_parents": null,
        "new_noise_mean": 1.0,
        "mix_samples": 131072,
        "stage2_samples": 131072,
        "gmm_tol": 0.001,
        "intv_type": "do",
        "new_noise_var": null,
        "intv_targets": [
            1,
            3
        ]
    },
    "intv_args_dict": {
        "1": {
            "intv_type": "do",
            "inode": 1,
            "new_mui": 1.0,
            "new_vari": null,
            "true_params": {
                "Si": [
                    [
                        1.0,
                        0.0,
                        0.921508126185419,
                        -0.8253506066335247
                    ],
                    [
                        0.0,
                        1e-09,
                        0.0,
                        5.787334549506198e-10
                    ],
                    [
                        0.921508126185419,
                        0.0,
                        1.8491772266257622,
                        -1.6562193022499478
                    ],
                    [
                        -0.8253506066335247,
                        5.787334549506198e-10,
                        -1.6562193022499478,
                        2.4833961495242862
                    ]
                ],
                "mui": [
                    0.0,
                    1.0,
                    0.0,
                    0.5787334549506198
                ],
                "Ai": [
                    [
                        0.0,
                        0.0,
                        0.0,
                        0.0
                    ],
                    [
                        0.0,
                        0.0,
                        0.0,
                        0.0
                    ],
                    [
                        0.921508126185419,
                        0.0,
                        0.0,
                        0.0
                    ],
                    [
                        0.0,
                        0.5787334549506198,
                        -0.8956520112850896,
                        0.0
                    ]
                ]
            },
            "est_params": {
                "mui": [
                    0.0015827939491170706,
                    0.9999996080852277,
                    0.0030889318339870652,
                    0.5867640465691879
                ],
                "Si": [
                    [
                        1.0114129491381811,
                        7.334010416685949e-07,
                        0.9330629587154592,
                        -0.8308900208336608
                    ],
                    [
                        7.334010416685946e-07,
                        1.0124153332344537e-06,
                        2.1715926086210752e-07,
                        -1.0600611610424197e-06
                    ],
                    [
                        0.9330629587154589,
                        2.1715926086210752e-07,
                        1.859094570319072,
                        -1.660608633500555
                    ],
                    [
                        -0.8308900208336608,
                        -1.0600611610424197e-06,
                        -1.6606086335005545,
                        2.4937775071574406
                    ]
                ]
            },
            "est_tgt": [
                1
            ],
            "oracle_est_tgt": [
                1
            ],
            "intv_base_est_tgt": []
        },
        "3": {
            "intv_type": "do",
            "inode": 3,
            "new_mui": 1.0,
            "new_vari": null,
            "true_params": {
                "Si": [
                    [
                        1.0,
                        -0.7564116598997581,
                        0.921508126185419,
                        0.0
                    ],
                    [
                        -0.7564116598997581,
                        1.5721585992323073,
                        -0.6970394913390285,
                        0.0
                    ],
                    [
                        0.921508126185419,
                        -0.6970394913390285,
                        1.8491772266257622,
                        0.0
                    ],
                    [
                        0.0,
                        0.0,
                        0.0,
                        1e-09
                    ]
                ],
                "mui": [
                    0.0,
                    0.0,
                    0.0,
                    1.0
                ],
                "Ai": [
                    [
                        0.0,
                        0.0,
                        0.0,
                        0.0
                    ],
                    [
                        -0.7564116598997581,
                        0.0,
                        0.0,
                        0.0
                    ],
                    [
                        0.921508126185419,
                        0.0,
                        0.0,
                        0.0
                    ],
                    [
                        0.0,
                        0.0,
                        0.0,
                        0.0
                    ]
                ]
            },
            "est_params": {
                "mui": [
                    -0.0045048149421654795,
                    0.009937256842532377,
                    -0.0048919370444764215,
                    0.9999998765291691
                ],
                "Si": [
                    [
                        0.9818703526870107,
                        -0.748015098455269,
                        0.8965362452208699,
                        3.303467280963752e-07
                    ],
                    [
                        -0.748015098455269,
                        1.5648636252206094,
                        -0.6832959360187565,
                        -1.8724638262451945e-07
                    ],
                    [
                        0.8965362452208699,
                        -0.6832959360187565,
                        1.8167725040582927,
                        2.516251011730655e-07
                    ],
                    [
                        3.30346728096375e-07,
                        -1.8724638262451953e-07,
                        2.516251011730654e-07,
                        1.0082670724755933e-06
                    ]
                ]
            },
            "est_tgt": [
                3
            ],
            "oracle_est_tgt": [
                3
            ],
            "intv_base_est_tgt": [
                1,
                3
            ]
        },
        "obs": {
            "intv_type": "obs",