{
    "expt_args": {
        "save_dir": "all_expt_logs/expt_logs_11.05.24-half_intv_weight_error_all_comp_utigsp",
        "exp_name": "126",
        "num_nodes": 4,
        "obs_noise_mean": 0.0,
        "obs_noise_var": 1.0,
        "max_edge_strength": 1.0,
        "graph_sparsity_method": "adj_dense_prop",
        "adj_dense_prop": 0.8,
        "num_parents": null,
        "new_noise_mean": 1.0,
        "mix_samples": 65536,
        "stage2_samples": 65536,
        "gmm_tol": 0.001,
        "intv_type": "do",
        "new_noise_var": null,
        "intv_targets": [
            1,
            3
        ]
    },
    "intv_args_dict": {
        "1": {
            "intv_type": "do",
            "inode": 1,
            "new_mui": 1.0,
            "new_vari": null,
            "true_params": {
                "Si": [
                    [
                        1.0,
                        0.0,
                        -0.9925148371909486,
                        -1.2940642435596972
                    ],
                    [
                        0.0,
                        1e-09,
                        -6.66666216782984e-10,
                        3.820138169639774e-10
                    ],
                    [
                        -0.9925148371909486,
                        -6.66666216782984e-10,
                        1.985085702488619,
                        2.065974396993805
                    ],
                    [
                        -1.2940642435596972,
                        3.820138169639774e-10,
                        2.065974396993805,
                        3.285495254181164
                    ]
                ],
                "mui": [
                    0.0,
                    1.0,
                    -0.666666216782984,
                    0.3820138169639774
                ],
                "Ai": [
                    [
                        0.0,
                        0.0,
                        0.0,
                        0.0
                    ],
                    [
                        0.0,
                        0.0,
                        0.0,
                        0.0
                    ],
                    [
                        -0.9925148371909486,
                        -0.666666216782984,
                        0.0,
                        0.0
                    ],
                    [
                        -0.5183181848912222,
                        0.9030777554946279,
                        0.7815964352371997,
                        0.0
                    ]
                ]
            },
            "est_params": {
                "mui": [
                    -0.0010516259100147554,
                    0.9999991778484684,
                    -0.6583020177319596,
                    0.39163253833151057
                ],
                "Si": [
                    [
                        1.0017789118492015,
                        -7.107818908098329e-07,
                        -0.9876273636892303,
                        -1.2951274917325957
                    ],
                    [
                        -7.10781890809833e-07,
                        1.0080760940565736e-06,
                        8.223602720312578e-07,
                        1.1940132416333585e-06
                    ],
                    [
                        -0.9876273636892303,
                        8.223602720312576e-07,
                        1.9675523268337287,
                        2.0499837959348652
                    ],
                    [
                        -1.2951274917325957,
                        1.1940132416333583e-06,
                        2.0499837959348652,
                        3.292365094331991
                    ]
                ]
            },
            "est_tgt": [
                1
            ],
            "oracle_est_tgt": [
                1
            ],
            "intv_base_est_tgt": [
                0,
                1,
                2,
                3
            ]
        },
        "3": {
            "intv_type": "do",
            "inode": 3,
            "new_mui": 1.0,
            "new_vari": null,
            "true_params": {
                "Si": [
                    [
                        1.0,
                        0.7559168804900873,
                        -1.49645908410967,
                        0.0
                    ],
                    [
                        0.7559168804900873,
                        1.571410330209865,
                        -1.797864899424219,
                        0.0
                    ],
                    [
                        -1.49645908410967,
                        -1.797864899424219,
                        3.6838336350140892,
                        0.0
                    ],
                    [
                        0.0,
                        0.0,
                        0.0,
                        1e-09
                    ]
                ],
                "mui": [
                    0.0,
                    0.0,
                    0.0,
                    1.0
                ],
                "Ai": [
                    [
                        0.0,
                        0.0,
                        0.0,
                        0.0
                    ],
                    [
                        0.7559168804900873,
                        0.0,
                        0.0,
                        0.0
                    ],
                    [
                        -0.9925148371909486,
                        -0.666666216782984,
                        0.0,
                        0.0
                    ],
                    [
                        0.0,
                        0.0,
                        0.0,
                        0.0
                    ]
                ]
            },
            "est_params": {
                "mui": [
                    0.004023041193442341,
                    0.011426029070749041,
                    -0.014505836881372738,
                    0.9999999178784689
                ],
                "Si": [
                    [
                        1.001931841504087,
                        0.7476383859635578,
                        -1.4855853069965061,
                        8.796296317289365e-07
                    ],
                    [
                        0.7476383859635578,
                        1.5482643180304614,
                        -1.7659700377572634,
                        1.0985502987862925e-06
                    ],
                    [
                        -1.4855853069965061,
                        -1.7659700377572634,
                        3.6260094908128857,
                        -7.52103978950977e-07
                    ],
                    [
                        8.796296317289367e-07,
                        1.0985502987862927e-06,
                        -7.52103978950977e-07,
                        1.0087380489486203e-06
                    ]
                ]
            },
            "est_tgt": [
                3
            ],
            "oracle_est_tgt": [
                3
            ],
            "intv_base_est_tgt": [
                0,
                1,
                2,
                3
            ]
        },
        "obs": {
            "intv_type": "obs",