{
    "expt_args": {
        "save_dir": "all_expt_logs/expt_logs_11.05.24-main_plus_oracle_donoisepert-corr",
        "exp_name": "77",
        "num_nodes": 4,
        "obs_noise_mean": 0.0,
        "obs_noise_var": 1.0,
        "max_edge_strength": 1.0,
        "graph_sparsity_method": "adj_dense_prop",
        "adj_dense_prop": 0.8,
        "num_parents": null,
        "new_noise_mean": 1.0,
        "mix_samples": 32768,
        "stage2_samples": 32768,
        "gmm_tol": 0.001,
        "intv_type": "do",
        "new_noise_var": null,
        "intv_targets": [
            0,
            1,
            2,
            3
        ]
    },
    "intv_args_dict": {
        "0": {
            "intv_type": "do",
            "inode": 0,
            "new_mui": 1.0,
            "new_vari": null,
            "true_params": {
                "Si": [
                    [
                        1e-09,
                        8.432812748480372e-10,
                        9.58128768456535e-10,
                        -1.5397728148745795e-09
                    ],
                    [
                        8.432812748480372e-10,
                        1.0000000007111234,
                        8.079720493326066e-10,
                        -0.8264246400286916
                    ],
                    [
                        9.58128768456535e-10,
                        8.079720493326066e-10,
                        1.0000000009180108,
                        -0.8796984508999083
                    ],
                    [
                        -1.5397728148745795e-09,
                        -0.8264246400286916,
                        -0.8796984508999083,
                        2.45684704779135
                    ]
                ],
                "mui": [
                    1.0,
                    0.8432812748480372,
                    0.9581287684565348,
                    -1.5397728148745795
                ],
                "Ai": [
                    [
                        0.0,
                        0.0,
                        0.0,
                        0.0
                    ],
                    [
                        0.8432812748480372,
                        0.0,
                        0.0,
                        0.0
                    ],
                    [
                        0.9581287684565348,
                        -0.0,
                        0.0,
                        0.0
                    ],
                    [
                        0.0,
                        -0.8264246387302301,
                        -0.8796984494246076,
                        0.0
                    ]
                ]
            },
            "est_params": {
                "mui": [
                    1.0000007576653431,
                    0.8400880832549441,
                    0.9572555765093453,
                    -1.5387776210007733
                ],
                "Si": [
                    [
                        1.0067461579966131e-06,
                        -2.3243106636810768e-07,
                        4.950116978299632e-07,
                        2.2266504387737842e-07
                    ],
                    [
                        -2.3243106636810773e-07,
                        1.025188889210452,
                        0.013315533686429104,
                        -0.8502719627017179
                    ],
                    [
                        4.950116978299634e-07,
                        0.013315533686429099,
                        1.0015566299092493,
                        -0.892493776822026
                    ],
                    [
                        2.2266504387737842e-07,
                        -0.8502719627017179,
                        -0.892493776822026,
                        2.5055816422375137
                    ]
                ]
            },
            "est_tgt": [
                0
            ],
            "oracle_est_tgt": [
                0
            ]
        },
        "1": {
            "intv_type": "do",
            "inode": 1,
            "new_mui": 1.0,
            "new_vari": null,
            "true_params": {
                "Si": [
                    [
                        1.0,
                        0.0,
                        0.9581287684565348,
                        -0.8428643919603226
                    ],
                    [
                        0.0,
                        1e-09,
                        0.0,
                        -8.264246387302301e-10
                    ],
                    [
                        0.9581287684565348,
                        0.0,
                        1.9180107369440362,
                        -1.6872710712694174
                    ],
                    [
                        -0.8428643919603226,
                        -8.264246387302301e-10,
                        -1.6872710712694174,
                        2.484289745837681
                    ]
                ],
                "mui": [
                    0.0,
                    1.0,
                    0.0,
                    -0.8264246387302301
                ],
                "Ai": [
                    [
                        0.0,
                        0.0,
                        0.0,
                        0.0
                    ],
                    [
                        0.0,
                        0.0,
                        0.0,
                        0.0
                    ],
                    [
                        0.9581287684565348,
                        -0.0,
                        0.0,
                        0.0
                    ],
                    [
                        0.0,
                        -0.8264246387302301,
                        -0.8796984494246076,
                        0.0
                    ]
                ]
            },
            "est_params": {
                "mui": [
                    -0.005712748097820447,
                    0.9999985482154319,
                    0.004470985079926214,
                    -0.8461361403893805
                ],
                "Si": [
                    [
                        0.9919266482116219,
                        -1.0653534905168574e-06,
                        0.9300753259433393,
                        -0.8336675603950051
                    ],
                    [
                        -1.0653534905168579e-06,
                        1.0146477435100397e-06,
                        -1.7221348694450853e-06,
                        1.7674248898492187e-06
                    ],
                    [
                        0.9300753259433393,
                        -1.7221348694450853e-06,
                        1.8415374567120808,
                        -1.6303104422352808
                    ],
                    [
                        -0.8336675603950051,
                        1.7674248898492191e-06,
                        -1.6303104422352808,
                        2.4329997777235666
                    ]
                ]
            },
            "est_tgt": [
                1
            ],
            "oracle_est_tgt": [
                1
            ]
        },
        "2": {
            "intv_type": "do",
            "inode": 2,
            "new_mui": 1.0,
            "new_vari": null,