{
    "expt_args": {
        "save_dir": "all_expt_logs/expt_logs_11.05.24-main_plus_oracle_donoisepert-corr",
        "exp_name": "72",
        "num_nodes": 4,
        "obs_noise_mean": 0.0,
        "obs_noise_var": 1.0,
        "max_edge_strength": 1.0,
        "graph_sparsity_method": "adj_dense_prop",
        "adj_dense_prop": 0.8,
        "num_parents": null,
        "new_noise_mean": 1.0,
        "mix_samples": 1024,
        "stage2_samples": 1024,
        "gmm_tol": 0.001,
        "intv_type": "do",
        "new_noise_var": null,
        "intv_targets": [
            0,
            1,
            2,
            3
        ]
    },
    "intv_args_dict": {
        "0": {
            "intv_type": "do",
            "inode": 0,
            "new_mui": 1.0,
            "new_vari": null,
            "true_params": {
                "Si": [
                    [
                        1e-09,
                        -5.254966969123243e-10,
                        4.3520566179715984e-10,
                        3.9615082531479666e-11
                    ],
                    [
                        -5.254966969123243e-10,
                        1.0000000002761469,
                        -0.828179633619946,
                        -0.07538597820916224
                    ],
                    [
                        4.3520566179715984e-10,
                        -0.828179633619946,
                        1.685881505353464,
                        -0.5336621649554033
                    ],
                    [
                        3.9615082531479666e-11,
                        -0.07538597820916224,
                        -0.5336621649554033,
                        1.3610126485182512
                    ]
                ],
                "mui": [
                    1.0,
                    -0.5254966969123243,
                    0.4352056617971598,
                    0.03961508253147966
                ],
                "Ai": [
                    [
                        0.0,
                        0.0,
                        0.0,
                        0.0
                    ],
                    [
                        -0.5254966969123243,
                        0.0,
                        0.0,
                        0.0
                    ],
                    [
                        -0.0,
                        -0.8281796333912468,
                        0.0,
                        0.0
                    ],
                    [
                        -0.0,
                        -0.5690599625182549,
                        -0.5960952967515079,
                        0.0
                    ]
                ]
            },
            "est_params": {
                "mui": [
                    1.0000041047959334,
                    -0.3847856549789357,
                    0.39538404037923747,
                    0.11658928295443532
                ],
                "Si": [
                    [
                        1.002954482618549e-06,
                        2.2289614985692676e-06,
                        1.954463640810236e-06,
                        5.222274713987927e-07
                    ],
                    [
                        2.2289614985692676e-06,
                        1.1666507149306298,
                        -1.0751244947147987,
                        0.06756403257684243
                    ],
                    [
                        1.9544636408102356e-06,
                        -1.0751244947147987,
                        2.0041054900813604,
                        -0.7011483823036354
                    ],
                    [
                        5.222274713987928e-07,
                        0.06756403257684243,
                        -0.7011483823036354,
                        1.3880216109691734
                    ]
                ]
            },
            "est_tgt": [
                0
            ],
            "oracle_est_tgt": [
                0
            ]
        },
        "1": {
            "intv_type": "do",
            "inode": 1,
            "new_mui": 1.0,
            "new_vari": null,
            "true_params": {
                "Si": [
                    [
                        1.0,
                        0.0,
                        0.0,
                        0.0
                    ],
                    [
                        0.0,
                        1e-09,
                        -8.281796333912469e-10,
                        -7.538597818834465e-11
                    ],
                    [
                        0.0,
                        -8.281796333912469e-10,
                        1.0000000006858816,
                        -0.5960952966890747
                    ],
                    [
                        0.0,
                        -7.538597818834465e-11,
                        -0.5960952966890747,
                        1.3553296028149513
                    ]
                ],
                "mui": [
                    0.0,
                    1.0,
                    -0.8281796333912468,
                    -0.07538597818834464
                ],
                "Ai": [
                    [
                        0.0,
                        0.0,
                        0.0,
                        0.0
                    ],
                    [
                        0.0,
                        0.0,
                        0.0,
                        0.0
                    ],
                    [
                        -0.0,
                        -0.8281796333912468,
                        0.0,
                        0.0
                    ],
                    [
                        -0.0,
                        -0.5690599625182549,
                        -0.5960952967515079,
                        0.0
                    ]
                ]
            },
            "est_params": {
                "mui": [
                    -0.01818464331472928,
                    0.9999920980919028,
                    -0.8728994935303891,
                    -0.09366897186682915
                ],
                "Si": [
                    [
                        0.9604587230966618,
                        -5.341725720279727e-06,
                        0.1267942353099632,
                        -0.17491571624740826
                    ],
                    [
                        -5.341725720279727e-06,
                        1.004381044973123e-06,
                        -3.4651869043784054e-06,
                        2.518734226576994e-06
                    ],
                    [
                        0.1267942353099632,
                        -3.4651869043784063e-06,
                        0.9807901260873084,
                        -0.6671773027481678
                    ],
                    [
                        -0.17491571624740826,
                        2.5187342265769946e-06,
                        -0.6671773027481678,
                        1.4288544334603628
                    ]
                ]
            },
            "est_tgt": [
                1
            ],
            "oracle_est_tgt": [
                1
            ]
        },
        "2": {
            "intv_type": "do",
            "inode": 2,
            "new_mui": 1.0,
            "new_vari": null,