{
    "expt_args": {
        "save_dir": "all_expt_logs/expt_logs_11.05.24-main_plus_oracle_donoisepert-corr",
        "exp_name": "223",
        "num_nodes": 4,
        "obs_noise_mean": 0.0,
        "obs_noise_var": 1.0,
        "max_edge_strength": 1.0,
        "graph_sparsity_method": "adj_dense_prop",
        "adj_dense_prop": 0.8,
        "num_parents": null,
        "new_noise_mean": 1.0,
        "mix_samples": 131072,
        "stage2_samples": 131072,
        "gmm_tol": 0.001,
        "intv_type": "do",
        "new_noise_var": null,
        "intv_targets": [
            0,
            1,
            2,
            3
        ]
    },
    "intv_args_dict": {
        "0": {
            "intv_type": "do",
            "inode": 0,
            "new_mui": 1.0,
            "new_vari": null,
            "true_params": {
                "Si": [
                    [
                        1e-09,
                        0.0,
                        5.003868540783414e-10,
                        2.8946584481730174e-10
                    ],
                    [
                        0.0,
                        1.0,
                        -0.8297111614474736,
                        0.3359644673368263
                    ],
                    [
                        5.003868540783414e-10,
                        -0.8297111614474736,
                        1.6884206116809026,
                        0.29973064350454914
                    ],
                    [
                        2.8946584481730174e-10,
                        0.3359644673368263,
                        0.29973064350454914,
                        1.4475159909541038
                    ]
                ],
                "mui": [
                    1.0,
                    0.0,
                    0.5003868540783414,
                    0.2894658448173017
                ],
                "Ai": [
                    [
                        0.0,
                        0.0,
                        0.0,
                        0.0
                    ],
                    [
                        -0.0,
                        0.0,
                        0.0,
                        0.0
                    ],
                    [
                        0.5003868540783414,
                        -0.8297111614474736,
                        0.0,
                        0.0
                    ],
                    [
                        0.0,
                        0.8159391915831504,
                        0.5784841117588242,
                        0.0
                    ]
                ]
            },
            "est_params": {
                "mui": [
                    1.0000007868584038,
                    -0.009143116323120199,
                    0.5080781716934354,
                    0.29306078617648984
                ],
                "Si": [
                    [
                        1.0112048417372355e-06,
                        -4.0144764888264335e-07,
                        7.693946161038904e-07,
                        1.4503454751292636e-07
                    ],
                    [
                        -4.0144764888264335e-07,
                        0.9966221694510428,
                        -0.8237950993494443,
                        0.34150598818683864
                    ],
                    [
                        7.693946161038904e-07,
                        -0.8237950993494443,
                        1.6750854972209412,
                        0.29137764811604805
                    ],
                    [
                        1.4503454751292617e-07,
                        0.34150598818683864,
                        0.29137764811604805,
                        1.4465537249395906
                    ]
                ]
            },
            "est_tgt": [
                0
            ],
            "oracle_est_tgt": [
                0
            ]
        },
        "1": {
            "intv_type": "do",
            "inode": 1,
            "new_mui": 1.0,
            "new_vari": null,
            "true_params": {
                "Si": [
                    [
                        1.0,
                        0.0,
                        0.5003868540783414,
                        0.2894658448173017
                    ],
                    [
                        0.0,
                        1e-09,
                        -8.297111614474737e-10,
                        3.359644673368263e-10
                    ],
                    [
                        0.5003868540783414,
                        -8.297111614474737e-10,
                        1.2503870044228398,
                        0.7233290149313296
                    ],
                    [
                        0.2894658448173017,
                        3.359644673368263e-10,
                        0.7233290149313296,
                        1.4184343429860622
                    ]
                ],
                "mui": [
                    0.0,
                    1.0,
                    -0.8297111614474736,
                    0.3359644673368263
                ],
                "Ai": [
                    [
                        0.0,
                        0.0,
                        0.0,
                        0.0
                    ],
                    [
                        0.0,
                        0.0,
                        0.0,
                        0.0
                    ],
                    [
                        0.5003868540783414,
                        -0.8297111614474736,
                        0.0,
                        0.0
                    ],
                    [
                        0.0,
                        0.8159391915831504,
                        0.5784841117588242,
                        0.0
                    ]
                ]
            },
            "est_params": {
                "mui": [
                    -0.004516196954908638,
                    1.0000001441764517,
                    -0.8336353983212719,
                    0.3377971797831431
                ],
                "Si": [
                    [
                        1.0010239628400073,
                        2.3091653981849032e-07,
                        0.499172343978266,
                        0.2772088940080324
                    ],
                    [
                        2.309165398184903e-07,
                        1.0126044864498681e-06,
                        -6.240823993167091e-07,
                        -5.753020759717037e-07
                    ],
                    [
                        0.49917234397826593,
                        -6.240823993167094e-07,
                        1.2501627519480198,
                        0.720782001917157
                    ],
                    [
                        0.2772088940080324,
                        -5.753020759717037e-07,
                        0.720782001917157,
                        1.429982472984615
                    ]
                ]
            },
            "est_tgt": [
                1
            ],
            "oracle_est_tgt": [
                1
            ]
        },
        "2": {
            "intv_type": "do",
            "inode": 2,
            "new_mui": 1.0,
            "new_vari": null,