{
    "expt_args": {
        "save_dir": "all_expt_logs/expt_logs_11.05.24-half_intv_weight_error_all_comp_utigsp_large_sample",
        "exp_name": "106",
        "num_nodes": 4,
        "obs_noise_mean": 0.0,
        "obs_noise_var": 1.0,
        "max_edge_strength": 1.0,
        "graph_sparsity_method": "adj_dense_prop",
        "adj_dense_prop": 0.8,
        "num_parents": null,
        "new_noise_mean": 1.0,
        "mix_samples": 131072,
        "stage2_samples": 131072,
        "gmm_tol": 0.001,
        "intv_type": "do",
        "new_noise_var": null,
        "intv_targets": [
            1,
            2
        ]
    },
    "intv_args_dict": {
        "1": {
            "intv_type": "do",
            "inode": 1,
            "new_mui": 1.0,
            "new_vari": null,
            "true_params": {
                "Si": [
                    [
                        1.0,
                        0.0,
                        -0.539390286955256,
                        -1.2140378156301401
                    ],
                    [
                        0.0,
                        1e-09,
                        -9.186064735677749e-10,
                        -5.111221230131729e-10
                    ],
                    [
                        -0.539390286955256,
                        -9.186064735677749e-10,
                        1.2909418825055112,
                        1.2112505274156264
                    ],
                    [
                        -1.2140378156301401,
                        -5.111221230131729e-10,
                        1.2112505274156264,
                        2.7834802635778364
                    ]
                ],
                "mui": [
                    0.0,
                    1.0,
                    -0.9186064735677749,
                    -0.5111221230131728
                ],
                "Ai": [
                    [
                        0.0,
                        0.0,
                        0.0,
                        0.0
                    ],
                    [
                        0.0,
                        0.0,
                        0.0,
                        0.0
                    ],
                    [
                        -0.539390286955256,
                        -0.9186064735677749,
                        0.0,
                        0.0
                    ],
                    [
                        -0.9139154928138356,
                        0.0,
                        0.5564103211988329,
                        0.0
                    ]
                ]
            },
            "est_params": {
                "mui": [
                    -0.0006536747355407176,
                    0.9999995614555022,
                    -0.913523927651634,
                    -0.5045326066916151
                ],
                "Si": [
                    [
                        0.9891533160987085,
                        8.192101881381864e-07,
                        -0.5323518195496393,
                        -1.2035931516080751
                    ],
                    [
                        8.192101881381866e-07,
                        1.0106475363263194e-06,
                        1.3677848816618787e-07,
                        -4.4642660584923976e-07
                    ],
                    [
                        -0.5323518195496393,
                        1.3677848816618806e-07,
                        1.284474654879992,
                        1.1946032445890256
                    ],
                    [
                        -1.2035931516080751,
                        -4.464266058492401e-07,
                        1.1946032445890256,
                        2.759591406165636
                    ]
                ]
            },
            "est_tgt": [
                1
            ],
            "oracle_est_tgt": [
                1
            ],
            "intv_base_est_tgt": []
        },
        "2": {
            "intv_type": "do",
            "inode": 2,
            "new_mui": 1.0,
            "new_vari": null,
            "true_params": {
                "Si": [
                    [
                        1.0,
                        -0.6933211996644276,
                        0.0,
                        -0.9139154928138356
                    ],
                    [
                        -0.6933211996644276,
                        1.480694285904121,
                        0.0,
                        0.633636985869595
                    ],
                    [
                        0.0,
                        0.0,
                        1e-09,
                        5.56410321198833e-10
                    ],
                    [
                        -0.9139154928138356,
                        0.633636985869595,
                        5.56410321198833e-10,
                        1.8352415283147483
                    ]
                ],
                "mui": [
                    0.0,
                    0.0,
                    1.0,
                    0.5564103211988329
                ],
                "Ai": [
                    [
                        0.0,
                        0.0,
                        0.0,
                        0.0
                    ],
                    [
                        -0.6933211996644276,
                        0.0,
                        0.0,
                        0.0
                    ],
                    [
                        0.0,
                        0.0,
                        0.0,
                        0.0
                    ],
                    [
                        -0.9139154928138356,
                        0.0,
                        0.5564103211988329,
                        0.0
                    ]
                ]
            },
            "est_params": {
                "mui": [
                    0.003976002279596115,
                    -0.0032462781601459104,
                    1.0000000117709462,
                    0.5612319020922263
                ],
                "Si": [
                    [
                        1.009525544949475,
                        -0.6992507900768251,
                        -8.512760849967073e-08,
                        -0.9210409402050528
                    ],
                    [
                        -0.6992507900768251,
                        1.4788391826308873,
                        3.867357458388741e-07,
                        0.6330609530261702
                    ],
                    [
                        -8.512760849967093e-08,
                        3.867357458388743e-07,
                        1.0108669159928324e-06,
                        5.829925373088962e-07
                    ],
                    [
                        -0.9210409402050528,
                        0.6330609530261702,
                        5.829925373088961e-07,
                        1.8361297388217828
                    ]
                ]
            },
            "est_tgt": [
                2
            ],
            "oracle_est_tgt": [
                2
            ],
            "intv_base_est_tgt": [
                1,
                2,
                3
            ]
        },
        "obs": {
            "intv_type": "obs",