{
    "expt_args": {
        "save_dir": "all_expt_logs/expt_logs_11.05.24-half_intv_weight_error_all_comp_utigsp_large_sample",
        "exp_name": "73",
        "num_nodes": 4,
        "obs_noise_mean": 0.0,
        "obs_noise_var": 1.0,
        "max_edge_strength": 1.0,
        "graph_sparsity_method": "adj_dense_prop",
        "adj_dense_prop": 0.8,
        "num_parents": null,
        "new_noise_mean": 1.0,
        "mix_samples": 131072,
        "stage2_samples": 131072,
        "gmm_tol": 0.001,
        "intv_type": "do",
        "new_noise_var": null,
        "intv_targets": [
            1,
            2
        ]
    },
    "intv_args_dict": {
        "1": {
            "intv_type": "do",
            "inode": 1,
            "new_mui": 1.0,
            "new_vari": null,
            "true_params": {
                "Si": [
                    [
                        1.0,
                        0.0,
                        -0.9563124080065291,
                        1.442202411938994
                    ],
                    [
                        0.0,
                        1e-09,
                        -5.315786203456854e-10,
                        -5.91124018844432e-10
                    ],
                    [
                        -0.9563124080065291,
                        -5.315786203456854e-10,
                        1.9145334219898218,
                        -1.9180439875582105
                    ],
                    [
                        1.442202411938994,
                        -5.91124018844432e-10,
                        -1.9180439875582105,
                        3.3703048852219735
                    ]
                ],
                "mui": [
                    0.0,
                    1.0,
                    -0.5315786203456854,
                    -0.591124018844432
                ],
                "Ai": [
                    [
                        0.0,
                        0.0,
                        0.0,
                        0.0
                    ],
                    [
                        0.0,
                        0.0,
                        0.0,
                        0.0
                    ],
                    [
                        -0.9563124080065291,
                        -0.5315786203456854,
                        0.0,
                        0.0
                    ],
                    [
                        0.9268954538192671,
                        -0.8775640561778659,
                        -0.5388479264782358,
                        0.0
                    ]
                ]
            },
            "est_params": {
                "mui": [
                    0.008701873643718444,
                    1.0000005969364054,
                    -0.5340039641531203,
                    -0.5795407769964893
                ],
                "Si": [
                    [
                        0.9957622951460754,
                        -3.0362974331511266e-07,
                        -0.9494642522545413,
                        1.435995175225137
                    ],
                    [
                        -3.0362974331511224e-07,
                        1.0101567871309366e-06,
                        5.5165583227229156e-08,
                        9.46921787253049e-07
                    ],
                    [
                        -0.9494642522545413,
                        5.5165583227229156e-08,
                        1.9017381149350272,
                        -1.9089372830363038
                    ],
                    [
                        1.435995175225137,
                        9.469217872530492e-07,
                        -1.9089372830363038,
                        3.3540118872385096
                    ]
                ]
            },
            "est_tgt": [
                1
            ],
            "oracle_est_tgt": [
                1
            ],
            "intv_base_est_tgt": [
                1,
                2,
                3
            ]
        },
        "2": {
            "intv_type": "do",
            "inode": 2,
            "new_mui": 1.0,
            "new_vari": null,
            "true_params": {
                "Si": [
                    [
                        1.0,
                        0.0,
                        0.0,
                        0.9268954538192671
                    ],
                    [
                        0.0,
                        1.0,
                        0.0,
                        -0.8775640561778659
                    ],
                    [
                        0.0,
                        0.0,
                        1e-09,
                        -5.388479264782358e-10
                    ],
                    [
                        0.9268954538192671,
                        -0.8775640561778659,
                        -5.388479264782358e-10,
                        2.6292538552965308
                    ]
                ],
                "mui": [
                    0.0,
                    0.0,
                    1.0,
                    -0.5388479264782358
                ],
                "Ai": [
                    [
                        0.0,
                        0.0,
                        0.0,
                        0.0
                    ],
                    [
                        -0.0,
                        0.0,
                        0.0,
                        0.0
                    ],
                    [
                        0.0,
                        0.0,
                        0.0,
                        0.0
                    ],
                    [
                        0.9268954538192671,
                        -0.8775640561778659,
                        -0.5388479264782358,
                        0.0
                    ]
                ]
            },
            "est_params": {
                "mui": [
                    -0.007786419884569582,
                    0.005998355800414457,
                    0.9999995244111234,
                    -0.5512570273872779
                ],
                "Si": [
                    [
                        1.0032768790518958,
                        0.001005469024750576,
                        1.0670619665513966e-07,
                        0.9261268459507596
                    ],
                    [
                        0.0010054690247505759,
                        1.0005531680312691,
                        -7.278785562202727e-07,
                        -0.8787489674139739
                    ],
                    [
                        1.067061966551396e-07,
                        -7.278785562202725e-07,
                        1.0110179399891842e-06,
                        7.547867457129116e-07
                    ],
                    [
                        0.9261268459507596,
                        -0.8787489674139739,
                        7.547867457129117e-07,
                        2.623789651300084
                    ]
                ]
            },
            "est_tgt": [
                2
            ],
            "oracle_est_tgt": [
                2
            ],
            "intv_base_est_tgt": []
        },
        "obs": {
            "intv_type": "obs",