{
    "expt_args": {
        "save_dir": "all_expt_logs/expt_logs_11.05.24-half_intv_weight_error_all_comp_utigsp_large_sample",
        "exp_name": "8",
        "num_nodes": 4,
        "obs_noise_mean": 0.0,
        "obs_noise_var": 1.0,
        "max_edge_strength": 1.0,
        "graph_sparsity_method": "adj_dense_prop",
        "adj_dense_prop": 0.8,
        "num_parents": null,
        "new_noise_mean": 1.0,
        "mix_samples": 262144,
        "stage2_samples": 262144,
        "gmm_tol": 0.001,
        "intv_type": "do",
        "new_noise_var": null,
        "intv_targets": [
            1,
            3
        ]
    },
    "intv_args_dict": {
        "1": {
            "intv_type": "do",
            "inode": 1,
            "new_mui": 1.0,
            "new_vari": null,
            "true_params": {
                "Si": [
                    [
                        1.0,
                        0.0,
                        -0.539390286955256,
                        -1.2140378156301401
                    ],
                    [
                        0.0,
                        1e-09,
                        -9.186064735677749e-10,
                        -5.111221230131729e-10
                    ],
                    [
                        -0.539390286955256,
                        -9.186064735677749e-10,
                        1.2909418825055112,
                        1.2112505274156264
                    ],
                    [
                        -1.2140378156301401,
                        -5.111221230131729e-10,
                        1.2112505274156264,
                        2.7834802635778364
                    ]
                ],
                "mui": [
                    0.0,
                    1.0,
                    -0.9186064735677749,
                    -0.5111221230131728
                ],
                "Ai": [
                    [
                        0.0,
                        0.0,
                        0.0,
                        0.0
                    ],
                    [
                        0.0,
                        0.0,
                        0.0,
                        0.0
                    ],
                    [
                        -0.539390286955256,
                        -0.9186064735677749,
                        0.0,
                        0.0
                    ],
                    [
                        -0.9139154928138356,
                        0.0,
                        0.5564103211988329,
                        0.0
                    ]
                ]
            },
            "est_params": {
                "mui": [
                    0.0016340890944244821,
                    0.9999999412473247,
                    -0.918684905017329,
                    -0.5068626820881698
                ],
                "Si": [
                    [
                        0.999259145310992,
                        2.5910668246366706e-08,
                        -0.538818374738474,
                        -1.214037845957306
                    ],
                    [
                        2.5910668246366825e-08,
                        1.0086924105183043e-06,
                        1.3006120732477212e-07,
                        -1.5984488298908377e-07
                    ],
                    [
                        -0.5388183747384739,
                        1.3006120732477215e-07,
                        1.2868810652719542,
                        1.2090214949733082
                    ],
                    [
                        -1.214037845957306,
                        -1.5984488298908364e-07,
                        1.2090214949733082,
                        2.7785519896481414
                    ]
                ]
            },
            "est_tgt": [
                1
            ],
            "oracle_est_tgt": [
                1
            ],
            "intv_base_est_tgt": [
                0,
                1,
                2,
                3
            ]
        },
        "3": {
            "intv_type": "do",
            "inode": 3,
            "new_mui": 1.0,
            "new_vari": null,
            "true_params": {
                "Si": [
                    [
                        1.0,
                        -0.6933211996644276,
                        0.09749905531826297,
                        0.0
                    ],
                    [
                        -0.6933211996644276,
                        1.480694285904121,
                        -0.9862046355671814,
                        0.0
                    ],
                    [
                        0.09749905531826297,
                        -0.9862046355671814,
                        1.853343919068577,
                        0.0
                    ],
                    [
                        0.0,
                        0.0,
                        0.0,
                        1e-09
                    ]
                ],
                "mui": [
                    0.0,
                    0.0,
                    0.0,
                    1.0
                ],
                "Ai": [
                    [
                        0.0,
                        0.0,
                        0.0,
                        0.0
                    ],
                    [
                        -0.6933211996644276,
                        0.0,
                        0.0,
                        0.0
                    ],
                    [
                        -0.539390286955256,
                        -0.9186064735677749,
                        0.0,
                        0.0
                    ],
                    [
                        0.0,
                        0.0,
                        0.0,
                        0.0
                    ]
                ]
            },
            "est_params": {
                "mui": [
                    0.002033755140118165,
                    0.0015514433392216922,
                    -0.0035556382416931424,
                    0.9999995032026765
                ],
                "Si": [
                    [
                        0.9998154022893053,
                        -0.6937772016566405,
                        0.0940884260484511,
                        2.573587901005377e-07
                    ],
                    [
                        -0.6937772016566405,
                        1.4710911500289845,
                        -0.9776661096636569,
                        -5.330518559182389e-07
                    ],
                    [
                        0.09408842604845111,
                        -0.9776661096636565,
                        1.8445369997255103,
                        -6.058534031183769e-07
                    ],
                    [
                        2.573587901005377e-07,
                        -5.33051855918239e-07,
                        -6.058534031183772e-07,
                        1.010345588916807e-06
                    ]
                ]
            },
            "est_tgt": [
                3
            ],
            "oracle_est_tgt": [
                3
            ],
            "intv_base_est_tgt": [
                0,
                1,
                2,
                3
            ]
        },
        "obs": {
            "intv_type": "obs",