{
    "expt_args": {
        "save_dir": "all_expt_logs/expt_logs_11.05.24-half_intv_weight_error_all_comp_utigsp_large_sample",
        "exp_name": "265",
        "num_nodes": 4,
        "obs_noise_mean": 0.0,
        "obs_noise_var": 1.0,
        "max_edge_strength": 1.0,
        "graph_sparsity_method": "adj_dense_prop",
        "adj_dense_prop": 0.8,
        "num_parents": null,
        "new_noise_mean": 1.0,
        "mix_samples": 2048,
        "stage2_samples": 2048,
        "gmm_tol": 0.001,
        "intv_type": "do",
        "new_noise_var": null,
        "intv_targets": [
            3,
            1
        ]
    },
    "intv_args_dict": {
        "3": {
            "intv_type": "do",
            "inode": 3,
            "new_mui": 1.0,
            "new_vari": null,
            "true_params": {
                "Si": [
                    [
                        1.0,
                        0.8948491825819074,
                        -0.1259647804943279,
                        0.0
                    ],
                    [
                        0.8948491825819074,
                        1.800755059567508,
                        0.701472686273148,
                        0.0
                    ],
                    [
                        -0.1259647804943279,
                        0.701472686273148,
                        1.6787760109450747,
                        0.0
                    ],
                    [
                        0.0,
                        0.0,
                        0.0,
                        1e-09
                    ]
                ],
                "mui": [
                    0.0,
                    0.0,
                    0.0,
                    1.0
                ],
                "Ai": [
                    [
                        0.0,
                        0.0,
                        0.0,
                        0.0
                    ],
                    [
                        0.8948491825819074,
                        0.0,
                        0.0,
                        0.0
                    ],
                    [
                        -0.8545439757175327,
                        0.8141921671326067,
                        0.0,
                        0.0
                    ],
                    [
                        0.0,
                        0.0,
                        0.0,
                        0.0
                    ]
                ]
            },
            "est_params": {
                "mui": [
                    0.03598065474536121,
                    0.009762989172805105,
                    -0.07506992125772537,
                    0.9999997617019891
                ],
                "Si": [
                    [
                        0.9407506094608411,
                        0.8796447907054367,
                        -0.03755990508707553,
                        -5.698013612244274e-06
                    ],
                    [
                        0.8796447907054367,
                        1.8149337546710258,
                        0.755417879643586,
                        -6.216015097295901e-06
                    ],
                    [
                        -0.03755990508707556,
                        0.7554178796435862,
                        1.609437885641928,
                        -2.1318548007668465e-07
                    ],
                    [
                        -5.6980136122442734e-06,
                        -6.216015097295901e-06,
                        -2.1318548007668497e-07,
                        1.0291492444648597e-06
                    ]
                ]
            },
            "est_tgt": [
                2,
                3
            ],
            "oracle_est_tgt": [
                2,
                3
            ],
            "intv_base_est_tgt": [
                0,
                1,
                2,
                3
            ]
        },
        "1": {
            "intv_type": "do",
            "inode": 1,
            "new_mui": 1.0,
            "new_vari": null,
            "true_params": {
                "Si": [
                    [
                        1.0,
                        0.0,
                        -0.8545439757175327,
                        -1.546934063573512
                    ],
                    [
                        0.0,
                        1e-09,
                        8.141921671326067e-10,
                        -1.130836937743992e-10
                    ],
                    [
                        -0.8545439757175327,
                        8.141921671326067e-10,
                        1.730245407098036,
                        2.2864350091715426
                    ],
                    [
                        -1.546934063573512,
                        -1.130836937743992e-10,
                        2.2864350091715426,
                        4.323288056473189
                    ]
                ],
                "mui": [
                    0.0,
                    1.0,
                    0.8141921671326067,
                    -0.1130836937743992
                ],
                "Ai": [
                    [
                        0.0,
                        0.0,
                        0.0,
                        0.0
                    ],
                    [
                        0.0,
                        0.0,
                        0.0,
                        0.0
                    ],
                    [
                        -0.8545439757175327,
                        0.8141921671326067,
                        0.0,
                        0.0
                    ],
                    [
                        -0.7227162945202111,
                        -0.8983816663114268,
                        0.9645118244046271,
                        0.0
                    ]
                ]
            },
            "est_params": {
                "mui": [
                    -0.04337680303659847,
                    0.9999998410815839,
                    0.8623416038944793,
                    -0.040107910159570444
                ],
                "Si": [
                    [
                        1.040563761356339,
                        3.159252362275789e-06,
                        -0.8735471421048036,
                        -1.534059159197786
                    ],
                    [
                        3.159252362275789e-06,
                        1.0082920621115908e-06,
                        4.443327736619561e-06,
                        1.9306837131673272e-06
                    ],
                    [
                        -0.8735471421048037,
                        4.4433277366195615e-06,
                        1.7642302907315885,
                        2.2644254190832864
                    ],
                    [
                        -1.5340591591977861,
                        1.9306837131673276e-06,
                        2.2644254190832864,
                        4.140821845395543
                    ]
                ]
            },
            "est_tgt": [
                0,
                1
            ],
            "oracle_est_tgt": [
                1
            ],
            "intv_base_est_tgt": [
                0,
                1,
                2,
                3
            ]
        },
        "obs": {
            "intv_type": "obs",