{
    "expt_args": {
        "save_dir": "all_expt_logs/expt_logs_11.05.24-half_intv_weight_error_all_comp_utigsp_large_sample",
        "exp_name": "273",
        "num_nodes": 4,
        "obs_noise_mean": 0.0,
        "obs_noise_var": 1.0,
        "max_edge_strength": 1.0,
        "graph_sparsity_method": "adj_dense_prop",
        "adj_dense_prop": 0.8,
        "num_parents": null,
        "new_noise_mean": 1.0,
        "mix_samples": 524288,
        "stage2_samples": 524288,
        "gmm_tol": 0.001,
        "intv_type": "do",
        "new_noise_var": null,
        "intv_targets": [
            0,
            3
        ]
    },
    "intv_args_dict": {
        "0": {
            "intv_type": "do",
            "inode": 0,
            "new_mui": 1.0,
            "new_vari": null,
            "true_params": {
                "Si": [
                    [
                        1e-09,
                        0.0,
                        -8.892515039802105e-10,
                        -1.1622268272324546e-09
                    ],
                    [
                        0.0,
                        1.0,
                        0.8343645563944309,
                        -0.08279645115029155
                    ],
                    [
                        -8.892515039802105e-10,
                        0.8343645563944309,
                        1.6961642137580437,
                        0.6174544922614159
                    ],
                    [
                        -1.1622268272324546e-09,
                        -0.08279645115029155,
                        0.6174544922614159,
                        1.4781881899672358
                    ]
                ],
                "mui": [
                    1.0,
                    0.0,
                    -0.8892515039802105,
                    -1.1622268272324545
                ],
                "Ai": [
                    [
                        0.0,
                        0.0,
                        0.0,
                        0.0
                    ],
                    [
                        0.0,
                        0.0,
                        0.0,
                        0.0
                    ],
                    [
                        -0.8892515039802105,
                        0.8343645563944309,
                        0.0,
                        0.0
                    ],
                    [
                        -0.5517228426190915,
                        -0.6556185200689368,
                        0.6865369154629501,
                        0.0
                    ]
                ]
            },
            "est_params": {
                "mui": [
                    0.9999998032501839,
                    0.003085759957558071,
                    -0.8866869690940193,
                    -1.163360264261636
                ],
                "Si": [
                    [
                        1.0116857821957507e-06,
                        -8.391213482039874e-08,
                        1.9788865538274372e-07,
                        3.5416833686056336e-08
                    ],
                    [
                        -8.391213482039871e-08,
                        0.998463853059943,
                        0.8350939960900073,
                        -0.08100688404044427
                    ],
                    [
                        1.978886553827438e-07,
                        0.8350939960900073,
                        1.6985529655745373,
                        0.6194871801722381
                    ],
                    [
                        3.5416833686056296e-08,
                        -0.08100688404044427,
                        0.6194871801722381,
                        1.4745403077496682
                    ]
                ]
            },
            "est_tgt": [
                0
            ],
            "oracle_est_tgt": [
                0
            ],
            "intv_base_est_tgt": []
        },
        "3": {
            "intv_type": "do",
            "inode": 3,
            "new_mui": 1.0,
            "new_vari": null,
            "true_params": {
                "Si": [
                    [
                        1.0,
                        0.0,
                        -0.8892515039802105,
                        0.0
                    ],
                    [
                        0.0,
                        1.0,
                        0.8343645563944309,
                        0.0
                    ],
                    [
                        -0.8892515039802105,
                        0.8343645563944309,
                        2.4869324502983416,
                        0.0
                    ],
                    [
                        0.0,
                        0.0,
                        0.0,
                        1e-09
                    ]
                ],
                "mui": [
                    0.0,
                    0.0,
                    0.0,
                    1.0
                ],
                "Ai": [
                    [
                        0.0,
                        0.0,
                        0.0,
                        0.0
                    ],
                    [
                        0.0,
                        0.0,
                        0.0,
                        0.0
                    ],
                    [
                        -0.8892515039802105,
                        0.8343645563944309,
                        0.0,
                        0.0
                    ],
                    [
                        0.0,
                        0.0,
                        0.0,
                        0.0
                    ]
                ]
            },
            "est_params": {
                "mui": [
                    -0.0008366341968311834,
                    -0.0012968769581325132,
                    -0.0016580827911967231,
                    1.0000000165190124
                ],
                "Si": [
                    [
                        1.0039856619259926,
                        0.002165177410242033,
                        -0.8878918558233961,
                        -9.394006478548074e-08
                    ],
                    [
                        0.002165177410242033,
                        1.0031769686767504,
                        0.8371764115063656,
                        1.4822573462153926e-07
                    ],
                    [
                        -0.8878918558233961,
                        0.8371764115063656,
                        2.487504440630305,
                        1.9154196919795123e-07
                    ],
                    [
                        -9.39400647854808e-08,
                        1.4822573462153934e-07,
                        1.915419691979513e-07,
                        1.0091264556957306e-06
                    ]
                ]
            },
            "est_tgt": [
                3
            ],
            "oracle_est_tgt": [
                3
            ],
            "intv_base_est_tgt": [
                0,
                2,
                3
            ]
        },
        "obs": {
            "intv_type": "obs",