{
    "expt_args": {
        "save_dir": "all_expt_logs/expt_logs_11.05.24-half_intv_weight_error_all_comp_utigsp_large_sample",
        "exp_name": "67",
        "num_nodes": 4,
        "obs_noise_mean": 0.0,
        "obs_noise_var": 1.0,
        "max_edge_strength": 1.0,
        "graph_sparsity_method": "adj_dense_prop",
        "adj_dense_prop": 0.8,
        "num_parents": null,
        "new_noise_mean": 1.0,
        "mix_samples": 2048,
        "stage2_samples": 2048,
        "gmm_tol": 0.001,
        "intv_type": "do",
        "new_noise_var": null,
        "intv_targets": [
            3,
            0
        ]
    },
    "intv_args_dict": {
        "3": {
            "intv_type": "do",
            "inode": 3,
            "new_mui": 1.0,
            "new_vari": null,
            "true_params": {
                "Si": [
                    [
                        1.0,
                        0.0,
                        -0.5219496954129085,
                        0.0
                    ],
                    [
                        0.0,
                        1.0,
                        0.8544400319827077,
                        0.0
                    ],
                    [
                        -0.5219496954129085,
                        0.8544400319827077,
                        2.0024992527962384,
                        0.0
                    ],
                    [
                        0.0,
                        0.0,
                        0.0,
                        1e-09
                    ]
                ],
                "mui": [
                    0.0,
                    0.0,
                    0.0,
                    1.0
                ],
                "Ai": [
                    [
                        0.0,
                        0.0,
                        0.0,
                        0.0
                    ],
                    [
                        -0.0,
                        0.0,
                        0.0,
                        0.0
                    ],
                    [
                        -0.5219496954129085,
                        0.8544400319827077,
                        0.0,
                        0.0
                    ],
                    [
                        0.0,
                        0.0,
                        0.0,
                        0.0
                    ]
                ]
            },
            "est_params": {
                "mui": [
                    0.022251125460696044,
                    -0.05273119988907505,
                    -0.05898855409501419,
                    0.9999966295068637
                ],
                "Si": [
                    [
                        0.9622284382716088,
                        0.01888075373616845,
                        -0.4080121900150379,
                        -2.206054125886777e-06
                    ],
                    [
                        0.018880753736168463,
                        0.9634242237627526,
                        0.7775298432255902,
                        9.920799925530442e-07
                    ],
                    [
                        -0.40801219001503797,
                        0.7775298432255902,
                        1.8717837028022801,
                        1.0193598050102547e-06
                    ],
                    [
                        -2.206054125886777e-06,
                        9.92079992553044e-07,
                        1.0193598050102545e-06,
                        1.006454511180388e-06
                    ]
                ]
            },
            "est_tgt": [
                2,
                3
            ],
            "oracle_est_tgt": [
                2,
                3
            ],
            "intv_base_est_tgt": [
                0,
                2,
                3
            ]
        },
        "0": {
            "intv_type": "do",
            "inode": 0,
            "new_mui": 1.0,
            "new_vari": null,
            "true_params": {
                "Si": [
                    [
                        1e-09,
                        0.0,
                        -5.219496954129085e-10,
                        1.0073094510316087e-09
                    ],
                    [
                        0.0,
                        1.0,
                        0.8544400319827077,
                        -0.5821239564668207
                    ],
                    [
                        -5.219496954129085e-10,
                        0.8544400319827077,
                        1.730067768527042,
                        -1.1786829466830426
                    ],
                    [
                        1.0073094510316087e-09,
                        -0.5821239564668207,
                        -1.1786829466830426,
                        1.8030283638652196
                    ]
                ],
                "mui": [
                    1.0,
                    0.0,
                    -0.5219496954129085,
                    1.0073094510316087
                ],
                "Ai": [
                    [
                        0.0,
                        0.0,
                        0.0,
                        0.0
                    ],
                    [
                        -0.0,
                        0.0,
                        0.0,
                        0.0
                    ],
                    [
                        -0.5219496954129085,
                        0.8544400319827077,
                        0.0,
                        0.0
                    ],
                    [
                        0.6517088115515483,
                        -0.0,
                        -0.6812929341758671,
                        0.0
                    ]
                ]
            },
            "est_params": {
                "mui": [
                    1.0000002839229722,
                    0.04030666502153177,
                    -0.41186636248233655,
                    0.9414251253808872
                ],
                "Si": [
                    [
                        1.00985702276668e-06,
                        1.4541671550695625e-06,
                        3.2938322624980927e-06,
                        -3.459977767309681e-06
                    ],
                    [
                        1.4541671550695621e-06,
                        0.9495406426964093,
                        0.8762117493531889,
                        -0.6013265093369277
                    ],
                    [
                        3.2938322624980923e-06,
                        0.8762117493531889,
                        1.782348197668673,
                        -1.2392782778206004
                    ],
                    [
                        -3.459977767309681e-06,
                        -0.6013265093369277,
                        -1.2392782778206004,
                        1.8612832075918577
                    ]
                ]
            },
            "est_tgt": [
                0
            ],
            "oracle_est_tgt": [
                0
            ],
            "intv_base_est_tgt": [
                0,
                1,
                2,
                3
            ]
        },
        "obs": {
            "intv_type": "obs",