{
    "expt_args": {
        "save_dir": "all_expt_logs/expt_logs_11.05.24-half_intv_weight_error_all_comp_utigsp_large_sample",
        "exp_name": "269",
        "num_nodes": 4,
        "obs_noise_mean": 0.0,
        "obs_noise_var": 1.0,
        "max_edge_strength": 1.0,
        "graph_sparsity_method": "adj_dense_prop",
        "adj_dense_prop": 0.8,
        "num_parents": null,
        "new_noise_mean": 1.0,
        "mix_samples": 32768,
        "stage2_samples": 32768,
        "gmm_tol": 0.001,
        "intv_type": "do",
        "new_noise_var": null,
        "intv_targets": [
            2,
            0
        ]
    },
    "intv_args_dict": {
        "2": {
            "intv_type": "do",
            "inode": 2,
            "new_mui": 1.0,
            "new_vari": null,
            "true_params": {
                "Si": [
                    [
                        1.0,
                        0.0,
                        0.0,
                        0.0
                    ],
                    [
                        0.0,
                        1.0,
                        0.0,
                        0.731783921605689
                    ],
                    [
                        0.0,
                        0.0,
                        1e-09,
                        -9.092944437916248e-10
                    ],
                    [
                        0.0,
                        0.731783921605689,
                        -9.092944437916248e-10,
                        1.5355077087474176
                    ]
                ],
                "mui": [
                    0.0,
                    0.0,
                    1.0,
                    -0.9092944437916247
                ],
                "Ai": [
                    [
                        0.0,
                        0.0,
                        0.0,
                        0.0
                    ],
                    [
                        -0.0,
                        0.0,
                        0.0,
                        0.0
                    ],
                    [
                        0.0,
                        0.0,
                        0.0,
                        0.0
                    ],
                    [
                        0.0,
                        0.731783921605689,
                        -0.9092944437916247,
                        0.0
                    ]
                ]
            },
            "est_params": {
                "mui": [
                    -0.005031840030479846,
                    -0.0012927835579110082,
                    1.0000006787195346,
                    -0.9019696138267564
                ],
                "Si": [
                    [
                        0.9960440543747725,
                        0.022871795606685973,
                        -5.358693995864926e-07,
                        0.024808154408058055
                    ],
                    [
                        0.022871795606685973,
                        1.0272563542464133,
                        1.270692790687098e-07,
                        0.7565976070252621
                    ],
                    [
                        -5.358693995864926e-07,
                        1.2706927906870977e-07,
                        1.0108489610505867e-06,
                        -4.225464863389155e-07
                    ],
                    [
                        0.024808154408058065,
                        0.7565976070252621,
                        -4.225464863389158e-07,
                        1.5476148562311418
                    ]
                ]
            },
            "est_tgt": [
                2
            ],
            "oracle_est_tgt": [
                2
            ],
            "intv_base_est_tgt": [
                0,
                1,
                2,
                3
            ]
        },
        "0": {
            "intv_type": "do",
            "inode": 0,
            "new_mui": 1.0,
            "new_vari": null,
            "true_params": {
                "Si": [
                    [
                        1e-09,
                        0.0,
                        -7.219030136615963e-10,
                        6.564223992789189e-10
                    ],
                    [
                        0.0,
                        1.0,
                        0.0,
                        0.731783921605689
                    ],
                    [
                        -7.219030136615963e-10,
                        0.0,
                        1.000000000521144,
                        -0.909294444265498
                    ],
                    [
                        6.564223992789189e-10,
                        0.731783921605689,
                        -0.909294444265498,
                        2.3623240938618117
                    ]
                ],
                "mui": [
                    1.0,
                    0.0,
                    -0.7219030136615963,
                    0.6564223992789189
                ],
                "Ai": [
                    [
                        0.0,
                        0.0,
                        0.0,
                        0.0
                    ],
                    [
                        -0.0,
                        0.0,
                        0.0,
                        0.0
                    ],
                    [
                        -0.7219030136615963,
                        0.0,
                        0.0,
                        0.0
                    ],
                    [
                        0.0,
                        0.731783921605689,
                        -0.9092944437916247,
                        0.0
                    ]
                ]
            },
            "est_params": {
                "mui": [
                    0.9999996545660649,
                    -0.004365675500487639,
                    -0.73119313924878,
                    0.6577363162134167
                ],
                "Si": [
                    [
                        1.0094628518376822e-06,
                        -1.055767869749517e-06,
                        -1.3707355435248307e-07,
                        -1.340814389900571e-06
                    ],
                    [
                        -1.055767869749517e-06,
                        1.0183124289779595,
                        0.0004985020158384426,
                        0.744078472004138
                    ],
                    [
                        -1.370735543524829e-07,
                        0.000498502015838443,
                        1.0192620437106974,
                        -0.9270167918505327
                    ],
                    [
                        -1.340814389900571e-06,
                        0.7440784720041379,
                        -0.9270167918505327,
                        2.377970427336806
                    ]
                ]
            },
            "est_tgt": [
                0
            ],
            "oracle_est_tgt": [
                0
            ],
            "intv_base_est_tgt": [
                0,
                1,
                2,
                3
            ]
        },
        "obs": {
            "intv_type": "obs",