{
    "expt_args": {
        "save_dir": "all_expt_logs/expt_logs_11.05.24-half_intv_weight_error_all_comp_utigsp_large_sample",
        "exp_name": "208",
        "num_nodes": 4,
        "obs_noise_mean": 0.0,
        "obs_noise_var": 1.0,
        "max_edge_strength": 1.0,
        "graph_sparsity_method": "adj_dense_prop",
        "adj_dense_prop": 0.8,
        "num_parents": null,
        "new_noise_mean": 1.0,
        "mix_samples": 1048576,
        "stage2_samples": 1048576,
        "gmm_tol": 0.001,
        "intv_type": "do",
        "new_noise_var": null,
        "intv_targets": [
            2,
            1
        ]
    },
    "intv_args_dict": {
        "2": {
            "intv_type": "do",
            "inode": 2,
            "new_mui": 1.0,
            "new_vari": null,
            "true_params": {
                "Si": [
                    [
                        1.0,
                        0.0,
                        0.0,
                        0.7813724490474627
                    ],
                    [
                        0.0,
                        1.0,
                        0.0,
                        -0.9967546158735983
                    ],
                    [
                        0.0,
                        0.0,
                        1e-09,
                        -9.872194424011316e-10
                    ],
                    [
                        0.7813724490474627,
                        -0.9967546158735983,
                        -9.872194424011316e-10,
                        2.6040626693703564
                    ]
                ],
                "mui": [
                    0.0,
                    0.0,
                    1.0,
                    -0.9872194424011316
                ],
                "Ai": [
                    [
                        0.0,
                        0.0,
                        0.0,
                        0.0
                    ],
                    [
                        0.0,
                        0.0,
                        0.0,
                        0.0
                    ],
                    [
                        0.0,
                        0.0,
                        0.0,
                        0.0
                    ],
                    [
                        0.7813724490474627,
                        -0.9967546158735983,
                        -0.9872194424011316,
                        0.0
                    ]
                ]
            },
            "est_params": {
                "mui": [
                    0.0023980433223045813,
                    1.9937514681193842e-05,
                    1.0000000742658899,
                    -0.9859091441067722
                ],
                "Si": [
                    [
                        0.998231549375487,
                        -0.0020707994449227175,
                        -3.5027436382498984e-07,
                        0.7825262342379345
                    ],
                    [
                        -0.0020707994449227184,
                        0.9951905308804825,
                        -7.107850487977635e-08,
                        -0.9930181143757326
                    ],
                    [
                        -3.5027436382498984e-07,
                        -7.107850487977635e-08,
                        1.0098963738910195e-06,
                        -3.7437337605611466e-07
                    ],
                    [
                        0.7825262342379345,
                        -0.9930181143757326,
                        -3.743733760561149e-07,
                        2.6023004756705306
                    ]
                ]
            },
            "est_tgt": [
                2
            ],
            "oracle_est_tgt": [
                2
            ],
            "intv_base_est_tgt": [
                1,
                2,
                3
            ]
        },
        "1": {
            "intv_type": "do",
            "inode": 1,
            "new_mui": 1.0,
            "new_vari": null,
            "true_params": {
                "Si": [
                    [
                        1.0,
                        0.0,
                        -0.7399440535324404,
                        1.5118596049837916
                    ],
                    [
                        0.0,
                        1e-09,
                        0.0,
                        -9.967546158735983e-10
                    ],
                    [
                        -0.7399440535324404,
                        0.0,
                        1.547517202358019,
                        -2.1059109668847924
                    ],
                    [
                        1.5118596049837916,
                        -9.967546158735983e-10,
                        -2.1059109668847924,
                        4.260321693630067
                    ]
                ],
                "mui": [
                    0.0,
                    1.0,
                    0.0,
                    -0.9967546158735983
                ],
                "Ai": [
                    [
                        0.0,
                        0.0,
                        0.0,
                        0.0
                    ],
                    [
                        0.0,
                        0.0,
                        0.0,
                        0.0
                    ],
                    [
                        -0.7399440535324404,
                        -0.0,
                        0.0,
                        0.0
                    ],
                    [
                        0.7813724490474627,
                        -0.9967546158735983,
                        -0.9872194424011316,
                        0.0
                    ]
                ]
            },
            "est_params": {
                "mui": [
                    -0.0005465614127297656,
                    1.0000002348860964,
                    0.0022563554831632514,
                    -1.0001166883227006
                ],
                "Si": [
                    [
                        1.0010832405336743,
                        7.519122589265818e-08,
                        -0.741335504123921,
                        1.5120213850571307
                    ],
                    [
                        7.519122589265818e-08,
                        1.0102592658614207e-06,
                        2.935724728760578e-07,
                        -3.770502816999315e-07
                    ],
                    [
                        -0.741335504123921,
                        2.9357247287605793e-07,
                        1.5545863085906642,
                        -2.114810009409351
                    ],
                    [
                        1.5120213850571302,
                        -3.7705028169993156e-07,
                        -2.1148100094093514,
                        4.271015364706212
                    ]
                ]
            },
            "est_tgt": [
                1
            ],
            "oracle_est_tgt": [
                1
            ],
            "intv_base_est_tgt": []
        },
        "obs": {
            "intv_type": "obs",