{
    "expt_args": {
        "save_dir": "all_expt_logs/expt_logs_11.05.24-half_intv_weight_error_all_comp_utigsp_large_sample",
        "exp_name": "204",
        "num_nodes": 4,
        "obs_noise_mean": 0.0,
        "obs_noise_var": 1.0,
        "max_edge_strength": 1.0,
        "graph_sparsity_method": "adj_dense_prop",
        "adj_dense_prop": 0.8,
        "num_parents": null,
        "new_noise_mean": 1.0,
        "mix_samples": 65536,
        "stage2_samples": 65536,
        "gmm_tol": 0.001,
        "intv_type": "do",
        "new_noise_var": null,
        "intv_targets": [
            3,
            0
        ]
    },
    "intv_args_dict": {
        "3": {
            "intv_type": "do",
            "inode": 3,
            "new_mui": 1.0,
            "new_vari": null,
            "true_params": {
                "Si": [
                    [
                        1.0,
                        0.8190242252981218,
                        0.04948136873017572,
                        0.0
                    ],
                    [
                        0.8190242252981218,
                        1.6708006816251886,
                        -0.8680246430857681,
                        0.0
                    ],
                    [
                        0.04948136873017572,
                        -0.8680246430857681,
                        1.827913475866109,
                        0.0
                    ],
                    [
                        0.0,
                        0.0,
                        0.0,
                        1e-09
                    ]
                ],
                "mui": [
                    0.0,
                    0.0,
                    0.0,
                    1.0
                ],
                "Ai": [
                    [
                        0.0,
                        0.0,
                        0.0,
                        0.0
                    ],
                    [
                        0.8190242252981218,
                        0.0,
                        0.0,
                        0.0
                    ],
                    [
                        0.7936067154451247,
                        -0.9085510827766909,
                        0.0,
                        0.0
                    ],
                    [
                        0.0,
                        0.0,
                        0.0,
                        0.0
                    ]
                ]
            },
            "est_params": {
                "mui": [
                    0.0041240830524367075,
                    0.0010357106489790513,
                    0.0010694065631983985,
                    0.9999984743430648
                ],
                "Si": [
                    [
                        1.0032369174173499,
                        0.8255764522243159,
                        0.04322185719058421,
                        4.3096020530067006e-07
                    ],
                    [
                        0.8255764522243159,
                        1.665061210106749,
                        -0.8687633779235497,
                        -2.504848781707597e-07
                    ],
                    [
                        0.043221857190584204,
                        -0.8687633779235497,
                        1.8321173991594701,
                        7.973610592725455e-07
                    ],
                    [
                        4.3096020530067006e-07,
                        -2.504848781707594e-07,
                        7.973610592725458e-07,
                        1.0076280158333068e-06
                    ]
                ]
            },
            "est_tgt": [
                3
            ],
            "oracle_est_tgt": [
                1,
                3
            ],
            "intv_base_est_tgt": [
                0,
                1,
                2,
                3
            ]
        },
        "0": {
            "intv_type": "do",
            "inode": 0,
            "new_mui": 1.0,
            "new_vari": null,
            "true_params": {
                "Si": [
                    [
                        1e-09,
                        8.190242252981218e-10,
                        4.948136873017573e-11,
                        -9.184355486036295e-11
                    ],
                    [
                        8.190242252981218e-10,
                        1.0000000006708007,
                        -0.9085510827361645,
                        -0.19797464443804696
                    ],
                    [
                        4.948136873017573e-11,
                        -0.9085510827361645,
                        1.825465070017146,
                        -0.6785683506939374
                    ],
                    [
                        -9.184355486036295e-11,
                        -0.19797464443804696,
                        -0.6785683506939374,
                        1.7761104948081639
                    ]
                ],
                "mui": [
                    1.0,
                    0.8190242252981218,
                    0.04948136873017572,
                    -0.09184355486036294
                ],
                "Ai": [
                    [
                        0.0,
                        0.0,
                        0.0,
                        0.0
                    ],
                    [
                        0.8190242252981218,
                        0.0,
                        0.0,
                        0.0
                    ],
                    [
                        0.7936067154451247,
                        -0.9085510827766909,
                        0.0,
                        0.0
                    ],
                    [
                        0.751564976273382,
                        -0.9779098077897601,
                        -0.8584384281875677,
                        0.0
                    ]
                ]
            },
            "est_params": {
                "mui": [
                    1.0000003070824008,
                    0.8203238122265671,
                    0.05743989956202881,
                    -0.10197051212371382
                ],
                "Si": [
                    [
                        1.0113806559570348e-06,
                        -1.3627826614715274e-06,
                        1.675988797439827e-06,
                        9.419125905831422e-07
                    ],
                    [
                        -1.3627826614715274e-06,
                        0.9982551352843078,
                        -0.9019686439459441,
                        -0.1949954246376926
                    ],
                    [
                        1.6759887974398268e-06,
                        -0.9019686439459441,
                        1.8037038290599612,
                        -0.6808708024534216
                    ],
                    [
                        9.41912590583142e-07,
                        -0.1949954246376926,
                        -0.6808708024534216,
                        1.779784890564542
                    ]
                ]
            },
            "est_tgt": [
                0
            ],
            "oracle_est_tgt": [
                0
            ],
            "intv_base_est_tgt": [
                0,
                1,
                2,
                3
            ]
        },
        "obs": {
            "intv_type": "obs",