{
    "expt_args": {
        "save_dir": "all_expt_logs/expt_logs_11.05.24-half_intv_weight_error_all_comp_utigsp_large_sample",
        "exp_name": "107",
        "num_nodes": 4,
        "obs_noise_mean": 0.0,
        "obs_noise_var": 1.0,
        "max_edge_strength": 1.0,
        "graph_sparsity_method": "adj_dense_prop",
        "adj_dense_prop": 0.8,
        "num_parents": null,
        "new_noise_mean": 1.0,
        "mix_samples": 262144,
        "stage2_samples": 262144,
        "gmm_tol": 0.001,
        "intv_type": "do",
        "new_noise_var": null,
        "intv_targets": [
            2,
            3
        ]
    },
    "intv_args_dict": {
        "2": {
            "intv_type": "do",
            "inode": 2,
            "new_mui": 1.0,
            "new_vari": null,
            "true_params": {
                "Si": [
                    [
                        1.0,
                        0.0,
                        0.0,
                        0.8999762069419064
                    ],
                    [
                        0.0,
                        1.0,
                        0.0,
                        0.0
                    ],
                    [
                        0.0,
                        0.0,
                        1e-09,
                        -8.493379237634243e-10
                    ],
                    [
                        0.8999762069419064,
                        0.0,
                        -8.493379237634243e-10,
                        1.809957173782916
                    ]
                ],
                "mui": [
                    0.0,
                    0.0,
                    1.0,
                    -0.8493379237634242
                ],
                "Ai": [
                    [
                        0.0,
                        0.0,
                        0.0,
                        0.0
                    ],
                    [
                        0.0,
                        0.0,
                        0.0,
                        0.0
                    ],
                    [
                        0.0,
                        0.0,
                        0.0,
                        0.0
                    ],
                    [
                        0.8999762069419064,
                        0.0,
                        -0.8493379237634242,
                        0.0
                    ]
                ]
            },
            "est_params": {
                "mui": [
                    0.0007161744344461526,
                    -0.004563515111182457,
                    1.0000001881514469,
                    -0.848272703757234
                ],
                "Si": [
                    [
                        0.9966688230050222,
                        0.007316421222773777,
                        -7.026443306791785e-08,
                        0.8967701058405263
                    ],
                    [
                        0.007316421222773777,
                        1.00399220393673,
                        -1.799186172951756e-07,
                        0.010183333369716451
                    ],
                    [
                        -7.026443306791768e-08,
                        -1.799186172951756e-07,
                        1.010737695621022e-06,
                        1.5862593834392544e-07
                    ],
                    [
                        0.8967701058405264,
                        0.010183333369716453,
                        1.5862593834392555e-07,
                        1.8083608259629333
                    ]
                ]
            },
            "est_tgt": [
                2
            ],
            "oracle_est_tgt": [
                2
            ],
            "intv_base_est_tgt": [
                0,
                1,
                2,
                3
            ]
        },
        "3": {
            "intv_type": "do",
            "inode": 3,
            "new_mui": 1.0,
            "new_vari": null,
            "true_params": {
                "Si": [
                    [
                        1.0,
                        0.0,
                        0.5967204145899538,
                        0.0
                    ],
                    [
                        0.0,
                        1.0,
                        -0.9558732612738676,
                        0.0
                    ],
                    [
                        0.5967204145899538,
                        -0.9558732612738676,
                        2.2697689448067457,
                        0.0
                    ],
                    [
                        0.0,
                        0.0,
                        0.0,
                        1e-09
                    ]
                ],
                "mui": [
                    0.0,
                    0.0,
                    0.0,
                    1.0
                ],
                "Ai": [
                    [
                        0.0,
                        0.0,
                        0.0,
                        0.0
                    ],
                    [
                        0.0,
                        0.0,
                        0.0,
                        0.0
                    ],
                    [
                        0.5967204145899538,
                        -0.9558732612738676,
                        0.0,
                        0.0
                    ],
                    [
                        0.0,
                        0.0,
                        0.0,
                        0.0
                    ]
                ]
            },
            "est_params": {
                "mui": [
                    -0.004174462933462517,
                    0.006534076207283415,
                    -0.012821516362277902,
                    0.99999986849289
                ],
                "Si": [
                    [
                        1.0000094693080395,
                        -0.004569905660457441,
                        0.5985136571187486,
                        2.2340338090464064e-08
                    ],
                    [
                        -0.004569905660457438,
                        1.0050705813549667,
                        -0.9628782734972876,
                        -1.0127323281901862e-07
                    ],
                    [
                        0.5985136571187486,
                        -0.9628782734972876,
                        2.270758667902283,
                        2.354482075056234e-07
                    ],
                    [
                        2.2340338090464094e-08,
                        -1.0127323281901878e-07,
                        2.3544820750562355e-07,
                        1.0092744261116305e-06
                    ]
                ]
            },
            "est_tgt": [
                3
            ],
            "oracle_est_tgt": [
                3
            ],
            "intv_base_est_tgt": [
                0,
                1,
                2,
                3
            ]
        },
        "obs": {
            "intv_type": "obs",