{
    "expt_args": {
        "save_dir": "all_expt_logs/expt_logs_11.05.24-half_intv_weight_error_all_comp_utigsp_large_sample",
        "exp_name": "235",
        "num_nodes": 4,
        "obs_noise_mean": 0.0,
        "obs_noise_var": 1.0,
        "max_edge_strength": 1.0,
        "graph_sparsity_method": "adj_dense_prop",
        "adj_dense_prop": 0.8,
        "num_parents": null,
        "new_noise_mean": 1.0,
        "mix_samples": 16384,
        "stage2_samples": 16384,
        "gmm_tol": 0.001,
        "intv_type": "do",
        "new_noise_var": null,
        "intv_targets": [
            2,
            0
        ]
    },
    "intv_args_dict": {
        "2": {
            "intv_type": "do",
            "inode": 2,
            "new_mui": 1.0,
            "new_vari": null,
            "true_params": {
                "Si": [
                    [
                        1.0,
                        -0.7228468732806486,
                        0.0,
                        1.5952424770142077
                    ],
                    [
                        -0.7228468732806486,
                        1.52250760221161,
                        0.0,
                        -2.0192208659138515
                    ],
                    [
                        0.0,
                        0.0,
                        1e-09,
                        -8.453804888893854e-10
                    ],
                    [
                        1.5952424770142077,
                        -2.0192208659138515,
                        -8.453804888893854e-10,
                        4.294936136486633
                    ]
                ],
                "mui": [
                    0.0,
                    0.0,
                    1.0,
                    -0.8453804888893853
                ],
                "Ai": [
                    [
                        0.0,
                        0.0,
                        0.0,
                        0.0
                    ],
                    [
                        -0.7228468732806486,
                        0.0,
                        0.0,
                        0.0
                    ],
                    [
                        0.0,
                        0.0,
                        0.0,
                        0.0
                    ],
                    [
                        0.9691813092361395,
                        -0.8661048292796545,
                        -0.8453804888893853,
                        0.0
                    ]
                ]
            },
            "est_params": {
                "mui": [
                    0.009263441835416634,
                    -0.00482840127004127,
                    0.9999986552313007,
                    -0.8469097473482596
                ],
                "Si": [
                    [
                        1.0025689960523716,
                        -0.7175076789612402,
                        -6.995294078391449e-07,
                        1.5684201897182064
                    ],
                    [
                        -0.71750767896124,
                        1.5292529648182869,
                        4.5214669155659165e-07,
                        -2.0107420713818325
                    ],
                    [
                        -6.995294078391448e-07,
                        4.5214669155659196e-07,
                        1.0036980346355315e-06,
                        -1.1048859784815973e-06
                    ],
                    [
                        1.5684201897182064,
                        -2.0107420713818325,
                        -1.1048859784815977e-06,
                        4.245976148614851
                    ]
                ]
            },
            "est_tgt": [
                2
            ],
            "oracle_est_tgt": [
                2
            ],
            "intv_base_est_tgt": []
        },
        "0": {
            "intv_type": "do",
            "inode": 0,
            "new_mui": 1.0,
            "new_vari": null,
            "true_params": {
                "Si": [
                    [
                        1e-09,
                        -7.228468732806486e-10,
                        4.978406539722692e-10,
                        1.1743777015701196e-09
                    ],
                    [
                        -7.228468732806486e-10,
                        1.0000000005225076,
                        -0.6887221521384458,
                        -0.2838725607490216
                    ],
                    [
                        4.978406539722692e-10,
                        -0.6887221521384458,
                        1.4743382025983671,
                        -0.6498711680194226
                    ],
                    [
                        1.1743777015701196e-09,
                        -0.2838725607490216,
                        -0.6498711680194226,
                        1.79525180263827
                    ]
                ],
                "mui": [
                    1.0,
                    -0.7228468732806486,
                    0.4978406539722691,
                    1.1743777015701196
                ],
                "Ai": [
                    [
                        0.0,
                        0.0,
                        0.0,
                        0.0
                    ],
                    [
                        -0.7228468732806486,
                        0.0,
                        0.0,
                        0.0
                    ],
                    [
                        0.0,
                        -0.6887221517785832,
                        0.0,
                        0.0
                    ],
                    [
                        0.9691813092361395,
                        -0.8661048292796545,
                        -0.8453804888893853,
                        0.0
                    ]
                ]
            },
            "est_params": {
                "mui": [
                    0.9999966549800354,
                    -0.7293510278529644,
                    0.4992979107156819,
                    1.1812300261740136
                ],
                "Si": [
                    [
                        1.0106731009194487e-06,
                        -6.875573271234794e-07,
                        -4.420047476357234e-07,
                        8.027613530485681e-07
                    ],
                    [
                        -6.875573271234793e-07,
                        0.9841180971384724,
                        -0.679200915211499,
                        -0.281069265889979
                    ],
                    [
                        -4.420047476357234e-07,
                        -0.679200915211499,
                        1.449871306615794,
                        -0.6287847002338932
                    ],
                    [
                        8.027613530485683e-07,
                        -0.28106926588997905,
                        -0.6287847002338932,
                        1.7665743736608024
                    ]
                ]
            },
            "est_tgt": [
                0
            ],
            "oracle_est_tgt": [
                0
            ],
            "intv_base_est_tgt": [
                0,
                1,
                2,
                3
            ]
        },
        "obs": {
            "intv_type": "obs",