{
    "expt_args": {
        "save_dir": "all_expt_logs/expt_logs_11.05.24-half_intv_weight_error_all_comp_utigsp_large_sample",
        "exp_name": "100",
        "num_nodes": 4,
        "obs_noise_mean": 0.0,
        "obs_noise_var": 1.0,
        "max_edge_strength": 1.0,
        "graph_sparsity_method": "adj_dense_prop",
        "adj_dense_prop": 0.8,
        "num_parents": null,
        "new_noise_mean": 1.0,
        "mix_samples": 2048,
        "stage2_samples": 2048,
        "gmm_tol": 0.001,
        "intv_type": "do",
        "new_noise_var": null,
        "intv_targets": [
            2,
            0
        ]
    },
    "intv_args_dict": {
        "2": {
            "intv_type": "do",
            "inode": 2,
            "new_mui": 1.0,
            "new_vari": null,
            "true_params": {
                "Si": [
                    [
                        1.0,
                        -0.6933211996644276,
                        0.0,
                        -0.9139154928138356
                    ],
                    [
                        -0.6933211996644276,
                        1.480694285904121,
                        0.0,
                        0.633636985869595
                    ],
                    [
                        0.0,
                        0.0,
                        1e-09,
                        5.56410321198833e-10
                    ],
                    [
                        -0.9139154928138356,
                        0.633636985869595,
                        5.56410321198833e-10,
                        1.8352415283147483
                    ]
                ],
                "mui": [
                    0.0,
                    0.0,
                    1.0,
                    0.5564103211988329
                ],
                "Ai": [
                    [
                        0.0,
                        0.0,
                        0.0,
                        0.0
                    ],
                    [
                        -0.6933211996644276,
                        0.0,
                        0.0,
                        0.0
                    ],
                    [
                        0.0,
                        0.0,
                        0.0,
                        0.0
                    ],
                    [
                        -0.9139154928138356,
                        0.0,
                        0.5564103211988329,
                        0.0
                    ]
                ]
            },
            "est_params": {
                "mui": [
                    0.032860573076406364,
                    -0.0288103364289669,
                    1.0000042739038595,
                    0.5082184093185957
                ],
                "Si": [
                    [
                        1.0084443255667879,
                        -0.7341682688190256,
                        7.906742337597292e-06,
                        -0.8920907786934501
                    ],
                    [
                        -0.7341682688190256,
                        1.4833774287029933,
                        -6.203089231407837e-06,
                        0.6858548434948553
                    ],
                    [
                        7.906742337597292e-06,
                        -6.203089231407837e-06,
                        1.0183410740682761e-06,
                        -2.927535146312182e-06
                    ],
                    [
                        -0.8920907786934501,
                        0.6858548434948553,
                        -2.9275351463121818e-06,
                        1.6936210509967478
                    ]
                ]
            },
            "est_tgt": [
                1,
                2
            ],
            "oracle_est_tgt": [
                1,
                2
            ],
            "intv_base_est_tgt": [
                0,
                1,
                2,
                3
            ]
        },
        "0": {
            "intv_type": "do",
            "inode": 0,
            "new_mui": 1.0,
            "new_vari": null,
            "true_params": {
                "Si": [
                    [
                        1e-09,
                        -6.933211996644276e-10,
                        9.749905531826298e-11,
                        -8.596660121276181e-10
                    ],
                    [
                        -6.933211996644276e-10,
                        1.0000000004806944,
                        -0.9186064736353731,
                        -0.5111221224171482
                    ],
                    [
                        9.749905531826298e-11,
                        -0.9186064736353731,
                        1.8438378532901292,
                        1.0259304120986215
                    ],
                    [
                        -8.596660121276181e-10,
                        -0.5111221224171482,
                        1.0259304120986215,
                        1.570838270909107
                    ]
                ],
                "mui": [
                    1.0,
                    -0.6933211996644276,
                    0.09749905531826297,
                    -0.8596660121276181
                ],
                "Ai": [
                    [
                        0.0,
                        0.0,
                        0.0,
                        0.0
                    ],
                    [
                        -0.6933211996644276,
                        0.0,
                        0.0,
                        0.0
                    ],
                    [
                        -0.539390286955256,
                        -0.9186064735677749,
                        0.0,
                        0.0
                    ],
                    [
                        -0.9139154928138356,
                        0.0,
                        0.5564103211988329,
                        0.0
                    ]
                ]
            },
            "est_params": {
                "mui": [
                    1.000000031394933,
                    -0.6693067614830494,
                    0.08678022971312944,
                    -0.844716658399895
                ],
                "Si": [
                    [
                        1.002590835003789e-06,
                        -3.945922594605668e-08,
                        -1.3769165159424542e-06,
                        -1.8592744158032904e-06
                    ],
                    [
                        -3.945922594605668e-08,
                        0.9477319885861171,
                        -0.7592843910245896,
                        -0.38962345872455034
                    ],
                    [
                        -1.3769165159424544e-06,
                        -0.7592843910245896,
                        1.588742514607551,
                        0.8543823362527967
                    ],
                    [
                        -1.8592744158032902e-06,
                        -0.38962345872455034,
                        0.8543823362527965,
                        1.3808226029816404
                    ]
                ]
            },
            "est_tgt": [
                0
            ],
            "oracle_est_tgt": [
                0
            ],
            "intv_base_est_tgt": [
                0,
                1,
                2,
                3
            ]
        },
        "obs": {
            "intv_type": "obs",