{
    "expt_args": {
        "save_dir": "all_expt_logs/expt_logs_11.05.24-half_intv_weight_error_all_comp_utigsp_large_sample",
        "exp_name": "234",
        "num_nodes": 4,
        "obs_noise_mean": 0.0,
        "obs_noise_var": 1.0,
        "max_edge_strength": 1.0,
        "graph_sparsity_method": "adj_dense_prop",
        "adj_dense_prop": 0.8,
        "num_parents": null,
        "new_noise_mean": 1.0,
        "mix_samples": 8192,
        "stage2_samples": 8192,
        "gmm_tol": 0.001,
        "intv_type": "do",
        "new_noise_var": null,
        "intv_targets": [
            3,
            1
        ]
    },
    "intv_args_dict": {
        "3": {
            "intv_type": "do",
            "inode": 3,
            "new_mui": 1.0,
            "new_vari": null,
            "true_params": {
                "Si": [
                    [
                        1.0,
                        0.0,
                        -0.8350620372288342,
                        0.0
                    ],
                    [
                        0.0,
                        1.0,
                        -0.7175384820117794,
                        0.0
                    ],
                    [
                        -0.8350620372288342,
                        -0.7175384820117794,
                        2.21219007918854,
                        0.0
                    ],
                    [
                        0.0,
                        0.0,
                        0.0,
                        1e-09
                    ]
                ],
                "mui": [
                    0.0,
                    0.0,
                    0.0,
                    1.0
                ],
                "Ai": [
                    [
                        0.0,
                        0.0,
                        0.0,
                        0.0
                    ],
                    [
                        0.0,
                        0.0,
                        0.0,
                        0.0
                    ],
                    [
                        -0.8350620372288342,
                        -0.7175384820117794,
                        0.0,
                        0.0
                    ],
                    [
                        0.0,
                        0.0,
                        0.0,
                        0.0
                    ]
                ]
            },
            "est_params": {
                "mui": [
                    -0.006416190915571981,
                    -0.015205558988750279,
                    0.03545882329289603,
                    0.9999992616601341
                ],
                "Si": [
                    [
                        0.9365165205980531,
                        -0.030434126129837247,
                        -0.7699140690812161,
                        -1.5086809115590483e-06
                    ],
                    [
                        -0.030434126129837254,
                        1.0635599399418454,
                        -0.7179824465378839,
                        1.7036349037037865e-06
                    ],
                    [
                        -0.7699140690812163,
                        -0.7179824465378839,
                        2.1625588898389965,
                        2.924404309468614e-07
                    ],
                    [
                        -1.5086809115590483e-06,
                        1.7036349037037867e-06,
                        2.9244043094686114e-07,
                        1.010879661889416e-06
                    ]
                ]
            },
            "est_tgt": [
                3
            ],
            "oracle_est_tgt": [
                3
            ],
            "intv_base_est_tgt": []
        },
        "1": {
            "intv_type": "do",
            "inode": 1,
            "new_mui": 1.0,
            "new_vari": null,
            "true_params": {
                "Si": [
                    [
                        1.0,
                        0.0,
                        -0.8350620372288342,
                        0.4316129703357887
                    ],
                    [
                        0.0,
                        1e-09,
                        -7.175384820117794e-10,
                        3.708693507120471e-10
                    ],
                    [
                        -0.8350620372288342,
                        -7.175384820117794e-10,
                        1.6973286065356323,
                        -0.8772869665274895
                    ],
                    [
                        0.4316129703357887,
                        3.708693507120471e-10,
                        -0.8772869665274895,
                        1.453437489167097
                    ]
                ],
                "mui": [
                    0.0,
                    1.0,
                    -0.7175384820117794,
                    0.3708693507120471
                ],
                "Ai": [
                    [
                        0.0,
                        0.0,
                        0.0,
                        0.0
                    ],
                    [
                        0.0,
                        0.0,
                        0.0,
                        0.0
                    ],
                    [
                        -0.8350620372288342,
                        -0.7175384820117794,
                        0.0,
                        0.0
                    ],
                    [
                        0.0,
                        0.0,
                        -0.5168633599583844,
                        0.0
                    ]
                ]
            },
            "est_params": {
                "mui": [
                    0.021994530021567354,
                    0.9999999639593113,
                    -0.7381988048041928,
                    0.3497669709130745
                ],
                "Si": [
                    [
                        0.9741474301088409,
                        -5.291557123764336e-07,
                        -0.7899286404796977,
                        0.4129153602205057
                    ],
                    [
                        -5.291557123764338e-07,
                        1.0091756892502352e-06,
                        5.95703443875534e-07,
                        5.866798918769107e-07
                    ],
                    [
                        -0.7899286404796977,
                        5.957034438755337e-07,
                        1.6318215705905572,
                        -0.860726194567818
                    ],
                    [
                        0.4129153602205057,
                        5.866798918769105e-07,
                        -0.860726194567818,
                        1.442075557030049
                    ]
                ]
            },
            "est_tgt": [
                1
            ],
            "oracle_est_tgt": [
                1
            ],
            "intv_base_est_tgt": [
                1,
                3
            ]
        },
        "obs": {
            "intv_type": "obs",