{
    "expt_args": {
        "save_dir": "all_expt_logs/expt_logs_11.05.24-half_intv_weight_error_all_comp_utigsp_large_sample",
        "exp_name": "2",
        "num_nodes": 4,
        "obs_noise_mean": 0.0,
        "obs_noise_var": 1.0,
        "max_edge_strength": 1.0,
        "graph_sparsity_method": "adj_dense_prop",
        "adj_dense_prop": 0.8,
        "num_parents": null,
        "new_noise_mean": 1.0,
        "mix_samples": 4096,
        "stage2_samples": 4096,
        "gmm_tol": 0.001,
        "intv_type": "do",
        "new_noise_var": null,
        "intv_targets": [
            0,
            2
        ]
    },
    "intv_args_dict": {
        "0": {
            "intv_type": "do",
            "inode": 0,
            "new_mui": 1.0,
            "new_vari": null,
            "true_params": {
                "Si": [
                    [
                        1e-09,
                        -6.933211996644276e-10,
                        9.749905531826298e-11,
                        -8.596660121276181e-10
                    ],
                    [
                        -6.933211996644276e-10,
                        1.0000000004806944,
                        -0.9186064736353731,
                        -0.5111221224171482
                    ],
                    [
                        9.749905531826298e-11,
                        -0.9186064736353731,
                        1.8438378532901292,
                        1.0259304120986215
                    ],
                    [
                        -8.596660121276181e-10,
                        -0.5111221224171482,
                        1.0259304120986215,
                        1.570838270909107
                    ]
                ],
                "mui": [
                    1.0,
                    -0.6933211996644276,
                    0.09749905531826297,
                    -0.8596660121276181
                ],
                "Ai": [
                    [
                        0.0,
                        0.0,
                        0.0,
                        0.0
                    ],
                    [
                        -0.6933211996644276,
                        0.0,
                        0.0,
                        0.0
                    ],
                    [
                        -0.539390286955256,
                        -0.9186064735677749,
                        0.0,
                        0.0
                    ],
                    [
                        -0.9139154928138356,
                        0.0,
                        0.5564103211988329,
                        0.0
                    ]
                ]
            },
            "est_params": {
                "mui": [
                    1.0000032739142481,
                    -0.6837413218703982,
                    0.09941972752888556,
                    -0.8575336760076286
                ],
                "Si": [
                    [
                        1.0165419115022715e-06,
                        -2.218960919825222e-07,
                        -3.62376335900813e-06,
                        -3.8077548541339533e-06
                    ],
                    [
                        -2.2189609198252204e-07,
                        0.9489553897586923,
                        -0.8704010334025553,
                        -0.4516498205720519
                    ],
                    [
                        -3.62376335900813e-06,
                        -0.8704010334025553,
                        1.7596470789318785,
                        0.9589726307078997
                    ],
                    [
                        -3.8077548541339533e-06,
                        -0.45164982057205205,
                        0.9589726307078997,
                        1.435446190172933
                    ]
                ]
            },
            "est_tgt": [
                0
            ],
            "oracle_est_tgt": [
                0
            ],
            "intv_base_est_tgt": [
                0,
                1,
                2,
                3
            ]
        },
        "2": {
            "intv_type": "do",
            "inode": 2,
            "new_mui": 1.0,
            "new_vari": null,
            "true_params": {
                "Si": [
                    [
                        1.0,
                        -0.6933211996644276,
                        0.0,
                        -0.9139154928138356
                    ],
                    [
                        -0.6933211996644276,
                        1.480694285904121,
                        0.0,
                        0.633636985869595
                    ],
                    [
                        0.0,
                        0.0,
                        1e-09,
                        5.56410321198833e-10
                    ],
                    [
                        -0.9139154928138356,
                        0.633636985869595,
                        5.56410321198833e-10,
                        1.8352415283147483
                    ]
                ],
                "mui": [
                    0.0,
                    0.0,
                    1.0,
                    0.5564103211988329
                ],
                "Ai": [
                    [
                        0.0,
                        0.0,
                        0.0,
                        0.0
                    ],
                    [
                        -0.6933211996644276,
                        0.0,
                        0.0,
                        0.0
                    ],
                    [
                        0.0,
                        0.0,
                        0.0,
                        0.0
                    ],
                    [
                        -0.9139154928138356,
                        0.0,
                        0.5564103211988329,
                        0.0
                    ]
                ]
            },
            "est_params": {
                "mui": [
                    0.014655394126755239,
                    -0.018972640204714456,
                    1.0000062701268924,
                    0.50649888534831
                ],
                "Si": [
                    [
                        0.9748252413729807,
                        -0.6541724809078101,
                        -9.679014467580583e-07,
                        -0.9282395700547721
                    ],
                    [
                        -0.6541724809078101,
                        1.4582654473089027,
                        3.1786502147738906e-06,
                        0.6027251884252038
                    ],
                    [
                        -9.679014467580585e-07,
                        3.1786502147738906e-06,
                        1.020232625137672e-06,
                        6.454839398002426e-06
                    ],
                    [
                        -0.9282395700547721,
                        0.6027251884252038,
                        6.454839398002426e-06,
                        1.8571147578069838
                    ]
                ]
            },
            "est_tgt": [
                1,
                2
            ],
            "oracle_est_tgt": [
                1,
                2
            ],
            "intv_base_est_tgt": [
                1,
                2,
                3
            ]
        },
        "obs": {
            "intv_type": "obs",