{
    "expt_args": {
        "save_dir": "all_expt_logs/expt_logs_11.05.24-half_intv_weight_error_all_comp_utigsp_large_sample",
        "exp_name": "99",
        "num_nodes": 4,
        "obs_noise_mean": 0.0,
        "obs_noise_var": 1.0,
        "max_edge_strength": 1.0,
        "graph_sparsity_method": "adj_dense_prop",
        "adj_dense_prop": 0.8,
        "num_parents": null,
        "new_noise_mean": 1.0,
        "mix_samples": 1024,
        "stage2_samples": 1024,
        "gmm_tol": 0.001,
        "intv_type": "do",
        "new_noise_var": null,
        "intv_targets": [
            2,
            0
        ]
    },
    "intv_args_dict": {
        "2": {
            "intv_type": "do",
            "inode": 2,
            "new_mui": 1.0,
            "new_vari": null,
            "true_params": {
                "Si": [
                    [
                        1.0,
                        0.9531799068346551,
                        0.0,
                        0.0
                    ],
                    [
                        0.9531799068346551,
                        1.908551934793322,
                        0.0,
                        0.0
                    ],
                    [
                        0.0,
                        0.0,
                        1e-09,
                        5.804652949783229e-10
                    ],
                    [
                        0.0,
                        0.0,
                        5.804652949783229e-10,
                        1.00000000033694
                    ]
                ],
                "mui": [
                    0.0,
                    0.0,
                    1.0,
                    0.5804652949783229
                ],
                "Ai": [
                    [
                        0.0,
                        0.0,
                        0.0,
                        0.0
                    ],
                    [
                        0.9531799068346551,
                        0.0,
                        0.0,
                        0.0
                    ],
                    [
                        0.0,
                        0.0,
                        0.0,
                        0.0
                    ],
                    [
                        0.0,
                        0.0,
                        0.5804652949783229,
                        0.0
                    ]
                ]
            },
            "est_params": {
                "mui": [
                    -0.08460944161954416,
                    -0.015355336999317902,
                    1.0000001354859467,
                    0.5904189464574128
                ],
                "Si": [
                    [
                        0.9776413090058107,
                        0.9138713073914412,
                        -2.3424086085745057e-06,
                        0.03821333326504394
                    ],
                    [
                        0.9138713073914412,
                        1.8373323288346641,
                        6.69379466868155e-07,
                        0.04523427817015213
                    ],
                    [
                        -2.3424086085745057e-06,
                        6.693794668681557e-07,
                        1.0106045992595328e-06,
                        -6.265413826856157e-06
                    ],
                    [
                        0.03821333326504395,
                        0.04523427817015211,
                        -6.265413826856157e-06,
                        0.9706988882412192
                    ]
                ]
            },
            "est_tgt": [
                1,
                2
            ],
            "oracle_est_tgt": [
                1,
                2
            ],
            "intv_base_est_tgt": []
        },
        "0": {
            "intv_type": "do",
            "inode": 0,
            "new_mui": 1.0,
            "new_vari": null,
            "true_params": {
                "Si": [
                    [
                        1e-09,
                        9.531799068346553e-10,
                        2.2334392718848386e-10,
                        1.2964339857708035e-10
                    ],
                    [
                        9.531799068346553e-10,
                        1.000000000908552,
                        -0.7889908393287904,
                        -0.4579818002861809
                    ],
                    [
                        2.2334392718848386e-10,
                        -0.7889908393287904,
                        1.6225065449305633,
                        0.9418087402073789
                    ],
                    [
                        1.2964339857708035e-10,
                        -0.4579818002861809,
                        0.9418087402073789,
                        1.546687288197639
                    ]
                ],
                "mui": [
                    1.0,
                    0.9531799068346551,
                    0.22334392718848384,
                    0.12964339857708035
                ],
                "Ai": [
                    [
                        0.0,
                        0.0,
                        0.0,
                        0.0
                    ],
                    [
                        0.9531799068346551,
                        0.0,
                        0.0,
                        0.0
                    ],
                    [
                        0.9753941421162162,
                        -0.7889908395416774,
                        0.0,
                        0.0
                    ],
                    [
                        0.0,
                        0.0,
                        0.5804652949783229,
                        0.0
                    ]
                ]
            },
            "est_params": {
                "mui": [
                    0.9999993186552222,
                    0.9163652822123349,
                    0.2830785285832918,
                    0.12263227214472433
                ],
                "Si": [
                    [
                        1.0010693387351342e-06,
                        6.558410295328664e-07,
                        -2.1279660322313457e-08,
                        3.122286435045744e-06
                    ],
                    [
                        6.558410295328662e-07,
                        1.1251241593795303,
                        -0.9312985242665842,
                        -0.5015769891012736
                    ],
                    [
                        -2.127966032231298e-08,
                        -0.9312985242665843,
                        1.8504183462845123,
                        1.0342085493772424
                    ],
                    [
                        3.122286435045744e-06,
                        -0.5015769891012736,
                        1.0342085493772422,
                        1.5271252451665387
                    ]
                ]
            },
            "est_tgt": [
                0
            ],
            "oracle_est_tgt": [
                0
            ],
            "intv_base_est_tgt": [
                0,
                2,
                3
            ]
        },
        "obs": {
            "intv_type": "obs",