{
    "expt_args": {
        "save_dir": "all_expt_logs/expt_logs_11.05.24-half_intv_weight_error_all_comp_utigsp_large_sample",
        "exp_name": "199",
        "num_nodes": 4,
        "obs_noise_mean": 0.0,
        "obs_noise_var": 1.0,
        "max_edge_strength": 1.0,
        "graph_sparsity_method": "adj_dense_prop",
        "adj_dense_prop": 0.8,
        "num_parents": null,
        "new_noise_mean": 1.0,
        "mix_samples": 2048,
        "stage2_samples": 2048,
        "gmm_tol": 0.001,
        "intv_type": "do",
        "new_noise_var": null,
        "intv_targets": [
            0,
            2
        ]
    },
    "intv_args_dict": {
        "0": {
            "intv_type": "do",
            "inode": 0,
            "new_mui": 1.0,
            "new_vari": null,
            "true_params": {
                "Si": [
                    [
                        1e-09,
                        -5.10454183951871e-10,
                        -1.2342775701756002e-09,
                        -4.815916428140267e-10
                    ],
                    [
                        -5.10454183951871e-10,
                        1.0000000002605636,
                        0.7623648756725562,
                        1.2636342022552938
                    ],
                    [
                        -1.2342775701756002e-09,
                        0.7623648756725562,
                        1.5812002042220292,
                        1.5808202766798083
                    ],
                    [
                        -4.815916428140267e-10,
                        1.2636342022552938,
                        1.5808202766798083,
                        2.9780405304034763
                    ]
                ],
                "mui": [
                    1.0,
                    -0.510454183951871,
                    -1.2342775701756001,
                    -0.48159164281402667
                ],
                "Ai": [
                    [
                        0.0,
                        0.0,
                        0.0,
                        0.0
                    ],
                    [
                        -0.510454183951871,
                        0.0,
                        0.0,
                        0.0
                    ],
                    [
                        -0.8451252300122036,
                        0.762364875042514,
                        0.0,
                        0.0
                    ],
                    [
                        0.685275152362701,
                        0.7928968041117206,
                        0.6174699455709991,
                        0.0
                    ]
                ]
            },
            "est_params": {
                "mui": [
                    0.999997991991447,
                    -0.5109622520147511,
                    -1.2582059537248755,
                    -0.4696788964723411
                ],
                "Si": [
                    [
                        1.0050029866081662e-06,
                        7.560975627643858e-07,
                        -3.709482057253603e-06,
                        -3.593992016077425e-06
                    ],
                    [
                        7.560975627643858e-07,
                        0.9839046832103975,
                        0.8071298997826881,
                        1.263502098876163
                    ],
                    [
                        -3.7094820572536045e-06,
                        0.8071298997826881,
                        1.7048806640526333,
                        1.726766007286483
                    ],
                    [
                        -3.5939920160774235e-06,
                        1.2635020988761632,
                        1.726766007286483,
                        3.0149808238652196
                    ]
                ]
            },
            "est_tgt": [
                0,
                1,
                2
            ],
            "oracle_est_tgt": [
                0
            ],
            "intv_base_est_tgt": [
                0,
                1,
                2,
                3
            ]
        },
        "2": {
            "intv_type": "do",
            "inode": 2,
            "new_mui": 1.0,
            "new_vari": null,
            "true_params": {
                "Si": [
                    [
                        1.0,
                        -0.510454183951871,
                        0.0,
                        0.2805376612618061
                    ],
                    [
                        -0.510454183951871,
                        1.2605634739139706,
                        0.0,
                        0.6496951811645589
                    ],
                    [
                        0.0,
                        0.0,
                        1e-09,
                        6.174699455709992e-10
                    ],
                    [
                        0.2805376612618061,
                        0.6496951811645589,
                        6.174699455709992e-10,
                        1.7073867217380934
                    ]
                ],
                "mui": [
                    0.0,
                    0.0,
                    1.0,
                    0.6174699455709991
                ],
                "Ai": [
                    [
                        0.0,
                        0.0,
                        0.0,
                        0.0
                    ],
                    [
                        -0.510454183951871,
                        0.0,
                        0.0,
                        0.0
                    ],
                    [
                        0.0,
                        0.0,
                        0.0,
                        0.0
                    ],
                    [
                        0.685275152362701,
                        0.7928968041117206,
                        0.6174699455709991,
                        0.0
                    ]
                ]
            },
            "est_params": {
                "mui": [
                    0.019094055482596305,
                    0.002014666902609272,
                    0.9999933387721756,
                    0.5912252503533539
                ],
                "Si": [
                    [
                        0.8699330784525606,
                        -0.4345845849972144,
                        4.7435345752716224e-06,
                        0.23518123068921037
                    ],
                    [
                        -0.4345845849972144,
                        1.2394802755553185,
                        -6.0620258089012974e-06,
                        0.6047947000538737
                    ],
                    [
                        4.7435345752716224e-06,
                        -6.062025808901296e-06,
                        1.0164905387218943e-06,
                        -2.6218677789011533e-06
                    ],
                    [
                        0.23518123068921037,
                        0.6047947000538737,
                        -2.6218677789011533e-06,
                        1.557210693378576
                    ]
                ]
            },
            "est_tgt": [
                0,
                2
            ],
            "oracle_est_tgt": [
                1,
                2
            ],
            "intv_base_est_tgt": [
                0,
                1,
                2,
                3
            ]
        },
        "obs": {
            "intv_type": "obs",