{
    "expt_args": {
        "save_dir": "all_expt_logs/expt_logs_11.05.24-half_intv_weight_error_all_comp_utigsp_large_sample",
        "exp_name": "7",
        "num_nodes": 4,
        "obs_noise_mean": 0.0,
        "obs_noise_var": 1.0,
        "max_edge_strength": 1.0,
        "graph_sparsity_method": "adj_dense_prop",
        "adj_dense_prop": 0.8,
        "num_parents": null,
        "new_noise_mean": 1.0,
        "mix_samples": 131072,
        "stage2_samples": 131072,
        "gmm_tol": 0.001,
        "intv_type": "do",
        "new_noise_var": null,
        "intv_targets": [
            0,
            2
        ]
    },
    "intv_args_dict": {
        "0": {
            "intv_type": "do",
            "inode": 0,
            "new_mui": 1.0,
            "new_vari": null,
            "true_params": {
                "Si": [
                    [
                        1e-09,
                        0.0,
                        -9.563124080065292e-10,
                        1.442202411938994e-09
                    ],
                    [
                        0.0,
                        1.0,
                        -0.5315786203456854,
                        -0.591124018844432
                    ],
                    [
                        -9.563124080065292e-10,
                        -0.5315786203456854,
                        1.2825758305231556,
                        -0.22461903746691175
                    ],
                    [
                        1.442202411938994e-09,
                        -0.591124018844432,
                        -0.22461903746691175,
                        1.6397846956046345
                    ]
                ],
                "mui": [
                    1.0,
                    0.0,
                    -0.9563124080065291,
                    1.442202411938994
                ],
                "Ai": [
                    [
                        0.0,
                        0.0,
                        0.0,
                        0.0
                    ],
                    [
                        -0.0,
                        0.0,
                        0.0,
                        0.0
                    ],
                    [
                        -0.9563124080065291,
                        -0.5315786203456854,
                        0.0,
                        0.0
                    ],
                    [
                        0.9268954538192671,
                        -0.8775640561778659,
                        -0.5388479264782358,
                        0.0
                    ]
                ]
            },
            "est_params": {
                "mui": [
                    0.999999621522343,
                    -0.002502973946271491,
                    -0.948760702302172,
                    1.4423483473013128
                ],
                "Si": [
                    [
                        1.0115138534407285e-06,
                        -1.1640654243200698e-06,
                        6.417391029454787e-07,
                        7.1949051904136e-07
                    ],
                    [
                        -1.1640654243200695e-06,
                        1.0162364550878598,
                        -0.5441250924751149,
                        -0.5921756475407306
                    ],
                    [
                        6.417391029454784e-07,
                        -0.5441250924751149,
                        1.287378468995945,
                        -0.2224913158573514
                    ],
                    [
                        7.194905190413595e-07,
                        -0.5921756475407306,
                        -0.2224913158573514,
                        1.6276693181962587
                    ]
                ]
            },
            "est_tgt": [
                0
            ],
            "oracle_est_tgt": [
                0
            ],
            "intv_base_est_tgt": [
                0,
                1,
                2,
                3
            ]
        },
        "2": {
            "intv_type": "do",
            "inode": 2,
            "new_mui": 1.0,
            "new_vari": null,
            "true_params": {
                "Si": [
                    [
                        1.0,
                        0.0,
                        0.0,
                        0.9268954538192671
                    ],
                    [
                        0.0,
                        1.0,
                        0.0,
                        -0.8775640561778659
                    ],
                    [
                        0.0,
                        0.0,
                        1e-09,
                        -5.388479264782358e-10
                    ],
                    [
                        0.9268954538192671,
                        -0.8775640561778659,
                        -5.388479264782358e-10,
                        2.6292538552965308
                    ]
                ],
                "mui": [
                    0.0,
                    0.0,
                    1.0,
                    -0.5388479264782358
                ],
                "Ai": [
                    [
                        0.0,
                        0.0,
                        0.0,
                        0.0
                    ],
                    [
                        -0.0,
                        0.0,
                        0.0,
                        0.0
                    ],
                    [
                        0.0,
                        0.0,
                        0.0,
                        0.0
                    ],
                    [
                        0.9268954538192671,
                        -0.8775640561778659,
                        -0.5388479264782358,
                        0.0
                    ]
                ]
            },
            "est_params": {
                "mui": [
                    -0.007788736598806002,
                    0.006028167179224564,
                    0.9999995313636296,
                    -0.5512582197557225
                ],
                "Si": [
                    [
                        1.0033208950443453,
                        0.0010137915476965706,
                        4.661762889747064e-08,
                        0.9260778144334532
                    ],
                    [
                        0.0010137915476965717,
                        1.0004825000554187,
                        -6.728047903856534e-07,
                        -0.8786571664050424
                    ],
                    [
                        4.6617628897470756e-08,
                        -6.728047903856534e-07,
                        1.011005190520171e-06,
                        7.529412867005295e-07
                    ],
                    [
                        0.9260778144334532,
                        -0.8786571664050424,
                        7.529412867005293e-07,
                        2.6237435190901293
                    ]
                ]
            },
            "est_tgt": [
                2
            ],
            "oracle_est_tgt": [
                2
            ],
            "intv_base_est_tgt": [
                0,
                2,
                3
            ]
        },
        "obs": {
            "intv_type": "obs",