{
    "expt_args": {
        "save_dir": "all_expt_logs/expt_logs_11.05.24-half_intv_weight_error_all_comp_utigsp_large_sample",
        "exp_name": "238",
        "num_nodes": 4,
        "obs_noise_mean": 0.0,
        "obs_noise_var": 1.0,
        "max_edge_strength": 1.0,
        "graph_sparsity_method": "adj_dense_prop",
        "adj_dense_prop": 0.8,
        "num_parents": null,
        "new_noise_mean": 1.0,
        "mix_samples": 131072,
        "stage2_samples": 131072,
        "gmm_tol": 0.001,
        "intv_type": "do",
        "new_noise_var": null,
        "intv_targets": [
            1,
            2
        ]
    },
    "intv_args_dict": {
        "1": {
            "intv_type": "do",
            "inode": 1,
            "new_mui": 1.0,
            "new_vari": null,
            "true_params": {
                "Si": [
                    [
                        1.0,
                        0.0,
                        0.8858949509191731,
                        -0.08396783782963835
                    ],
                    [
                        0.0,
                        1e-09,
                        0.0,
                        -5.710856202028648e-10
                    ],
                    [
                        0.8858949509191731,
                        0.0,
                        1.7848098640640842,
                        0.8491363541954822
                    ],
                    [
                        -0.08396783782963835,
                        -5.710856202028648e-10,
                        0.8491363541954822,
                        1.8599453994048205
                    ]
                ],
                "mui": [
                    0.0,
                    1.0,
                    0.0,
                    -0.5710856202028647
                ],
                "Ai": [
                    [
                        0.0,
                        0.0,
                        0.0,
                        0.0
                    ],
                    [
                        0.0,
                        0.0,
                        0.0,
                        0.0
                    ],
                    [
                        0.8858949509191731,
                        0.0,
                        0.0,
                        0.0
                    ],
                    [
                        -0.9021122340461643,
                        -0.5710856202028647,
                        0.9235230377683588,
                        0.0
                    ]
                ]
            },
            "est_params": {
                "mui": [
                    0.006193424536903711,
                    1.0000001480509477,
                    -0.002632547545321574,
                    -0.5777180848376886
                ],
                "Si": [
                    [
                        0.9862473308007815,
                        5.094796654325477e-08,
                        0.8749192436677359,
                        -0.09006957823137096
                    ],
                    [
                        5.094796654325475e-08,
                        1.0098731261316257e-06,
                        -3.8880485528273766e-07,
                        -6.558696622673721e-07
                    ],
                    [
                        0.8749192436677357,
                        -3.888048552827381e-07,
                        1.7705755995332702,
                        0.8310834980471618
                    ],
                    [
                        -0.09006957823137098,
                        -6.558696622673723e-07,
                        0.8310834980471616,
                        1.8485061450815028
                    ]
                ]
            },
            "est_tgt": [
                1
            ],
            "oracle_est_tgt": [
                1
            ],
            "intv_base_est_tgt": [
                0,
                1,
                2,
                3
            ]
        },
        "2": {
            "intv_type": "do",
            "inode": 2,
            "new_mui": 1.0,
            "new_vari": null,
            "true_params": {
                "Si": [
                    [
                        1.0,
                        0.6657520349112648,
                        0.0,
                        -1.2823136478047832
                    ],
                    [
                        0.6657520349112648,
                        1.44322577198849,
                        0.0,
                        -1.424788540623386
                    ],
                    [
                        0.0,
                        0.0,
                        1e-09,
                        9.235230377683589e-10
                    ],
                    [
                        -1.2823136478047832,
                        -1.424788540623386,
                        9.235230377683589e-10,
                        2.970467077801795
                    ]
                ],
                "mui": [
                    0.0,
                    0.0,
                    1.0,
                    0.9235230377683588
                ],
                "Ai": [
                    [
                        0.0,
                        0.0,
                        0.0,
                        0.0
                    ],
                    [
                        0.6657520349112648,
                        0.0,
                        0.0,
                        0.0
                    ],
                    [
                        0.0,
                        0.0,
                        0.0,
                        0.0
                    ],
                    [
                        -0.9021122340461643,
                        -0.5710856202028647,
                        0.9235230377683588,
                        0.0
                    ]
                ]
            },
            "est_params": {
                "mui": [
                    -0.0032463848811775647,
                    -0.0026917653097200426,
                    0.9999997159454647,
                    0.9264311055623498
                ],
                "Si": [
                    [
                        0.9992622429871026,
                        0.6615050555062116,
                        -1.1040621674260658e-07,
                        -1.2842074504740888
                    ],
                    [
                        0.6615050555062116,
                        1.4322008654947034,
                        3.4737290954355357e-07,
                        -1.418934102940383
                    ],
                    [
                        -1.1040621674260673e-07,
                        3.473729095435537e-07,
                        1.0095776530900915e-06,
                        4.3749973932026035e-07
                    ],
                    [
                        -1.2842074504740888,
                        -1.418934102940383,
                        4.3749973932026025e-07,
                        2.972718626532999
                    ]
                ]
            },
            "est_tgt": [
                2
            ],
            "oracle_est_tgt": [
                2
            ],
            "intv_base_est_tgt": [
                0,
                1,
                2,
                3
            ]
        },
        "obs": {
            "intv_type": "obs",