{
    "expt_args": {
        "save_dir": "all_expt_logs/expt_logs_11.05.24-half_intv_weight_error_all_comp_utigsp_large_sample",
        "exp_name": "108",
        "num_nodes": 4,
        "obs_noise_mean": 0.0,
        "obs_noise_var": 1.0,
        "max_edge_strength": 1.0,
        "graph_sparsity_method": "adj_dense_prop",
        "adj_dense_prop": 0.8,
        "num_parents": null,
        "new_noise_mean": 1.0,
        "mix_samples": 524288,
        "stage2_samples": 524288,
        "gmm_tol": 0.001,
        "intv_type": "do",
        "new_noise_var": null,
        "intv_targets": [
            2,
            3
        ]
    },
    "intv_args_dict": {
        "2": {
            "intv_type": "do",
            "inode": 2,
            "new_mui": 1.0,
            "new_vari": null,
            "true_params": {
                "Si": [
                    [
                        1.0,
                        -0.6933211996644276,
                        0.0,
                        -0.9139154928138356
                    ],
                    [
                        -0.6933211996644276,
                        1.480694285904121,
                        0.0,
                        0.633636985869595
                    ],
                    [
                        0.0,
                        0.0,
                        1e-09,
                        5.56410321198833e-10
                    ],
                    [
                        -0.9139154928138356,
                        0.633636985869595,
                        5.56410321198833e-10,
                        1.8352415283147483
                    ]
                ],
                "mui": [
                    0.0,
                    0.0,
                    1.0,
                    0.5564103211988329
                ],
                "Ai": [
                    [
                        0.0,
                        0.0,
                        0.0,
                        0.0
                    ],
                    [
                        -0.6933211996644276,
                        0.0,
                        0.0,
                        0.0
                    ],
                    [
                        0.0,
                        0.0,
                        0.0,
                        0.0
                    ],
                    [
                        -0.9139154928138356,
                        0.0,
                        0.5564103211988329,
                        0.0
                    ]
                ]
            },
            "est_params": {
                "mui": [
                    0.0022665209940923394,
                    -0.0023787239944305424,
                    1.0000000987779087,
                    0.5563972345081298
                ],
                "Si": [
                    [
                        0.9998487634308623,
                        -0.6918890897217564,
                        -5.420868768193602e-08,
                        -0.9130571975306742
                    ],
                    [
                        -0.6918890897217564,
                        1.4747359483827869,
                        -1.326324886907586e-07,
                        0.6303423883846527
                    ],
                    [
                        -5.420868768193606e-08,
                        -1.326324886907586e-07,
                        1.0099369529057783e-06,
                        9.089977228606842e-08
                    ],
                    [
                        -0.9130571975306742,
                        0.6303423883846527,
                        9.089977228606858e-08,
                        1.8335721866482264
                    ]
                ]
            },
            "est_tgt": [
                2
            ],
            "oracle_est_tgt": [
                2
            ],
            "intv_base_est_tgt": [
                2,
                3
            ]
        },
        "3": {
            "intv_type": "do",
            "inode": 3,
            "new_mui": 1.0,
            "new_vari": null,
            "true_params": {
                "Si": [
                    [
                        1.0,
                        -0.6933211996644276,
                        0.09749905531826297,
                        0.0
                    ],
                    [
                        -0.6933211996644276,
                        1.480694285904121,
                        -0.9862046355671814,
                        0.0
                    ],
                    [
                        0.09749905531826297,
                        -0.9862046355671814,
                        1.853343919068577,
                        0.0
                    ],
                    [
                        0.0,
                        0.0,
                        0.0,
                        1e-09
                    ]
                ],
                "mui": [
                    0.0,
                    0.0,
                    0.0,
                    1.0
                ],
                "Ai": [
                    [
                        0.0,
                        0.0,
                        0.0,
                        0.0
                    ],
                    [
                        -0.6933211996644276,
                        0.0,
                        0.0,
                        0.0
                    ],
                    [
                        -0.539390286955256,
                        -0.9186064735677749,
                        0.0,
                        0.0
                    ],
                    [
                        0.0,
                        0.0,
                        0.0,
                        0.0
                    ]
                ]
            },
            "est_params": {
                "mui": [
                    0.0010842866506285383,
                    -0.003164178133312114,
                    -0.0010286969357291922,
                    1.0000004843057384
                ],
                "Si": [
                    [
                        1.0008667974067713,
                        -0.6963138703605973,
                        0.09662810024258002,
                        -4.924007254467418e-07
                    ],
                    [
                        -0.6963138703605974,
                        1.4836320950953092,
                        -0.9825757197798309,
                        8.567270743940388e-08
                    ],
                    [
                        0.09662810024258002,
                        -0.9825757197798312,
                        1.8479650432245107,
                        1.255698714187065e-07
                    ],
                    [
                        -4.924007254467419e-07,
                        8.567270743940385e-08,
                        1.2556987141870643e-07,
                        1.0095020233184446e-06
                    ]
                ]
            },
            "est_tgt": [
                3
            ],
            "oracle_est_tgt": [
                3
            ],
            "intv_base_est_tgt": []
        },
        "obs": {
            "intv_type": "obs",