{
    "expt_args": {
        "save_dir": "all_expt_logs/expt_logs_11.05.24-half_intv_weight_error_all_comp_utigsp_large_sample",
        "exp_name": "102",
        "num_nodes": 4,
        "obs_noise_mean": 0.0,
        "obs_noise_var": 1.0,
        "max_edge_strength": 1.0,
        "graph_sparsity_method": "adj_dense_prop",
        "adj_dense_prop": 0.8,
        "num_parents": null,
        "new_noise_mean": 1.0,
        "mix_samples": 8192,
        "stage2_samples": 8192,
        "gmm_tol": 0.001,
        "intv_type": "do",
        "new_noise_var": null,
        "intv_targets": [
            1,
            3
        ]
    },
    "intv_args_dict": {
        "1": {
            "intv_type": "do",
            "inode": 1,
            "new_mui": 1.0,
            "new_vari": null,
            "true_params": {
                "Si": [
                    [
                        1.0,
                        0.0,
                        -0.539390286955256,
                        -1.2140378156301401
                    ],
                    [
                        0.0,
                        1e-09,
                        -9.186064735677749e-10,
                        -5.111221230131729e-10
                    ],
                    [
                        -0.539390286955256,
                        -9.186064735677749e-10,
                        1.2909418825055112,
                        1.2112505274156264
                    ],
                    [
                        -1.2140378156301401,
                        -5.111221230131729e-10,
                        1.2112505274156264,
                        2.7834802635778364
                    ]
                ],
                "mui": [
                    0.0,
                    1.0,
                    -0.9186064735677749,
                    -0.5111221230131728
                ],
                "Ai": [
                    [
                        0.0,
                        0.0,
                        0.0,
                        0.0
                    ],
                    [
                        0.0,
                        0.0,
                        0.0,
                        0.0
                    ],
                    [
                        -0.539390286955256,
                        -0.9186064735677749,
                        0.0,
                        0.0
                    ],
                    [
                        -0.9139154928138356,
                        0.0,
                        0.5564103211988329,
                        0.0
                    ]
                ]
            },
            "est_params": {
                "mui": [
                    0.012684118382270947,
                    1.000001420259948,
                    -0.9226225326892855,
                    -0.5433015441413143
                ],
                "Si": [
                    [
                        0.9822396309506108,
                        -1.6270258877452586e-06,
                        -0.5297392802984892,
                        -1.2176903969765118
                    ],
                    [
                        -1.6270258877452592e-06,
                        1.015347972421857e-06,
                        -1.2295722653143705e-07,
                        3.0858125890217162e-06
                    ],
                    [
                        -0.5297392802984893,
                        -1.2295722653143724e-07,
                        1.309250792966957,
                        1.2257399850883193
                    ],
                    [
                        -1.2176903969765118,
                        3.0858125890217162e-06,
                        1.2257399850883193,
                        2.7649212443837823
                    ]
                ]
            },
            "est_tgt": [
                0,
                1,
                3
            ],
            "oracle_est_tgt": [
                0,
                1,
                3
            ],
            "intv_base_est_tgt": []
        },
        "3": {
            "intv_type": "do",
            "inode": 3,
            "new_mui": 1.0,
            "new_vari": null,
            "true_params": {
                "Si": [
                    [
                        1.0,
                        -0.6933211996644276,
                        0.09749905531826297,
                        0.0
                    ],
                    [
                        -0.6933211996644276,
                        1.480694285904121,
                        -0.9862046355671814,
                        0.0
                    ],
                    [
                        0.09749905531826297,
                        -0.9862046355671814,
                        1.853343919068577,
                        0.0
                    ],
                    [
                        0.0,
                        0.0,
                        0.0,
                        1e-09
                    ]
                ],
                "mui": [
                    0.0,
                    0.0,
                    0.0,
                    1.0
                ],
                "Ai": [
                    [
                        0.0,
                        0.0,
                        0.0,
                        0.0
                    ],
                    [
                        -0.6933211996644276,
                        0.0,
                        0.0,
                        0.0
                    ],
                    [
                        -0.539390286955256,
                        -0.9186064735677749,
                        0.0,
                        0.0
                    ],
                    [
                        0.0,
                        0.0,
                        0.0,
                        0.0
                    ]
                ]
            },
            "est_params": {
                "mui": [
                    0.01177097896256067,
                    -0.014476596745190211,
                    0.00840771939006594,
                    1.0000008590928136
                ],
                "Si": [
                    [
                        0.9887380036630652,
                        -0.7001398043100043,
                        0.12122854627168089,
                        -5.882761100432528e-07
                    ],
                    [
                        -0.7001398043100044,
                        1.5368305106903914,
                        -1.068832754305882,
                        6.343167954356384e-07
                    ],
                    [
                        0.12122854627168089,
                        -1.068832754305882,
                        1.929104821472448,
                        -1.560372598890128e-06
                    ],
                    [
                        -5.882761100432529e-07,
                        6.343167954356384e-07,
                        -1.560372598890128e-06,
                        1.0059097519099684e-06
                    ]
                ]
            },
            "est_tgt": [
                0,
                2,
                3
            ],
            "oracle_est_tgt": [
                0,
                2,
                3
            ],
            "intv_base_est_tgt": [
                1,
                2,
                3
            ]
        },
        "obs": {
            "intv_type": "obs",