{
    "expt_args": {
        "save_dir": "all_expt_logs/expt_logs_11.05.24-half_intv_weight_error_all_comp_utigsp_large_sample",
        "exp_name": "1",
        "num_nodes": 4,
        "obs_noise_mean": 0.0,
        "obs_noise_var": 1.0,
        "max_edge_strength": 1.0,
        "graph_sparsity_method": "adj_dense_prop",
        "adj_dense_prop": 0.8,
        "num_parents": null,
        "new_noise_mean": 1.0,
        "mix_samples": 2048,
        "stage2_samples": 2048,
        "gmm_tol": 0.001,
        "intv_type": "do",
        "new_noise_var": null,
        "intv_targets": [
            2,
            0
        ]
    },
    "intv_args_dict": {
        "2": {
            "intv_type": "do",
            "inode": 2,
            "new_mui": 1.0,
            "new_vari": null,
            "true_params": {
                "Si": [
                    [
                        1.0,
                        0.0,
                        0.0,
                        0.6517088115515483
                    ],
                    [
                        0.0,
                        1.0,
                        0.0,
                        0.0
                    ],
                    [
                        0.0,
                        0.0,
                        1e-09,
                        -6.812929341758671e-10
                    ],
                    [
                        0.6517088115515483,
                        0.0,
                        -6.812929341758671e-10,
                        1.4247243755180916
                    ]
                ],
                "mui": [
                    0.0,
                    0.0,
                    1.0,
                    -0.6812929341758671
                ],
                "Ai": [
                    [
                        0.0,
                        0.0,
                        0.0,
                        0.0
                    ],
                    [
                        -0.0,
                        0.0,
                        0.0,
                        0.0
                    ],
                    [
                        0.0,
                        0.0,
                        0.0,
                        0.0
                    ],
                    [
                        0.6517088115515483,
                        -0.0,
                        -0.6812929341758671,
                        0.0
                    ]
                ]
            },
            "est_params": {
                "mui": [
                    0.020939783890619165,
                    -0.05050457123329044,
                    0.9999965442567584,
                    -0.6753042724887952
                ],
                "Si": [
                    [
                        0.9609832317207414,
                        0.019835149389920054,
                        2.750844162301378e-06,
                        0.6426538150996045
                    ],
                    [
                        0.019835149389920058,
                        0.9640679135791882,
                        -4.349104470884108e-06,
                        -0.02161542961713623
                    ],
                    [
                        2.750844162301378e-06,
                        -4.349104470884107e-06,
                        1.0090495168768881e-06,
                        -3.975464373524892e-06
                    ],
                    [
                        0.6426538150996046,
                        -0.02161542961713624,
                        -3.975464373524892e-06,
                        1.4294385262519436
                    ]
                ]
            },
            "est_tgt": [
                2
            ],
            "oracle_est_tgt": [
                2,
                3
            ],
            "intv_base_est_tgt": [
                0,
                1,
                2
            ]
        },
        "0": {
            "intv_type": "do",
            "inode": 0,
            "new_mui": 1.0,
            "new_vari": null,
            "true_params": {
                "Si": [
                    [
                        1e-09,
                        0.0,
                        -5.219496954129085e-10,
                        1.0073094510316087e-09
                    ],
                    [
                        0.0,
                        1.0,
                        0.8544400319827077,
                        -0.5821239564668207
                    ],
                    [
                        -5.219496954129085e-10,
                        0.8544400319827077,
                        1.730067768527042,
                        -1.1786829466830426
                    ],
                    [
                        1.0073094510316087e-09,
                        -0.5821239564668207,
                        -1.1786829466830426,
                        1.8030283638652196
                    ]
                ],
                "mui": [
                    1.0,
                    0.0,
                    -0.5219496954129085,
                    1.0073094510316087
                ],
                "Ai": [
                    [
                        0.0,
                        0.0,
                        0.0,
                        0.0
                    ],
                    [
                        -0.0,
                        0.0,
                        0.0,
                        0.0
                    ],
                    [
                        -0.5219496954129085,
                        0.8544400319827077,
                        0.0,
                        0.0
                    ],
                    [
                        0.6517088115515483,
                        -0.0,
                        -0.6812929341758671,
                        0.0
                    ]
                ]
            },
            "est_params": {
                "mui": [
                    1.0000003350083906,
                    0.04006796514653885,
                    -0.4119926570455398,
                    0.9414657079497849
                ],
                "Si": [
                    [
                        1.0092267618909016e-06,
                        1.3565375195370743e-06,
                        3.3448202487662403e-06,
                        -3.465760716268131e-06
                    ],
                    [
                        1.3565375195370738e-06,
                        0.9496710686792107,
                        0.8761659715054161,
                        -0.6012595164002152
                    ],
                    [
                        3.34482024876624e-06,
                        0.8761659715054163,
                        1.7820355161018644,
                        -1.2390875135866588
                    ],
                    [
                        -3.465760716268131e-06,
                        -0.6012595164002152,
                        -1.239087513586659,
                        1.8609212617915
                    ]
                ]
            },
            "est_tgt": [
                0
            ],
            "oracle_est_tgt": [
                0
            ],
            "intv_base_est_tgt": [
                0,
                1,
                2,
                3
            ]
        },
        "obs": {
            "intv_type": "obs",