{
    "expt_args": {
        "save_dir": "all_expt_logs/expt_logs_11.05.24-half_intv_weight_error",
        "exp_name": "102",
        "num_nodes": 4,
        "obs_noise_mean": 0.0,
        "obs_noise_var": 1.0,
        "max_edge_strength": 1.0,
        "graph_sparsity_method": "adj_dense_prop",
        "adj_dense_prop": 0.8,
        "num_parents": null,
        "new_noise_mean": 1.0,
        "mix_samples": 65536,
        "stage2_samples": 65536,
        "gmm_tol": 0.001,
        "intv_type": "do",
        "new_noise_var": null,
        "intv_targets": [
            0,
            3
        ]
    },
    "intv_args_dict": {
        "0": {
            "intv_type": "do",
            "inode": 0,
            "new_mui": 1.0,
            "new_vari": null,
            "true_params": {
                "Si": [
                    [
                        1e-09,
                        9.673956029502098e-10,
                        6.741274948982958e-10,
                        -2.0526223915913454e-09
                    ],
                    [
                        9.673956029502098e-10,
                        1.0000000009358543,
                        0.6968477978123259,
                        -1.178925787947489
                    ],
                    [
                        6.741274948982958e-10,
                        0.6968477978123259,
                        1.4855968528614403,
                        -1.7951858042649254
                    ],
                    [
                        -2.0526223915913454e-09,
                        -1.178925787947489,
                        -1.7951858042649254,
                        3.337868058367496
                    ]
                ],
                "mui": [
                    1.0,
                    0.9673956029502097,
                    0.6741274948982957,
                    -2.052622391591345
                ],
                "Ai": [
                    [
                        0.0,
                        0.0,
                        0.0,
                        0.0
                    ],
                    [
                        0.9673956029502097,
                        0.0,
                        0.0,
                        0.0
                    ],
                    [
                        -0.0,
                        0.6968477971601779,
                        0.0,
                        0.0
                    ],
                    [
                        -0.9121347700472883,
                        -0.5004371646152899,
                        -0.9736539659183905,
                        0.0
                    ]
                ]
            },
            "est_params": {
                "mui": [
                    1.0000001892424204,
                    0.9824667094921673,
                    0.6874361738218133,
                    -2.0690761158190694
                ],
                "Si": [
                    [
                        1.0102212194077723e-06,
                        9.758693559428867e-07,
                        2.1163411210892044e-06,
                        -2.1978907465254097e-06
                    ],
                    [
                        9.758693559428867e-07,
                        0.9838541904613812,
                        0.684111240054046,
                        -1.1643306853556386
                    ],
                    [
                        2.1163411210892044e-06,
                        0.684111240054046,
                        1.4769327022797627,
                        -1.7890900230006705
                    ],
                    [
                        -2.1978907465254093e-06,
                        -1.1643306853556386,
                        -1.7890900230006705,
                        3.344548639153888
                    ]
                ]
            },
            "est_tgt": [
                0
            ],
            "oracle_est_tgt": [
                0
            ],
            "intv_base_est_tgt": [
                0,
                2,
                3
            ]
        },
        "3": {
            "intv_type": "do",
            "inode": 3,
            "new_mui": 1.0,
            "new_vari": null,
            "true_params": {
                "Si": [
                    [
                        1.0,
                        0.9673956029502097,
                        0.6741274948982957,
                        0.0
                    ],
                    [
                        0.9673956029502097,
                        1.9358542526073999,
                        1.348995771552629,
                        0.0
                    ],
                    [
                        0.6741274948982957,
                        1.348995771552629,
                        1.9400447317848442,
                        0.0
                    ],
                    [
                        0.0,
                        0.0,
                        0.0,
                        1e-09
                    ]
                ],
                "mui": [
                    0.0,
                    0.0,
                    0.0,
                    1.0
                ],
                "Ai": [
                    [
                        0.0,
                        0.0,
                        0.0,
                        0.0
                    ],
                    [
                        0.9673956029502097,
                        0.0,
                        0.0,
                        0.0
                    ],
                    [
                        -0.0,
                        0.6968477971601779,
                        0.0,
                        0.0
                    ],
                    [
                        0.0,
                        0.0,
                        0.0,
                        0.0
                    ]
                ]
            },
            "est_params": {
                "mui": [
                    -0.0070549239746749495,
                    -0.015953666709675542,
                    -0.01292778461147399,
                    0.999999791654949
                ],
                "Si": [
                    [
                        1.0030747885734617,
                        0.9735023573380988,
                        0.677143608539802,
                        -4.606359309378348e-07
                    ],
                    [
                        0.9735023573380988,
                        1.947400353022843,
                        1.363802324774874,
                        -2.1052754141087514e-07
                    ],
                    [
                        0.677143608539802,
                        1.363802324774874,
                        1.9369359546622968,
                        -1.0775863864904878e-07
                    ],
                    [
                        -4.606359309378349e-07,
                        -2.105275414108753e-07,
                        -1.077586386490489e-07,
                        1.005920312936995e-06
                    ]
                ]
            },
            "est_tgt": [
                2,
                3
            ],
            "oracle_est_tgt": [
                3
            ],
            "intv_base_est_tgt": []
        },
        "obs": {
            "intv_type": "obs",