{
    "expt_args": {
        "save_dir": "all_expt_logs/expt_logs_11.05.24-half_intv_weight_error",
        "exp_name": "146",
        "num_nodes": 4,
        "obs_noise_mean": 0.0,
        "obs_noise_var": 1.0,
        "max_edge_strength": 1.0,
        "graph_sparsity_method": "adj_dense_prop",
        "adj_dense_prop": 0.8,
        "num_parents": null,
        "new_noise_mean": 1.0,
        "mix_samples": 4096,
        "stage2_samples": 4096,
        "gmm_tol": 0.001,
        "intv_type": "do",
        "new_noise_var": null,
        "intv_targets": [
            3,
            2
        ]
    },
    "intv_args_dict": {
        "3": {
            "intv_type": "do",
            "inode": 3,
            "new_mui": 1.0,
            "new_vari": null,
            "true_params": {
                "Si": [
                    [
                        1.0,
                        -0.5989362749716209,
                        1.40315616789012,
                        0.0
                    ],
                    [
                        -0.5989362749716209,
                        1.358724661476881,
                        -1.7093785291045394,
                        0.0
                    ],
                    [
                        1.40315616789012,
                        -1.7093785291045394,
                        3.723968954424064,
                        0.0
                    ],
                    [
                        0.0,
                        0.0,
                        0.0,
                        1e-09
                    ]
                ],
                "mui": [
                    0.0,
                    0.0,
                    0.0,
                    1.0
                ],
                "Ai": [
                    [
                        0.0,
                        0.0,
                        0.0,
                        0.0
                    ],
                    [
                        -0.5989362749716209,
                        0.0,
                        0.0,
                        0.0
                    ],
                    [
                        0.8826940804773598,
                        -0.8689774007049764,
                        0.0,
                        0.0
                    ],
                    [
                        0.0,
                        0.0,
                        0.0,
                        0.0
                    ]
                ]
            },
            "est_params": {
                "mui": [
                    0.02452956903650122,
                    0.003920150092839182,
                    0.03014238217612892,
                    1.0000014462761073
                ],
                "Si": [
                    [
                        0.9985674974299968,
                        -0.5783706839446222,
                        1.3701496323357634,
                        7.666583337725569e-07
                    ],
                    [
                        -0.5783706839446222,
                        1.3666455633296655,
                        -1.6888408892788875,
                        4.791824058778217e-07
                    ],
                    [
                        1.3701496323357634,
                        -1.6888408892788875,
                        3.6128880497601994,
                        1.824771235352293e-06
                    ],
                    [
                        7.666583337725569e-07,
                        4.791824058778217e-07,
                        1.8247712353522925e-06,
                        1.0021780581349355e-06
                    ]
                ]
            },
            "est_tgt": [
                3
            ],
            "oracle_est_tgt": [
                3
            ],
            "intv_base_est_tgt": []
        },
        "2": {
            "intv_type": "do",
            "inode": 2,
            "new_mui": 1.0,
            "new_vari": null,
            "true_params": {
                "Si": [
                    [
                        1.0,
                        -0.5989362749716209,
                        0.0,
                        0.5038108495886133
                    ],
                    [
                        -0.5989362749716209,
                        1.358724661476881,
                        0.0,
                        0.31430742250665833
                    ],
                    [
                        0.0,
                        0.0,
                        1e-09,
                        5.832534980695247e-10
                    ],
                    [
                        0.5038108495886133,
                        0.31430742250665833,
                        5.832534980695247e-10,
                        1.6333528516422926
                    ]
                ],
                "mui": [
                    0.0,
                    0.0,
                    1.0,
                    0.5832534980695246
                ],
                "Ai": [
                    [
                        0.0,
                        0.0,
                        0.0,
                        0.0
                    ],
                    [
                        -0.5989362749716209,
                        0.0,
                        0.0,
                        0.0
                    ],
                    [
                        0.0,
                        0.0,
                        0.0,
                        0.0
                    ],
                    [
                        0.8727903428877379,
                        0.61605801604955,
                        0.5832534980695246,
                        0.0
                    ]
                ]
            },
            "est_params": {
                "mui": [
                    -0.00020367100355667679,
                    -0.00878192704156378,
                    0.9999980723369503,
                    0.5732519133210092
                ],
                "Si": [
                    [
                        0.9383466455297257,
                        -0.5797889064167292,
                        6.301561392312541e-07,
                        0.45103306031317597
                    ],
                    [
                        -0.5797889064167293,
                        1.3220961101237545,
                        -4.152044981407924e-06,
                        0.22203587826567034
                    ],
                    [
                        6.301561392312551e-07,
                        -4.152044981407924e-06,
                        1.0175663083393508e-06,
                        -9.410945820808187e-07
                    ],
                    [
                        0.45103306031317597,
                        0.22203587826567037,
                        -9.410945820808187e-07,
                        1.3817910997748224
                    ]
                ]
            },
            "est_tgt": [
                1,
                2,
                3
            ],
            "oracle_est_tgt": [
                1,
                2
            ],
            "intv_base_est_tgt": [
                2,
                3
            ]
        },
        "obs": {
            "intv_type": "obs",