{
    "expt_args": {
        "save_dir": "all_expt_logs/expt_logs_11.05.24-half_intv_weight_error",
        "exp_name": "147",
        "num_nodes": 4,
        "obs_noise_mean": 0.0,
        "obs_noise_var": 1.0,
        "max_edge_strength": 1.0,
        "graph_sparsity_method": "adj_dense_prop",
        "adj_dense_prop": 0.8,
        "num_parents": null,
        "new_noise_mean": 1.0,
        "mix_samples": 8192,
        "stage2_samples": 8192,
        "gmm_tol": 0.001,
        "intv_type": "do",
        "new_noise_var": null,
        "intv_targets": [
            2,
            1
        ]
    },
    "intv_args_dict": {
        "2": {
            "intv_type": "do",
            "inode": 2,
            "new_mui": 1.0,
            "new_vari": null,
            "true_params": {
                "Si": [
                    [
                        1.0,
                        -0.7939161614753493,
                        0.0,
                        -0.5201819191834349
                    ],
                    [
                        -0.7939161614753493,
                        1.630302871451753,
                        0.0,
                        -0.10248541296586966
                    ],
                    [
                        0.0,
                        0.0,
                        1e-09,
                        -8.962736702473133e-10
                    ],
                    [
                        -0.5201819191834349,
                        -0.10248541296586966,
                        -8.962736702473133e-10,
                        1.5362946801117952
                    ]
                ],
                "mui": [
                    0.0,
                    0.0,
                    1.0,
                    -0.8962736702473133
                ],
                "Ai": [
                    [
                        0.0,
                        0.0,
                        0.0,
                        0.0
                    ],
                    [
                        -0.7939161614753493,
                        0.0,
                        0.0,
                        0.0
                    ],
                    [
                        0.0,
                        0.0,
                        0.0,
                        0.0
                    ],
                    [
                        -0.9294189021911168,
                        -0.5154662455128627,
                        -0.8962736702473133,
                        0.0
                    ]
                ]
            },
            "est_params": {
                "mui": [
                    -0.04161769297903411,
                    0.023060238620774304,
                    1.0000043423777685,
                    -0.85186882303444
                ],
                "Si": [
                    [
                        1.0235455827095488,
                        -0.8177078675912418,
                        -1.823500184262878e-06,
                        -0.5539777314434626
                    ],
                    [
                        -0.8177078675912418,
                        1.6885755408033147,
                        -5.496773204180271e-07,
                        -0.07397541315232785
                    ],
                    [
                        -1.823500184262878e-06,
                        -5.496773204180274e-07,
                        1.016558761402501e-06,
                        2.7272272537884073e-07
                    ],
                    [
                        -0.5539777314434626,
                        -0.07397541315232785,
                        2.7272272537884073e-07,
                        1.5780839500055217
                    ]
                ]
            },
            "est_tgt": [
                2
            ],
            "oracle_est_tgt": [
                2
            ],
            "intv_base_est_tgt": []
        },
        "1": {
            "intv_type": "do",
            "inode": 1,
            "new_mui": 1.0,
            "new_vari": null,
            "true_params": {
                "Si": [
                    [
                        1.0,
                        0.0,
                        0.0,
                        -0.9294189021911168
                    ],
                    [
                        0.0,
                        1e-09,
                        -8.329224739340532e-10,
                        2.310602372314833e-10
                    ],
                    [
                        0.0,
                        -8.329224739340532e-10,
                        1.00000000069376,
                        -0.8962736704397686
                    ],
                    [
                        -0.9294189021911168,
                        2.310602372314833e-10,
                        -0.8962736704397686,
                        2.667125987782119
                    ]
                ],
                "mui": [
                    0.0,
                    1.0,
                    -0.8329224739340532,
                    0.23106023723148328
                ],
                "Ai": [
                    [
                        0.0,
                        0.0,
                        0.0,
                        0.0
                    ],
                    [
                        0.0,
                        0.0,
                        0.0,
                        0.0
                    ],
                    [
                        0.0,
                        -0.8329224739340532,
                        0.0,
                        0.0
                    ],
                    [
                        -0.9294189021911168,
                        -0.5154662455128627,
                        -0.8962736702473133,
                        0.0
                    ]
                ]
            },
            "est_params": {
                "mui": [
                    0.032627650329492316,
                    1.0000008200035835,
                    -0.82103869944258,
                    0.16548444164285211
                ],
                "Si": [
                    [
                        0.9821130840488926,
                        2.618360567644775e-06,
                        -0.004263379565944555,
                        -0.9252475761941998
                    ],
                    [
                        2.618360567644775e-06,
                        1.0142813818193378e-06,
                        -1.7609413193061906e-06,
                        -5.845322890678653e-07
                    ],
                    [
                        -0.004263379565944555,
                        -1.7609413193061906e-06,
                        0.9605612656018194,
                        -0.8876021770268522
                    ],
                    [
                        -0.9252475761942,
                        -5.84532289067866e-07,
                        -0.8876021770268522,
                        2.714092546129189
                    ]
                ]
            },
            "est_tgt": [
                0,
                1
            ],
            "oracle_est_tgt": [
                1
            ],
            "intv_base_est_tgt": [
                1,
                2,
                3
            ]
        },
        "obs": {
            "intv_type": "obs",