{
    "expt_args": {
        "save_dir": "all_expt_logs/expt_logs_11.05.24-half_intv_weight_error",
        "exp_name": "148",
        "num_nodes": 4,
        "obs_noise_mean": 0.0,
        "obs_noise_var": 1.0,
        "max_edge_strength": 1.0,
        "graph_sparsity_method": "adj_dense_prop",
        "adj_dense_prop": 0.8,
        "num_parents": null,
        "new_noise_mean": 1.0,
        "mix_samples": 16384,
        "stage2_samples": 16384,
        "gmm_tol": 0.001,
        "intv_type": "do",
        "new_noise_var": null,
        "intv_targets": [
            1,
            2
        ]
    },
    "intv_args_dict": {
        "1": {
            "intv_type": "do",
            "inode": 1,
            "new_mui": 1.0,
            "new_vari": null,
            "true_params": {
                "Si": [
                    [
                        1.0,
                        0.0,
                        0.0,
                        0.0
                    ],
                    [
                        0.0,
                        1e-09,
                        -7.403881275275431e-10,
                        -1.2262034431652413e-10
                    ],
                    [
                        0.0,
                        -7.403881275275431e-10,
                        1.0000000005481746,
                        -0.8537763008569034
                    ],
                    [
                        0.0,
                        -1.2262034431652413e-10,
                        -0.8537763008569034,
                        1.7289339720749561
                    ]
                ],
                "mui": [
                    0.0,
                    1.0,
                    -0.740388127527543,
                    -0.12262034431652413
                ],
                "Ai": [
                    [
                        0.0,
                        0.0,
                        0.0,
                        0.0
                    ],
                    [
                        0.0,
                        0.0,
                        0.0,
                        0.0
                    ],
                    [
                        -0.0,
                        -0.740388127527543,
                        0.0,
                        0.0
                    ],
                    [
                        -0.0,
                        -0.7547461811025764,
                        -0.85377630094769,
                        0.0
                    ]
                ]
            },
            "est_params": {
                "mui": [
                    -0.010464554025974905,
                    1.0000012719660007,
                    -0.7474463595978103,
                    -0.11677383007926166
                ],
                "Si": [
                    [
                        1.0185322927724962,
                        2.0100589609727704e-07,
                        -0.0017781377976011823,
                        -0.003518516038384482
                    ],
                    [
                        2.0100589609727727e-07,
                        1.008669080922996e-06,
                        5.536988232508817e-07,
                        -4.678101709757412e-07
                    ],
                    [
                        -0.0017781377976011827,
                        5.536988232508815e-07,
                        0.9836694970898885,
                        -0.8607493419423599
                    ],
                    [
                        -0.003518516038384479,
                        -4.6781017097574134e-07,
                        -0.8607493419423599,
                        1.7526542484518068
                    ]
                ]
            },
            "est_tgt": [
                1
            ],
            "oracle_est_tgt": [
                1
            ],
            "intv_base_est_tgt": []
        },
        "2": {
            "intv_type": "do",
            "inode": 2,
            "new_mui": 1.0,
            "new_vari": null,
            "true_params": {
                "Si": [
                    [
                        1.0,
                        -0.5167619587707565,
                        0.0,
                        0.3900241149213155
                    ],
                    [
                        -0.5167619587707565,
                        1.267042922032589,
                        0.0,
                        -0.9562958066971461
                    ],
                    [
                        0.0,
                        0.0,
                        1e-09,
                        -8.537763009476901e-10
                    ],
                    [
                        0.3900241149213155,
                        -0.9562958066971461,
                        -8.537763009476901e-10,
                        1.7217606088380126
                    ]
                ],
                "mui": [
                    0.0,
                    0.0,
                    1.0,
                    -0.85377630094769
                ],
                "Ai": [
                    [
                        0.0,
                        0.0,
                        0.0,
                        0.0
                    ],
                    [
                        -0.5167619587707565,
                        0.0,
                        0.0,
                        0.0
                    ],
                    [
                        0.0,
                        0.0,
                        0.0,
                        0.0
                    ],
                    [
                        -0.0,
                        -0.7547461811025764,
                        -0.85377630094769,
                        0.0
                    ]
                ]
            },
            "est_params": {
                "mui": [
                    -0.033325751753790496,
                    -0.0046736366565829236,
                    1.0000006196166829,
                    -0.822944791271801
                ],
                "Si": [
                    [
                        1.0189249337686341,
                        -0.5436869985433644,
                        -1.2156867071208255e-06,
                        0.3966022120346261
                    ],
                    [
                        -0.5436869985433644,
                        1.2396278055837917,
                        1.1692088642716248e-06,
                        -0.9140992969024311
                    ],
                    [
                        -1.2156867071208248e-06,
                        1.1692088642716243e-06,
                        1.0069001055928548e-06,
                        -7.289470852103616e-07
                    ],
                    [
                        0.3966022120346261,
                        -0.9140992969024311,
                        -7.289470852103613e-07,
                        1.6594117242863975
                    ]
                ]
            },
            "est_tgt": [
                2,
                3
            ],
            "oracle_est_tgt": [
                2
            ],
            "intv_base_est_tgt": [
                1,
                2,
                3
            ]
        },
        "obs": {
            "intv_type": "obs",