{
    "expt_args": {
        "save_dir": "all_expt_logs/expt_logs_11.05.24-half_intv_weight_error",
        "exp_name": "2",
        "num_nodes": 4,
        "obs_noise_mean": 0.0,
        "obs_noise_var": 1.0,
        "max_edge_strength": 1.0,
        "graph_sparsity_method": "adj_dense_prop",
        "adj_dense_prop": 0.8,
        "num_parents": null,
        "new_noise_mean": 1.0,
        "mix_samples": 4096,
        "stage2_samples": 4096,
        "gmm_tol": 0.001,
        "intv_type": "do",
        "new_noise_var": null,
        "intv_targets": [
            3,
            0
        ]
    },
    "intv_args_dict": {
        "3": {
            "intv_type": "do",
            "inode": 3,
            "new_mui": 1.0,
            "new_vari": null,
            "true_params": {
                "Si": [
                    [
                        1.0,
                        0.0,
                        0.5325286634510826,
                        0.0
                    ],
                    [
                        0.0,
                        1.0,
                        -0.7779828722070252,
                        0.0
                    ],
                    [
                        0.5325286634510826,
                        -0.7779828722070252,
                        1.8888441268444889,
                        0.0
                    ],
                    [
                        0.0,
                        0.0,
                        0.0,
                        1e-09
                    ]
                ],
                "mui": [
                    0.0,
                    0.0,
                    0.0,
                    1.0
                ],
                "Ai": [
                    [
                        0.0,
                        0.0,
                        0.0,
                        0.0
                    ],
                    [
                        -0.0,
                        0.0,
                        0.0,
                        0.0
                    ],
                    [
                        0.5325286634510826,
                        -0.7779828722070252,
                        0.0,
                        0.0
                    ],
                    [
                        0.0,
                        0.0,
                        0.0,
                        0.0
                    ]
                ]
            },
            "est_params": {
                "mui": [
                    0.018619340306813482,
                    0.01052596862074654,
                    0.02224059682868754,
                    1.0000010028580057
                ],
                "Si": [
                    [
                        0.9874764075181202,
                        -0.02466689175051381,
                        0.5734088250290527,
                        -7.886256615825025e-07
                    ],
                    [
                        -0.024666891750513818,
                        0.9841749131858153,
                        -0.7561441117568449,
                        -1.9085112931746457e-07
                    ],
                    [
                        0.5734088250290527,
                        -0.7561441117568449,
                        1.8559330409578263,
                        2.101493831106983e-06
                    ],
                    [
                        -7.886256615825026e-07,
                        -1.9085112931746462e-07,
                        2.1014938311069827e-06,
                        1.0025230097396534e-06
                    ]
                ]
            },
            "est_tgt": [
                3
            ],
            "oracle_est_tgt": [
                3
            ],
            "intv_base_est_tgt": [
                0,
                2,
                3
            ]
        },
        "0": {
            "intv_type": "do",
            "inode": 0,
            "new_mui": 1.0,
            "new_vari": null,
            "true_params": {
                "Si": [
                    [
                        1e-09,
                        0.0,
                        5.325286634510827e-10,
                        -1.0349879696619977e-09
                    ],
                    [
                        0.0,
                        1.0,
                        -0.7779828722070252,
                        0.5571910394997129
                    ],
                    [
                        5.325286634510827e-10,
                        -0.7779828722070252,
                        1.6052573497310794,
                        -1.149684708475153
                    ],
                    [
                        -1.0349879696619977e-09,
                        0.5571910394997129,
                        -1.149684708475153,
                        1.8234037550482256
                    ]
                ],
                "mui": [
                    1.0,
                    0.0,
                    0.5325286634510826,
                    -1.0349879696619977
                ],
                "Ai": [
                    [
                        0.0,
                        0.0,
                        0.0,
                        0.0
                    ],
                    [
                        -0.0,
                        0.0,
                        0.0,
                        0.0
                    ],
                    [
                        0.5325286634510826,
                        -0.7779828722070252,
                        0.0,
                        0.0
                    ],
                    [
                        -0.6535911418501602,
                        0.0,
                        -0.7161996226459875,
                        0.0
                    ]
                ]
            },
            "est_params": {
                "mui": [
                    1.0000006930601089,
                    -0.012672941534249452,
                    0.5026611202943962,
                    -1.0505960791976794
                ],
                "Si": [
                    [
                        1.0123386138683738e-06,
                        2.3600315283006856e-06,
                        4.214521410323845e-06,
                        -4.2581485676185395e-06
                    ],
                    [
                        2.360031528300685e-06,
                        0.9813892169370475,
                        -0.7884057268685416,
                        0.5819261259926811
                    ],
                    [
                        4.214521410323845e-06,
                        -0.7884057268685417,
                        1.6919951756088205,
                        -1.211100986275907
                    ],
                    [
                        -4.2581485676185395e-06,
                        0.5819261259926811,
                        -1.211100986275907,
                        1.870670553334673
                    ]
                ]
            },
            "est_tgt": [
                0
            ],
            "oracle_est_tgt": [
                0
            ],
            "intv_base_est_tgt": []
        },
        "obs": {
            "intv_type": "obs",