{
    "expt_args": {
        "save_dir": "all_expt_logs/expt_logs_11.05.24-half_intv_weight_error",
        "exp_name": "54",
        "num_nodes": 4,
        "obs_noise_mean": 0.0,
        "obs_noise_var": 1.0,
        "max_edge_strength": 1.0,
        "graph_sparsity_method": "adj_dense_prop",
        "adj_dense_prop": 0.8,
        "num_parents": null,
        "new_noise_mean": 1.0,
        "mix_samples": 65536,
        "stage2_samples": 65536,
        "gmm_tol": 0.001,
        "intv_type": "do",
        "new_noise_var": null,
        "intv_targets": [
            2,
            3
        ]
    },
    "intv_args_dict": {
        "2": {
            "intv_type": "do",
            "inode": 2,
            "new_mui": 1.0,
            "new_vari": null,
            "true_params": {
                "Si": [
                    [
                        1.0,
                        0.0,
                        0.0,
                        -0.6535911418501602
                    ],
                    [
                        0.0,
                        1.0,
                        0.0,
                        0.0
                    ],
                    [
                        0.0,
                        0.0,
                        1e-09,
                        -7.161996226459875e-10
                    ],
                    [
                        -0.6535911418501602,
                        0.0,
                        -7.161996226459875e-10,
                        1.4271813812179381
                    ]
                ],
                "mui": [
                    0.0,
                    0.0,
                    1.0,
                    -0.7161996226459875
                ],
                "Ai": [
                    [
                        0.0,
                        0.0,
                        0.0,
                        0.0
                    ],
                    [
                        -0.0,
                        0.0,
                        0.0,
                        0.0
                    ],
                    [
                        0.0,
                        0.0,
                        0.0,
                        0.0
                    ],
                    [
                        -0.6535911418501602,
                        0.0,
                        -0.7161996226459875,
                        0.0
                    ]
                ]
            },
            "est_params": {
                "mui": [
                    0.002117314220269009,
                    0.0038465289729135957,
                    1.000000028650431,
                    -0.7151109865991401
                ],
                "Si": [
                    [
                        1.0053675269780267,
                        -0.006924043273053697,
                        -6.396373236614162e-07,
                        -0.6664435486808896
                    ],
                    [
                        -0.006924043273053695,
                        0.9847599751375377,
                        -9.533574646971919e-08,
                        0.010129488649237035
                    ],
                    [
                        -6.396373236614162e-07,
                        -9.533574646971915e-08,
                        1.0106272588542195e-06,
                        7.247981377072007e-07
                    ],
                    [
                        -0.6664435486808896,
                        0.010129488649237035,
                        7.24798137707201e-07,
                        1.4387334513865688
                    ]
                ]
            },
            "est_tgt": [
                2
            ],
            "oracle_est_tgt": [
                2
            ],
            "intv_base_est_tgt": []
        },
        "3": {
            "intv_type": "do",
            "inode": 3,
            "new_mui": 1.0,
            "new_vari": null,
            "true_params": {
                "Si": [
                    [
                        1.0,
                        0.0,
                        0.5325286634510826,
                        0.0
                    ],
                    [
                        0.0,
                        1.0,
                        -0.7779828722070252,
                        0.0
                    ],
                    [
                        0.5325286634510826,
                        -0.7779828722070252,
                        1.8888441268444889,
                        0.0
                    ],
                    [
                        0.0,
                        0.0,
                        0.0,
                        1e-09
                    ]
                ],
                "mui": [
                    0.0,
                    0.0,
                    0.0,
                    1.0
                ],
                "Ai": [
                    [
                        0.0,
                        0.0,
                        0.0,
                        0.0
                    ],
                    [
                        -0.0,
                        0.0,
                        0.0,
                        0.0
                    ],
                    [
                        0.5325286634510826,
                        -0.7779828722070252,
                        0.0,
                        0.0
                    ],
                    [
                        0.0,
                        0.0,
                        0.0,
                        0.0
                    ]
                ]
            },
            "est_params": {
                "mui": [
                    0.004976816611344471,
                    -0.0048629622383192135,
                    0.007574508173478041,
                    0.9999998965203546
                ],
                "Si": [
                    [
                        1.0131318167340857,
                        0.006967266310428302,
                        0.5391108451494007,
                        -4.4711495522252626e-07
                    ],
                    [
                        0.006967266310428302,
                        1.0026119622539476,
                        -0.7850151041539355,
                        -3.24414118745475e-07
                    ],
                    [
                        0.5391108451494008,
                        -0.7850151041539354,
                        1.9197154891921882,
                        4.146129748688688e-07
                    ],
                    [
                        -4.471149552225261e-07,
                        -3.2441411874547495e-07,
                        4.146129748688688e-07,
                        1.0068810447130136e-06
                    ]
                ]
            },
            "est_tgt": [
                3
            ],
            "oracle_est_tgt": [
                3
            ],
            "intv_base_est_tgt": [
                2,
                3
            ]
        },
        "obs": {
            "intv_type": "obs",
            "true_params": {
                "Si": [
                    [
                        1.0,
                        0.0,
                        0.5325286634510826,
                        -1.0349879696619977
                    ],
                    [
                        0.0,
                        1.0,
                        -0.7779828722070252,
                        0.5571910394997129
                    ],
                    [
                        0.5325286634510826,
                        -0.7779828722070252,
                        1.8888441268444889,
                        -1.7008454680960454
                    ],
                    [
                        -1.0349879696619977,
                        0.5571910394997129,
                        -1.7008454680960454,
                        2.8946038513220897
                    ]
                ],