{
    "expt_args": {
        "save_dir": "expt_logs_29.04.24-2",
        "exp_name": "340",
        "num_nodes": 4,
        "obs_noise_mean": 0.5,
        "obs_noise_var": 1.0,
        "max_edge_strength": 10.0,
        "num_parents": 2,
        "new_noise_mean": 10.0,
        "mix_samples": 16384,
        "stage2_samples": 16384,
        "intv_targets": [
            0,
            1,
            2,
            3
        ]
    },
    "intv_args_dict": {
        "0": {
            "intv_type": "do",
            "inode": 0,
            "new_mui": 10.0,
            "true_params": {
                "Si": [
                    [
                        1.7903017364650173e-36,
                        -1.6820542305467354e-35,
                        -1.4855023605493609e-34,
                        1.3380215754856186e-18
                    ],
                    [
                        -1.6820542305467354e-35,
                        1.0,
                        5.176966570856752,
                        9.554765699946174
                    ],
                    [
                        -1.4855023605493609e-34,
                        5.176966570856752,
                        27.80098287576832,
                        49.46470262099006
                    ],
                    [
                        1.3380215754856186e-18,
                        9.554765699946174,
                        49.46470262099006,
                        92.2935475808679
                    ]
                ],
                "mui": [
                    10.0,
                    -93.45367251712446,
                    -533.7469858775073,
                    -824.4723349168831
                ],
                "Ai": [
                    [
                        0.0,
                        0.0,
                        0.0,
                        0.0
                    ],
                    [
                        -9.395367251712447,
                        0.0,
                        0.0,
                        0.0
                    ],
                    [
                        -5.044044733255957,
                        5.176966570856752,
                        0.0,
                        0.0
                    ],
                    [
                        6.795560978374014,
                        9.554765699946174,
                        -0.0,
                        0.0
                    ]
                ]
            },
            "est_params": {
                "mui": [
                    10.0,
                    -93.43884150521039,
                    -533.6839495338168,
                    -824.3327948211412
                ],
                "Si": [
                    [
                        1e-06,
                        0.0,
                        0.0,
                        0.0
                    ],
                    [
                        0.0,
                        1.003097030597119,
                        5.205692569869605,
                        9.595653923287573
                    ],
                    [
                        0.0,
                        5.205692569869605,
                        28.003823112129417,
                        49.796741294134804
                    ],
                    [
                        0.0,
                        9.595653923287573,
                        49.796741294134804,
                        92.78174293371802
                    ]
                ]
            },
            "est_tgt": [
                0
            ]
        },
        "1": {
            "intv_type": "do",
            "inode": 1,
            "new_mui": 10.0,
            "true_params": {
                "Si": [
                    [
                        1.0,
                        -7.239180137234048e-17,
                        -5.044044733255957,
                        6.795560978374013
                    ],
                    [
                        -7.239180137234048e-17,
                        5.3224568575875906e-33,
                        3.741964596146079e-16,
                        -4.919429005600792e-16
                    ],
                    [
                        -5.044044733255957,
                        3.741964596146079e-16,
                        26.442387271087156,
                        -34.27711356248714
                    ],
                    [
                        6.795560978374013,
                        -4.919429005600792e-16,
                        -34.27711356248714,
                        47.17964901079957
                    ]
                ],
                "mui": [
                    0.5,
                    10.0,
                    49.747643341939565,
                    99.44543748864874
                ],
                "Ai": [
                    [
                        0.0,
                        0.0,
                        0.0,
                        0.0
                    ],
                    [
                        0.0,
                        0.0,
                        0.0,
                        0.0
                    ],
                    [
                        -5.044044733255957,
                        5.176966570856752,
                        0.0,
                        0.0
                    ],
                    [
                        6.795560978374014,
                        9.554765699946174,
                        -0.0,
                        0.0
                    ]
                ]
            },
            "est_params": {
                "mui": [
                    0.5355529514242607,
                    9.999999999999995,
                    49.538615714638084,
                    99.67831661492362
                ],
                "Si": [
                    [
                        1.0539858400466495,
                        2.092143996530831e-30,
                        -5.300761646116328,
                        7.144760142986804
                    ],
                    [
                        2.088291061273512e-30,
                        1e-06,
                        1.3163167922570733e-28,
                        2.3358034807445984e-28
                    ],
                    [
                        -5.300761646116328,
                        1.3169332618982442e-28,
                        27.656347090175878,
                        -35.93014937299828
                    ],
                    [
                        7.144760142986804,
                        2.3345705414622563e-28,
                        -35.93014937299828,
                        49.415449786835325
                    ]
                ]
            },
            "est_tgt": [
                1
            ]
        },
        "2": {
            "intv_type": "do",
            "inode": 2,
            "new_mui": 10.0,
            "true_params": {
                "Si": [
                    [
                        1.0,
                        -9.395367251712447,
                        0.0,
                        -82.97497177668562
                    ],
                    [
                        -9.395367251712447,
                        89.27292579455069,
                        0.0,
                        789.1350982423828
                    ],
                    [
                        0.0,
                        0.0,
                        0.0,
                        0.0
                    ],
                    [
                        -82.97497177668562,
                        789.1350982423828,
                        0.0,
                        6977.139488922643
                    ]
                ],
                "mui": [
                    0.5,
                    -4.197683625856223,
                    10.0,
                    -36.21010303836972
                ],