{
    "expt_args": {
        "save_dir": "expt_logs_29.04.24-2",
        "exp_name": "48",
        "num_nodes": 4,
        "obs_noise_mean": 0.5,
        "obs_noise_var": 1.0,
        "max_edge_strength": 10.0,
        "num_parents": 2,
        "new_noise_mean": 10.0,
        "mix_samples": 1024,
        "stage2_samples": 1024,
        "intv_targets": [
            0,
            1,
            2,
            3
        ]
    },
    "intv_args_dict": {
        "0": {
            "intv_type": "do",
            "inode": 0,
            "new_mui": 10.0,
            "true_params": {
                "Si": [
                    [
                        1.3467312463519337e-31,
                        3.5602131414739793e-16,
                        1.763329603277143e-15,
                        7.902653737019933e-15
                    ],
                    [
                        3.5602131414739793e-16,
                        0.9999999999999953,
                        4.7028765082505455,
                        21.076720168253285
                    ],
                    [
                        1.763329603277143e-15,
                        4.7028765082505455,
                        23.117047451854948,
                        103.60287781407807
                    ],
                    [
                        7.902653737019933e-15,
                        21.076720168253285,
                        103.60287781407807,
                        465.31346017319845
                    ]
                ],
                "mui": [
                    9.999999999999996,
                    98.75127374078706,
                    492.4042874517133,
                    2107.502034246608
                ],
                "Ai": [
                    [
                        0.0,
                        0.0,
                        0.0,
                        0.0
                    ],
                    [
                        9.825127374078727,
                        0.0,
                        0.0,
                        0.0
                    ],
                    [
                        2.74892420163447,
                        4.702876508250567,
                        0.0,
                        0.0
                    ],
                    [
                        -9.978935354779399,
                        0.0,
                        4.481665663828744,
                        0.0
                    ]
                ]
            },
            "est_params": {
                "mui": [
                    9.999999999999998,
                    98.71839336627247,
                    492.3647616950598,
                    2107.3214107101994
                ],
                "Si": [
                    [
                        1e-06,
                        1.540020565572023e-16,
                        7.234376729181124e-16,
                        3.273635845991843e-15
                    ],
                    [
                        1.540020565572023e-16,
                        1.13712892457874,
                        5.309787902898566,
                        23.84354792948413
                    ],
                    [
                        7.234376729181124e-16,
                        5.309787902898566,
                        25.606653948698728,
                        115.01813647192913
                    ],
                    [
                        3.273635845991843e-15,
                        23.84354792948413,
                        115.01813647192913,
                        517.6765531893684
                    ]
                ]
            },
            "est_tgt": [
                0
            ]
        },
        "1": {
            "intv_type": "do",
            "inode": 1,
            "new_mui": 10.0,
            "true_params": {
                "Si": [
                    [
                        1.0000000000000004,
                        0.0,
                        2.7489242016344706,
                        2.3408238521536497
                    ],
                    [
                        0.0,
                        0.0,
                        0.0,
                        0.0
                    ],
                    [
                        2.7489242016344706,
                        0.0,
                        8.55658426633171,
                        10.91641300277714
                    ],
                    [
                        2.3408238521536497,
                        0.0,
                        10.91641300277714,
                        26.56478342915299
                    ]
                ],
                "mui": [
                    0.5000000000000037,
                    10.0,
                    48.90322718332291,
                    214.67844644052505
                ],
                "Ai": [
                    [
                        0.0,
                        0.0,
                        0.0,
                        0.0
                    ],
                    [
                        0.0,
                        0.0,
                        0.0,
                        0.0
                    ],
                    [
                        2.74892420163447,
                        4.702876508250567,
                        0.0,
                        0.0
                    ],
                    [
                        -9.978935354779399,
                        0.0,
                        4.481665663828744,
                        0.0
                    ]
                ]
            },
            "est_params": {
                "mui": [
                    0.48344672821933576,
                    10.000000000000004,
                    48.92634839281236,
                    214.95299604520798
                ],
                "Si": [
                    [
                        0.8968720692798007,
                        6.187886724393339e-31,
                        2.5085515740487283,
                        2.3123583913781744
                    ],
                    [
                        5.878492388173672e-31,
                        1e-06,
                        5.284455262631911e-29,
                        2.539508711691026e-28
                    ],
                    [
                        2.5085515740487283,
                        5.296831036080697e-29,
                        8.165460309413808,
                        11.540612370944116
                    ],
                    [
                        2.3123583913781744,
                        2.5382711343461476e-28,
                        11.540612370944116,
                        29.25319167167472
                    ]
                ]
            },
            "est_tgt": [
                1,
                3
            ]
        },
        "2": {
            "intv_type": "do",
            "inode": 2,
            "new_mui": 10.0,
            "true_params": {
                "Si": [
                    [
                        1.0,
                        9.825127374078727,
                        0.0,
                        -9.978935354779399
                    ],
                    [
                        9.825127374078727,
                        97.53312791687115,
                        0.0,
                        -98.04431091840509
                    ],
                    [
                        0.0,
                        0.0,
                        0.0,
                        0.0
                    ],
                    [
                        -9.978935354779399,
                        -98.04431091840509,
                        0.0,
                        100.57915081486624
                    ]
                ],
                "mui": [
                    0.5,
                    5.412563687039364,
                    10.0,
                    40.32718896089774
                ],