{
    "expt_args": {
        "save_dir": "expt_logs_29.04.24-2",
        "exp_name": "533",
        "num_nodes": 4,
        "obs_noise_mean": 0.5,
        "obs_noise_var": 1.0,
        "max_edge_strength": 10.0,
        "num_parents": 2,
        "new_noise_mean": 10.0,
        "mix_samples": 32768,
        "stage2_samples": 32768,
        "intv_targets": [
            0,
            1,
            2,
            3
        ]
    },
    "intv_args_dict": {
        "0": {
            "intv_type": "do",
            "inode": 0,
            "new_mui": 10.0,
            "true_params": {
                "Si": [
                    [
                        1.0067840400068295e-32,
                        -1.0033862865351648e-16,
                        4.313980705329395e-16,
                        6.297722869343902e-16
                    ],
                    [
                        -1.0033862865351648e-16,
                        0.9999999999999982,
                        -4.2994216317488005,
                        -6.276468947060082
                    ],
                    [
                        4.313980705329395e-16,
                        -4.2994216317488005,
                        19.485026367549548,
                        26.98518636198978
                    ],
                    [
                        6.297722869343902e-16,
                        -6.276468947060082,
                        26.98518636198978,
                        40.39406244340957
                    ]
                ],
                "mui": [
                    10.000000000000004,
                    -87.02490948302805,
                    411.99526664932404,
                    458.1910476519073
                ],
                "Ai": [
                    [
                        0.0,
                        0.0,
                        0.0,
                        0.0
                    ],
                    [
                        -8.752490948302814,
                        0.0,
                        0.0,
                        0.0
                    ],
                    [
                        3.7338488317011316,
                        -4.299421631748808,
                        0.0,
                        0.0
                    ],
                    [
                        -8.851809433903373,
                        -6.276468947060094,
                        0.0,
                        0.0
                    ]
                ]
            },
            "est_params": {
                "mui": [
                    10.000000000000002,
                    -87.03659139177597,
                    412.0265875075276,
                    458.27789799626305
                ],
                "Si": [
                    [
                        1e-06,
                        1.137173150477608e-29,
                        -4.0432823128092735e-29,
                        1.1609027799049185e-28
                    ],
                    [
                        1.137173150477608e-29,
                        1.0016696169827621,
                        -4.29632169801926,
                        -6.304319528382329
                    ],
                    [
                        -4.0432823128092735e-29,
                        -4.29632169801926,
                        19.44890972243683,
                        27.037811257151333
                    ],
                    [
                        1.1609027799049185e-28,
                        -6.304319528382329,
                        27.037811257151333,
                        40.691079181735255
                    ]
                ]
            },
            "est_tgt": [
                0
            ]
        },
        "1": {
            "intv_type": "do",
            "inode": 1,
            "new_mui": 10.0,
            "true_params": {
                "Si": [
                    [
                        1.0,
                        6.392581333810194e-17,
                        3.733848831701131,
                        -8.851809433903373
                    ],
                    [
                        6.392581333810194e-17,
                        4.0865096109378515e-33,
                        2.386893234480165e-16,
                        -5.658591175761568e-16
                    ],
                    [
                        3.733848831701131,
                        2.386893234480165e-16,
                        14.941627097995902,
                        -33.05131831322116
                    ],
                    [
                        -8.851809433903373,
                        -5.658591175761568e-16,
                        -33.05131831322116,
                        79.35453025414076
                    ]
                ],
                "mui": [
                    0.499999999999999,
                    10.0,
                    -40.62729190163752,
                    -66.69059418755262
                ],
                "Ai": [
                    [
                        0.0,
                        0.0,
                        0.0,
                        0.0
                    ],
                    [
                        0.0,
                        0.0,
                        0.0,
                        0.0
                    ],
                    [
                        3.7338488317011316,
                        -4.299421631748808,
                        0.0,
                        0.0
                    ],
                    [
                        -8.851809433903373,
                        -6.276468947060094,
                        0.0,
                        0.0
                    ]
                ]
            },
            "est_params": {
                "mui": [
                    0.4753394121349462,
                    9.999999961535039,
                    -40.70345421341636,
                    -66.45869999717914
                ],
                "Si": [
                    [
                        1.0221217941893548,
                        6.523928215306081e-08,
                        3.8118002110012337,
                        -9.03874260004117
                    ],
                    [
                        6.523928215306081e-08,
                        1.0000096995794418e-06,
                        2.0670730678854948e-07,
                        -6.503218711052513e-07
                    ],
                    [
                        3.8118002110012337,
                        2.0670730678854948e-07,
                        15.189983467390103,
                        -33.70004124454437
                    ],
                    [
                        -9.03874260004117,
                        -6.503218711052513e-07,
                        -33.70004124454437,
                        80.91799579824787
                    ]
                ]
            },
            "est_tgt": [
                1
            ]
        },
        "2": {
            "intv_type": "do",
            "inode": 2,
            "new_mui": 10.0,
            "true_params": {
                "Si": [
                    [
                        1.0000000000000022,
                        -8.75249094830283,
                        0.0,
                        46.08292821254388
                    ],
                    [
                        -8.75249094830283,
                        77.60609780012281,
                        0.0,
                        -409.61688099863863
                    ],
                    [
                        0.0,
                        0.0,
                        0.0,
                        0.0
                    ],
                    [
                        46.08292821254388,
                        -409.61688099863863,
                        0.0,
                        2164.0303350858776
                    ]
                ],