{
    "expt_args": {
        "save_dir": "expt_logs_29.04.24-2",
        "exp_name": "243",
        "num_nodes": 4,
        "obs_noise_mean": 0.5,
        "obs_noise_var": 1.0,
        "max_edge_strength": 10.0,
        "num_parents": 2,
        "new_noise_mean": 10.0,
        "mix_samples": 8192,
        "stage2_samples": 8192,
        "intv_targets": [
            0,
            1,
            2,
            3
        ]
    },
    "intv_args_dict": {
        "0": {
            "intv_type": "do",
            "inode": 0,
            "new_mui": 10.0,
            "true_params": {
                "Si": [
                    [
                        4.9329642514736956e-33,
                        2.0493541809925397e-32,
                        -7.023506425905588e-17,
                        -2.733952122563906e-16
                    ],
                    [
                        2.0493541809925397e-32,
                        1.0000000000000022,
                        -4.565921471241199,
                        -17.773188975406217
                    ],
                    [
                        -7.023506425905588e-17,
                        -4.565921471241199,
                        21.847638881541354,
                        85.04355954297894
                    ],
                    [
                        -2.733952122563906e-16,
                        -17.773188975406217,
                        85.04355954297894,
                        332.0383817196249
                    ]
                ],
                "mui": [
                    10.000000000000002,
                    62.95015758668163,
                    -300.40992049368253,
                    -1105.6389734370196
                ],
                "Ai": [
                    [
                        0.0,
                        0.0,
                        0.0,
                        0.0
                    ],
                    [
                        6.2450157586681545,
                        0.0,
                        0.0,
                        0.0
                    ],
                    [
                        -1.348444435063655,
                        -4.565921471241189,
                        0.0,
                        0.0
                    ],
                    [
                        6.322898890105362,
                        -0.0,
                        3.8925743877445087,
                        0.0
                    ]
                ]
            },
            "est_params": {
                "mui": [
                    10.000000000000002,
                    62.92442963803762,
                    -300.3291223540994,
                    -1105.302305091001
                ],
                "Si": [
                    [
                        1e-06,
                        0.0,
                        0.0,
                        0.0
                    ],
                    [
                        0.0,
                        1.0234397625754719,
                        -4.671379801025926,
                        -18.13694999353998
                    ],
                    [
                        0.0,
                        -4.671379801025926,
                        22.303759251266914,
                        86.61583550635912
                    ],
                    [
                        0.0,
                        -18.13694999353998,
                        86.61583550635912,
                        337.36390135431026
                    ]
                ]
            },
            "est_tgt": [
                0
            ]
        },
        "1": {
            "intv_type": "do",
            "inode": 1,
            "new_mui": 10.0,
            "true_params": {
                "Si": [
                    [
                        1.0000000000000004,
                        6.0788552300887285e-18,
                        -1.3484444350636555,
                        1.0739786188799656
                    ],
                    [
                        6.0788552300887285e-18,
                        3.695248090837707e-35,
                        -8.19699850657074e-18,
                        6.528560544381945e-18
                    ],
                    [
                        -1.3484444350636555,
                        -8.19699850657074e-18,
                        2.8183023944541405,
                        2.444373895738469
                    ],
                    [
                        1.0739786188799656,
                        6.528560544381945e-18,
                        2.444373895738469,
                        17.305565437935854
                    ]
                ],
                "mui": [
                    0.5000000000000001,
                    10.0,
                    -45.833436929943716,
                    -174.74861325074951
                ],
                "Ai": [
                    [
                        0.0,
                        0.0,
                        0.0,
                        0.0
                    ],
                    [
                        0.0,
                        0.0,
                        0.0,
                        0.0
                    ],
                    [
                        -1.348444435063655,
                        -4.565921471241189,
                        0.0,
                        0.0
                    ],
                    [
                        6.322898890105362,
                        -0.0,
                        3.8925743877445087,
                        0.0
                    ]
                ]
            },
            "est_params": {
                "mui": [
                    0.5017700757565103,
                    9.999999999999979,
                    -45.83468187381824,
                    -174.7552564949961
                ],
                "Si": [
                    [
                        1.0166191741608892,
                        2.3334583909219872e-29,
                        -1.3643213489630253,
                        1.1188701601065096
                    ],
                    [
                        2.3334583909219872e-29,
                        1e-06,
                        -1.8800214961998943e-27,
                        -9.136121514554875e-27
                    ],
                    [
                        -1.3643213489630253,
                        -1.8799598460442555e-27,
                        2.8443115300290653,
                        2.4376895797094624
                    ],
                    [
                        1.1188701601065096,
                        -9.135320062531574e-27,
                        2.4376895797094624,
                        17.477322549838714
                    ]
                ]
            },
            "est_tgt": [
                1,
                2
            ]
        },
        "2": {
            "intv_type": "do",
            "inode": 2,
            "new_mui": 10.0,
            "true_params": {
                "Si": [
                    [
                        1.0,
                        6.2450157586681545,
                        0.0,
                        6.322898890105362
                    ],
                    [
                        6.2450157586681545,
                        40.000221826013586,
                        0.0,
                        39.48660320917337
                    ],
                    [
                        0.0,
                        0.0,
                        0.0,
                        0.0
                    ],
                    [
                        6.322898890105362,
                        39.48660320917337,
                        0.0,
                        40.97905037449562
                    ]
                ],