{
    "expt_args": {
        "save_dir": "expt_logs_29.04.24-2",
        "exp_name": "603",
        "num_nodes": 4,
        "obs_noise_mean": 0.5,
        "obs_noise_var": 1.0,
        "max_edge_strength": 10.0,
        "num_parents": 2,
        "new_noise_mean": 10.0,
        "mix_samples": 8192,
        "stage2_samples": 8192,
        "intv_targets": [
            0,
            1,
            2,
            3
        ]
    },
    "intv_args_dict": {
        "0": {
            "intv_type": "do",
            "inode": 0,
            "new_mui": 10.0,
            "true_params": {
                "Si": [
                    [
                        3.7763674705293896e-34,
                        3.2059825373789047e-34,
                        1.9432877992025244e-17,
                        -1.8174638222908104e-16
                    ],
                    [
                        3.2059825373789047e-34,
                        1.0000000000000004,
                        8.7867654249725,
                        -76.03795748150218
                    ],
                    [
                        1.9432877992025244e-17,
                        8.7867654249725,
                        78.20724663349213,
                        -677.4802158946862
                    ],
                    [
                        -1.8174638222908104e-16,
                        -76.03795748150218,
                        -677.4802158946862,
                        5870.240610379668
                    ]
                ],
                "mui": [
                    10.000000000000004,
                    26.365033062594517,
                    271.82962956548073,
                    -2379.899098078412
                ],
                "Ai": [
                    [
                        0.0,
                        0.0,
                        0.0,
                        0.0
                    ],
                    [
                        2.586503306259451,
                        0.0,
                        0.0,
                        0.0
                    ],
                    [
                        3.966626862281851,
                        8.786765424972497,
                        0.0,
                        0.0
                    ],
                    [
                        -0.0,
                        6.1404428635048,
                        -9.352520110694108,
                        0.0
                    ]
                ]
            },
            "est_params": {
                "mui": [
                    -0.19376712982660546,
                    -0.15625110110184504,
                    -1.6352645617036143,
                    14.892132288867288
                ],
                "Si": [
                    [
                        0.456449803346169,
                        1.0653900320760832,
                        11.133193112359768,
                        -97.62337532507979
                    ],
                    [
                        1.0653900320760832,
                        3.342785293124292,
                        33.57201348912226,
                        -293.56695710892285
                    ],
                    [
                        11.133193112359768,
                        33.57201348912227,
                        340.34428754569166,
                        -2978.0893719743835
                    ],
                    [
                        -97.62337532507979,
                        -293.56695710892285,
                        -2978.0893719743835,
                        26061.348173611204
                    ]
                ]
            },
            "est_tgt": [
                0,
                1,
                2
            ]
        },
        "1": {
            "intv_type": "do",
            "inode": 1,
            "new_mui": 10.0,
            "true_params": {
                "Si": [
                    [
                        1.000000000000003,
                        -7.216490966182265e-32,
                        3.966626862281863,
                        -37.09795750111059
                    ],
                    [
                        -7.216490966182265e-32,
                        8.37686333635626e-32,
                        2.892880658425924e-16,
                        -2.696569769276129e-15
                    ],
                    [
                        3.966626862281863,
                        2.892880658425924e-16,
                        16.734128664576016,
                        -156.50627487038992
                    ],
                    [
                        -37.09795750111059,
                        -2.696569769276129e-15,
                        -156.50627487038992,
                        1464.7280831751416
                    ]
                ],
                "mui": [
                    0.5000000000000231,
                    10.000000000000004,
                    90.35096768086602,
                    -783.1048136209249
                ],
                "Ai": [
                    [
                        0.0,
                        0.0,
                        0.0,
                        0.0
                    ],
                    [
                        0.0,
                        0.0,
                        0.0,
                        0.0
                    ],
                    [
                        3.966626862281851,
                        8.786765424972497,
                        0.0,
                        0.0
                    ],
                    [
                        -0.0,
                        6.1404428635048,
                        -9.352520110694108,
                        0.0
                    ]
                ]
            },
            "est_params": {
                "mui": [
                    10.000000000000002,
                    26.329088184722288,
                    271.5077510408216,
                    -2377.0951495955155
                ],
                "Si": [
                    [
                        1e-06,
                        -3.3249668434956445e-30,
                        1.7507125535161307e-29,
                        6.253249346080152e-28
                    ],
                    [
                        -3.3249668434956445e-30,
                        0.9624229056050139,
                        8.479711374028977,
                        -73.40859023712633
                    ],
                    [
                        1.7507125535161307e-29,
                        8.479711374028977,
                        75.74192517642642,
                        -656.424917691288
                    ],
                    [
                        6.253249346080152e-28,
                        -73.40859023712633,
                        -656.424917691288,
                        5690.544125545407
                    ]
                ]
            },
            "est_tgt": [
                0,
                3
            ]
        },
        "2": {
            "intv_type": "do",
            "inode": 2,
            "new_mui": 10.0,