{
    "expt_args": {
        "save_dir": "expt_logs_29.04.24-2",
        "exp_name": "244",
        "num_nodes": 4,
        "obs_noise_mean": 0.5,
        "obs_noise_var": 1.0,
        "max_edge_strength": 10.0,
        "num_parents": 2,
        "new_noise_mean": 10.0,
        "mix_samples": 16384,
        "stage2_samples": 16384,
        "intv_targets": [
            0,
            1,
            2,
            3
        ]
    },
    "intv_args_dict": {
        "0": {
            "intv_type": "do",
            "inode": 0,
            "new_mui": 10.0,
            "true_params": {
                "Si": [
                    [
                        8.200694634213101e-32,
                        2.8593131210529877e-16,
                        2.4008943933913204e-15,
                        3.9666352948746486e-15
                    ],
                    [
                        2.8593131210529877e-16,
                        0.9999999999999978,
                        8.341428859951424,
                        13.781283431976602
                    ],
                    [
                        2.4008943933913204e-15,
                        8.341428859951424,
                        70.57943542563066,
                        116.60774435654311
                    ],
                    [
                        3.9666352948746486e-15,
                        13.781283431976602,
                        116.60774435654311,
                        193.65336938332996
                    ]
                ],
                "mui": [
                    9.999999999999984,
                    -39.92030133054841,
                    -270.36705414096116,
                    -489.5797630147688
                ],
                "Ai": [
                    [
                        0.0,
                        0.0,
                        0.0,
                        0.0
                    ],
                    [
                        -4.042030133054845,
                        0.0,
                        0.0,
                        0.0
                    ],
                    [
                        6.21252994756334,
                        8.34142885995144,
                        0.0,
                        0.0
                    ],
                    [
                        -4.339310221084899,
                        0.0,
                        1.6521490098828056,
                        0.0
                    ]
                ]
            },
            "est_params": {
                "mui": [
                    9.999999999999998,
                    -39.901839034982025,
                    -270.2133400994643,
                    -489.3442051105915
                ],
                "Si": [
                    [
                        1e-06,
                        2.656547627088931e-17,
                        2.223708732025558e-16,
                        3.673486559557423e-16
                    ],
                    [
                        2.656547627088931e-17,
                        0.9850158254639978,
                        8.20422676875267,
                        13.54356754706156
                    ],
                    [
                        2.223708732025558e-16,
                        8.20422676875267,
                        69.35016111723442,
                        114.49231889960217
                    ],
                    [
                        3.673486559557423e-16,
                        13.54356754706156,
                        114.49231889960217,
                        190.03472821804368
                    ]
                ]
            },
            "est_tgt": [
                0
            ]
        },
        "1": {
            "intv_type": "do",
            "inode": 1,
            "new_mui": 10.0,
            "true_params": {
                "Si": [
                    [
                        0.9999999999999998,
                        1.5459224828345477e-35,
                        6.212529947563338,
                        5.924714980649148
                    ],
                    [
                        1.5459224828345477e-35,
                        5.073672890876932e-35,
                        5.19257711991352e-34,
                        -7.122971915483684e-18
                    ],
                    [
                        6.212529947563338,
                        5.19257711991352e-34,
                        39.59552834937134,
                        38.45961825794279
                    ],
                    [
                        5.924714980649148,
                        -7.122971915483684e-18,
                        38.45961825794279,
                        38.831843952785185
                    ]
                ],
                "mui": [
                    0.5000000000000028,
                    9.999999999999998,
                    87.02055357329607,
                    142.10126631503226
                ],
                "Ai": [
                    [
                        0.0,
                        0.0,
                        0.0,
                        0.0
                    ],
                    [
                        0.0,
                        0.0,
                        0.0,
                        0.0
                    ],
                    [
                        6.21252994756334,
                        8.34142885995144,
                        0.0,
                        0.0
                    ],
                    [
                        -4.339310221084899,
                        0.0,
                        1.6521490098828056,
                        0.0
                    ]
                ]
            },
            "est_params": {
                "mui": [
                    0.5007496642924948,
                    9.999999999999984,
                    87.03921155873674,
                    142.12724307094388
                ],
                "Si": [
                    [
                        1.0244262227228222,
                        1.0070296842037731e-29,
                        6.3440943550248985,
                        6.025868169672083
                    ],
                    [
                        1.0024063054527659e-29,
                        1e-06,
                        2.010152613362945e-27,
                        2.792474531820887e-27
                    ],
                    [
                        6.3440943550248985,
                        2.0099060331628913e-27,
                        40.27611747063296,
                        38.98071756586561
                    ],
                    [
                        6.025868169672083,
                        2.7923974755083702e-27,
                        38.98071756586561,
                        39.26889617010927
                    ]
                ]
            },
            "est_tgt": [
                1
            ]
        },
        "2": {
            "intv_type": "do",
            "inode": 2,
            "new_mui": 10.0,
            "true_params": {
                "Si": [
                    [
                        1.0,
                        -4.042030133054845,
                        0.0,
                        -4.339310221084899
                    ],
                    [
                        -4.042030133054845,
                        17.33800759652337,
                        0.0,
                        17.539622670298044
                    ],
                    [
                        0.0,
                        0.0,
                        0.0,
                        0.0
                    ],
                    [
                        -4.339310221084899,
                        17.539622670298044,
                        0.0,
                        19.829613194811877
                    ]
                ],