{
    "expt_args": {
        "save_dir": "expt_logs_29.04.24-2",
        "exp_name": "678",
        "num_nodes": 4,
        "obs_noise_mean": 0.5,
        "obs_noise_var": 1.0,
        "max_edge_strength": 10.0,
        "num_parents": 2,
        "new_noise_mean": 10.0,
        "mix_samples": 65536,
        "stage2_samples": 65536,
        "intv_targets": [
            0,
            1,
            2,
            3
        ]
    },
    "intv_args_dict": {
        "0": {
            "intv_type": "do",
            "inode": 0,
            "new_mui": 10.0,
            "true_params": {
                "Si": [
                    [
                        7.622788100627673e-33,
                        8.730857976526519e-17,
                        -1.7047988347297656e-16,
                        1.5105153554935436e-16
                    ],
                    [
                        8.730857976526519e-17,
                        1.0,
                        -1.952613178811554,
                        1.7300881076689858
                    ],
                    [
                        -1.7047988347297656e-16,
                        -1.952613178811554,
                        4.812698226068561,
                        -3.3781928395396044
                    ],
                    [
                        1.5105153554935436e-16,
                        1.7300881076689858,
                        -3.3781928395396044,
                        3.993204860297652
                    ]
                ],
                "mui": [
                    10.000000000000002,
                    29.749904057179315,
                    -108.45438112813397,
                    16.649158489694948
                ],
                "Ai": [
                    [
                        0.0,
                        0.0,
                        0.0,
                        0.0
                    ],
                    [
                        2.9249904057179306,
                        0.0,
                        0.0,
                        0.0
                    ],
                    [
                        -5.086432639770632,
                        -1.9526131788115535,
                        0.0,
                        0.0
                    ],
                    [
                        -3.5320796723924284,
                        1.730088107668986,
                        0.0,
                        0.0
                    ]
                ]
            },
            "est_params": {
                "mui": [
                    10.000000000000002,
                    29.74677239478336,
                    -108.44611013849526,
                    16.64139705047973
                ],
                "Si": [
                    [
                        1e-06,
                        0.0,
                        0.0,
                        0.0
                    ],
                    [
                        0.0,
                        0.9968704918362041,
                        -1.934293613294474,
                        1.7238106650946996
                    ],
                    [
                        0.0,
                        -1.934293613294474,
                        4.747553045441054,
                        -3.3387561380110444
                    ],
                    [
                        0.0,
                        1.7238106650946996,
                        -3.3387561380110444,
                        3.998420342593174
                    ]
                ]
            },
            "est_tgt": [
                0
            ]
        },
        "1": {
            "intv_type": "do",
            "inode": 1,
            "new_mui": 10.0,
            "true_params": {
                "Si": [
                    [
                        1.0000000000000004,
                        0.0,
                        -5.086432639770634,
                        -3.5320796723924297
                    ],
                    [
                        0.0,
                        0.0,
                        0.0,
                        0.0
                    ],
                    [
                        -5.086432639770634,
                        0.0,
                        26.87179699892405,
                        17.965685331927215
                    ],
                    [
                        -3.5320796723924297,
                        0.0,
                        17.965685331927215,
                        13.475586812127807
                    ]
                ],
                "mui": [
                    0.5000000000000006,
                    10.0,
                    -21.569348108000856,
                    16.034841240493645
                ],
                "Ai": [
                    [
                        0.0,
                        0.0,
                        0.0,
                        0.0
                    ],
                    [
                        0.0,
                        0.0,
                        0.0,
                        0.0
                    ],
                    [
                        -5.086432639770632,
                        -1.9526131788115535,
                        0.0,
                        0.0
                    ],
                    [
                        -3.5320796723924284,
                        1.730088107668986,
                        0.0,
                        0.0
                    ]
                ]
            },
            "est_params": {
                "mui": [
                    0.4934140805610194,
                    9.999999881857756,
                    -21.52812010615592,
                    16.07214956139588
                ],
                "Si": [
                    [
                        0.9861779968940958,
                        -3.2236241340117646e-07,
                        -5.016628719007363,
                        -3.479231669346081
                    ],
                    [
                        -3.2236241340117646e-07,
                        1.0001836314486604e-06,
                        1.7008270854395256e-06,
                        1.2079146410998948e-06
                    ],
                    [
                        -5.016628719007363,
                        1.7008270854395256e-06,
                        26.522600878962503,
                        17.711936114409568
                    ],
                    [
                        -3.479231669346081,
                        1.2079146410998948e-06,
                        17.711936114409568,
                        13.257545534661569
                    ]
                ]
            },
            "est_tgt": [
                1
            ]
        },
        "2": {
            "intv_type": "do",
            "inode": 2,
            "new_mui": 10.0,
            "true_params": {
                "Si": [
                    [
                        0.9999999999999998,
                        2.92499040571793,
                        0.0,
                        1.528411443586046
                    ],
                    [
                        2.92499040571793,
                        9.555568873541944,
                        0.0,
                        6.200676916147663
                    ],
                    [
                        0.0,
                        0.0,
                        0.0,
                        0.0
                    ],
                    [
                        1.528411443586046,
                        6.200676916147663,
                        0.0,
                        6.329246401182435
                    ]
                ],
                "mui": [
                    0.49999999999999994,
                    1.9624952028589653,
                    10.0,
                    2.129249775627516
                ],