{
    "expt_args": {
        "save_dir": "expt_logs_29.04.24-2",
        "exp_name": "410",
        "num_nodes": 4,
        "obs_noise_mean": 0.5,
        "obs_noise_var": 1.0,
        "max_edge_strength": 10.0,
        "num_parents": 2,
        "new_noise_mean": 10.0,
        "mix_samples": 4096,
        "stage2_samples": 4096,
        "intv_targets": [
            0,
            1,
            2,
            3
        ]
    },
    "intv_args_dict": {
        "0": {
            "intv_type": "do",
            "inode": 0,
            "new_mui": 10.0,
            "true_params": {
                "Si": [
                    [
                        7.09238383344683e-37,
                        8.798731522009607e-37,
                        -1.097194444034854e-35,
                        -8.421629197160623e-19
                    ],
                    [
                        8.798731522009607e-37,
                        1.0000000000000036,
                        9.377874127146715,
                        -82.41544583234501
                    ],
                    [
                        -1.097194444034854e-35,
                        9.377874127146715,
                        88.94452314460746,
                        -781.6699637808512
                    ],
                    [
                        -8.421629197160623e-19,
                        -82.41544583234501,
                        -781.6699637808512,
                        6870.539693678164
                    ]
                ],
                "mui": [
                    9.999999999999996,
                    -9.890670789476566,
                    -80.47743026473202,
                    666.5070618351343
                ],
                "Ai": [
                    [
                        0.0,
                        0.0,
                        0.0,
                        0.0
                    ],
                    [
                        -1.0390670789476548,
                        0.0,
                        0.0,
                        0.0
                    ],
                    [
                        1.1776035432025687,
                        9.377874127146676,
                        0.0,
                        0.0
                    ],
                    [
                        -4.125166277384652,
                        0.0,
                        -8.788286632443903,
                        0.0
                    ]
                ]
            },
            "est_params": {
                "mui": [
                    9.99999999999999,
                    -10.060843505550805,
                    -82.10051727448452,
                    680.7403622676796
                ],
                "Si": [
                    [
                        1e-06,
                        -5.94408861346889e-29,
                        -3.8638499364175423e-28,
                        3.627231869514805e-27
                    ],
                    [
                        -5.943233779412161e-29,
                        0.84356083657768,
                        7.937474547873682,
                        -69.78217959799112
                    ],
                    [
                        -3.8659015381536935e-28,
                        7.937474547873682,
                        75.67434890044599,
                        -665.2742049405144
                    ],
                    [
                        3.6255905881258834e-27,
                        -69.78217959799112,
                        -665.2742049405144,
                        5849.54541251409
                    ]
                ]
            },
            "est_tgt": [
                0
            ]
        },
        "1": {
            "intv_type": "do",
            "inode": 1,
            "new_mui": 10.0,
            "true_params": {
                "Si": [
                    [
                        1.0,
                        -9.470999585386454e-17,
                        1.1776035432025678,
                        -14.474283754430354
                    ],
                    [
                        -9.470999585386454e-17,
                        1.1212479143298797e-32,
                        -1.5888582462114363e-16,
                        1.787028649630425e-15
                    ],
                    [
                        1.1776035432025678,
                        -1.5888582462114363e-16,
                        2.386750104963241,
                        -25.833254466980442
                    ],
                    [
                        -14.474283754430354,
                        1.787028649630425e-15,
                        -25.833254466980442,
                        287.73887213775856
                    ]
                ],
                "mui": [
                    0.5,
                    9.999999999999993,
                    94.86754304306798,
                    -835.2857435168834
                ],
                "Ai": [
                    [
                        0.0,
                        0.0,
                        0.0,
                        0.0
                    ],
                    [
                        0.0,
                        0.0,
                        0.0,
                        0.0
                    ],
                    [
                        1.1776035432025687,
                        9.377874127146676,
                        0.0,
                        0.0
                    ],
                    [
                        -4.125166277384652,
                        0.0,
                        -8.788286632443903,
                        0.0
                    ]
                ]
            },
            "est_params": {
                "mui": [
                    9.99999999999999,
                    -8.468442287926967,
                    -67.21066345768847,
                    550.1601229233802
                ],
                "Si": [
                    [
                        1e-06,
                        -1.1333471757608986e-30,
                        -2.588721273186273e-28,
                        4.402076754403711e-28
                    ],
                    [
                        -1.094266238665695e-30,
                        0.4552758853877682,
                        4.148255447876514,
                        -36.530892133863084
                    ],
                    [
                        -2.588721273186273e-28,
                        4.148255447876514,
                        39.45212687053163,
                        -347.60656821257413
                    ],
                    [
                        4.35205315492185e-28,
                        -36.53089213386308,
                        -347.60656821257413,
                        3063.5770730156596
                    ]
                ]
            },
            "est_tgt": [
                0,
                1,
                2
            ]
        },
        "2": {
            "intv_type": "do",
            "inode": 2,
            "new_mui": 10.0,
            "true_params": {
                "Si": [
                    [
                        1.0,
                        -1.0390670789476548,
                        0.0,
                        -4.125166277384652
                    ],
                    [
                        -1.0390670789476548,
                        2.0796603945528123,
                        0.0,
                        4.286324474015442
                    ],
                    [
                        0.0,
                        0.0,
                        0.0,
                        0.0
                    ],
                    [
                        -4.125166277384652,
                        4.286324474015442,
                        0.0,
                        18.01699681607155
                    ]
                ],