{
    "expt_args": {
        "save_dir": "expt_logs_29.04.24-2",
        "exp_name": "578",
        "num_nodes": 4,
        "obs_noise_mean": 0.5,
        "obs_noise_var": 1.0,
        "max_edge_strength": 10.0,
        "num_parents": 2,
        "new_noise_mean": 10.0,
        "mix_samples": 4096,
        "stage2_samples": 4096,
        "intv_targets": [
            0,
            1,
            2,
            3
        ]
    },
    "intv_args_dict": {
        "0": {
            "intv_type": "do",
            "inode": 0,
            "new_mui": 10.0,
            "true_params": {
                "Si": [
                    [
                        0.0,
                        0.0,
                        0.0,
                        0.0
                    ],
                    [
                        0.0,
                        1.0000000000000027,
                        6.359067440358203,
                        -16.215867714706874
                    ],
                    [
                        0.0,
                        6.359067440358203,
                        41.43773871102371,
                        -105.66783504606113
                    ],
                    [
                        0.0,
                        -16.215867714706874,
                        -105.66783504606113,
                        270.4570628283625
                    ]
                ],
                "mui": [
                    10.000000000000007,
                    -46.88410989552741,
                    -307.89284690833847,
                    715.8852973524419
                ],
                "Ai": [
                    [
                        0.0,
                        0.0,
                        0.0,
                        0.0
                    ],
                    [
                        -4.738410989552735,
                        0.0,
                        0.0,
                        0.0
                    ],
                    [
                        -1.0253630201515094,
                        6.359067440358187,
                        0.0,
                        0.0
                    ],
                    [
                        -6.975336057141145,
                        0.0,
                        -2.550038644313142,
                        0.0
                    ]
                ]
            },
            "est_params": {
                "mui": [
                    10.000000000000002,
                    -46.88605831297189,
                    -307.9087805097029,
                    715.9073164799204
                ],
                "Si": [
                    [
                        1e-06,
                        3.2363524316759458e-31,
                        8.958223530879019e-28,
                        1.0548659583016912e-27
                    ],
                    [
                        3.2363524316759458e-31,
                        1.0609671061281454,
                        6.6621959171515375,
                        -16.92338309016834
                    ],
                    [
                        8.958223530879019e-28,
                        6.6621959171515375,
                        42.834739009444384,
                        -108.78592605097644
                    ],
                    [
                        1.0548659583016912e-27,
                        -16.92338309016834,
                        -108.78592605097644,
                        277.2957095531293
                    ]
                ]
            },
            "est_tgt": [
                0
            ]
        },
        "1": {
            "intv_type": "do",
            "inode": 1,
            "new_mui": 10.0,
            "true_params": {
                "Si": [
                    [
                        0.9999999999999998,
                        1.7458896843569584e-17,
                        -1.0253630201515087,
                        -4.36062073130516
                    ],
                    [
                        1.7458896843569584e-17,
                        1.5240653949720198e-33,
                        1.7016086491103012e-17,
                        -1.6517335079814614e-16
                    ],
                    [
                        -1.0253630201515087,
                        1.7016086491103012e-17,
                        2.0513693230942236,
                        1.921180598473199
                    ],
                    [
                        -4.36062073130516,
                        -1.6517335079814614e-16,
                        1.921180598473199,
                        26.51771024977877
                    ]
                ],
                "mui": [
                    0.5000000000000051,
                    10.0,
                    63.57799289350611,
                    -165.1140068348775
                ],
                "Ai": [
                    [
                        0.0,
                        0.0,
                        0.0,
                        0.0
                    ],
                    [
                        0.0,
                        0.0,
                        0.0,
                        0.0
                    ],
                    [
                        -1.0253630201515094,
                        6.359067440358187,
                        0.0,
                        0.0
                    ],
                    [
                        -6.975336057141145,
                        0.0,
                        -2.550038644313142,
                        0.0
                    ]
                ]
            },
            "est_params": {
                "mui": [
                    0.4740013624019887,
                    10.000000000000002,
                    63.514402967814526,
                    -164.7215262195409
                ],
                "Si": [
                    [
                        1.0798704670886534,
                        2.4658131680788784e-31,
                        -1.0708476669620741,
                        -4.775028168028224
                    ],
                    [
                        2.542869829581343e-31,
                        1e-06,
                        9.231388047995301e-30,
                        -3.985370532907487e-29
                    ],
                    [
                        -1.0708476669620741,
                        9.254505046446041e-30,
                        2.074021284541478,
                        2.173158576511104
                    ],
                    [
                        -4.775028168028224,
                        -3.9822882664473885e-29,
                        2.173158576511104,
                        28.53728659938486
                    ]
                ]
            },
            "est_tgt": [
                1,
                2
            ]
        },
        "2": {
            "intv_type": "do",
            "inode": 2,
            "new_mui": 10.0,
            "true_params": {
                "Si": [
                    [
                        1.0,
                        -4.738410989552735,
                        0.0,
                        -6.975336057141145
                    ],
                    [
                        -4.738410989552735,
                        23.45253870591413,
                        0.0,
                        33.05200902898105
                    ],
                    [
                        0.0,
                        0.0,
                        0.0,
                        0.0
                    ],
                    [
                        -6.975336057141145,
                        33.05200902898105,
                        0.0,
                        49.65531311005337
                    ]
                ],