{
    "expt_args": {
        "save_dir": "expt_logs_29.04.24-2",
        "exp_name": "337",
        "num_nodes": 4,
        "obs_noise_mean": 0.5,
        "obs_noise_var": 1.0,
        "max_edge_strength": 10.0,
        "num_parents": 2,
        "new_noise_mean": 10.0,
        "mix_samples": 2048,
        "stage2_samples": 2048,
        "intv_targets": [
            0,
            1,
            2,
            3
        ]
    },
    "intv_args_dict": {
        "0": {
            "intv_type": "do",
            "inode": 0,
            "new_mui": 10.0,
            "true_params": {
                "Si": [
                    [
                        0.0,
                        0.0,
                        0.0,
                        0.0
                    ],
                    [
                        0.0,
                        1.0,
                        -3.926892846012406,
                        -4.140078134815888
                    ],
                    [
                        0.0,
                        -3.926892846012406,
                        16.420487424063413,
                        19.434391842048747
                    ],
                    [
                        0.0,
                        -4.140078134815888,
                        19.434391842048747,
                        28.231978836521108
                    ]
                ],
                "mui": [
                    9.999999999999998,
                    41.61279568034455,
                    -188.80323347217697,
                    -252.45135482954623
                ],
                "Ai": [
                    [
                        0.0,
                        0.0,
                        0.0,
                        0.0
                    ],
                    [
                        4.111279568034456,
                        0.0,
                        0.0,
                        0.0
                    ],
                    [
                        -2.5894243812456033,
                        -3.9268928460124064,
                        0.0,
                        0.0
                    ],
                    [
                        0.0,
                        8.334673343758887,
                        3.1767486325078513,
                        0.0
                    ]
                ]
            },
            "est_params": {
                "mui": [
                    9.999999999999998,
                    41.614867496782054,
                    -188.85464000709467,
                    -252.56176300323546
                ],
                "Si": [
                    [
                        1e-06,
                        0.0,
                        0.0,
                        0.0
                    ],
                    [
                        0.0,
                        1.0090241935990472,
                        -4.005125262407913,
                        -4.307129617778495
                    ],
                    [
                        0.0,
                        -4.005125262407913,
                        16.825077092345598,
                        20.099352988270503
                    ],
                    [
                        0.0,
                        -4.307129617778495,
                        20.099352988270503,
                        29.077935649094687
                    ]
                ]
            },
            "est_tgt": [
                0,
                1,
                2
            ]
        },
        "1": {
            "intv_type": "do",
            "inode": 1,
            "new_mui": 10.0,
            "true_params": {
                "Si": [
                    [
                        0.9999999999999998,
                        2.6361715712516604e-34,
                        -2.5894243812456024,
                        -8.225950362104456
                    ],
                    [
                        2.6361715712516604e-34,
                        2.838986160335173e-33,
                        5.328213734766251e-17,
                        1.692639569562824e-16
                    ],
                    [
                        -2.5894243812456024,
                        5.328213734766251e-17,
                        7.705118626189173,
                        24.477225059057226
                    ],
                    [
                        -8.225950362104456,
                        1.692639569562824e-16,
                        24.477225059057226,
                        78.75799123394697
                    ]
                ],
                "mui": [
                    0.4999999999999965,
                    10.0,
                    -40.06364065074686,
                    -43.42538221295718
                ],
                "Ai": [
                    [
                        0.0,
                        0.0,
                        0.0,
                        0.0
                    ],
                    [
                        0.0,
                        0.0,
                        0.0,
                        0.0
                    ],
                    [
                        -2.5894243812456033,
                        -3.9268928460124064,
                        0.0,
                        0.0
                    ],
                    [
                        0.0,
                        8.334673343758887,
                        3.1767486325078513,
                        0.0
                    ]
                ]
            },
            "est_params": {
                "mui": [
                    0.39727348759157854,
                    9.999999999999998,
                    -39.78473255316338,
                    -42.63238543899244
                ],
                "Si": [
                    [
                        0.9962905851391293,
                        3.8190746147346364e-31,
                        -2.5759251097218887,
                        -8.191426446145254
                    ],
                    [
                        3.6647685696948532e-31,
                        1e-06,
                        -5.572377051499175e-29,
                        -5.729383452327154e-29
                    ],
                    [
                        -2.5759251097218887,
                        -5.573920111949572e-29,
                        7.669966413852486,
                        24.412000154846766
                    ],
                    [
                        -8.191426446145254,
                        -5.730926512777551e-29,
                        24.412000154846766,
                        78.62459937125277
                    ]
                ]
            },
            "est_tgt": [
                1,
                2
            ]
        },
        "2": {
            "intv_type": "do",
            "inode": 2,
            "new_mui": 10.0,
            "true_params": {
                "Si": [
                    [
                        1.0,
                        4.111279568034456,
                        0.0,
                        34.26617222443733
                    ],
                    [
                        4.111279568034456,
                        17.90261968653758,
                        0.0,
                        149.21248708483782
                    ],
                    [
                        0.0,
                        0.0,
                        0.0,
                        0.0
                    ],
                    [
                        34.26617222443733,
                        149.21248708483782,
                        0.0,
                        1244.637338661965
                    ]
                ],
                "mui": [
                    0.5,
                    2.555639784017228,
                    10.0,
                    53.567909109176625
                ],