{
    "expt_args": {
        "save_dir": "expt_logs_29.04.24-2",
        "exp_name": "459",
        "num_nodes": 4,
        "obs_noise_mean": 0.5,
        "obs_noise_var": 1.0,
        "max_edge_strength": 10.0,
        "num_parents": 2,
        "new_noise_mean": 10.0,
        "mix_samples": 8192,
        "stage2_samples": 8192,
        "intv_targets": [
            0,
            1,
            2,
            3
        ]
    },
    "intv_args_dict": {
        "0": {
            "intv_type": "do",
            "inode": 0,
            "new_mui": 10.0,
            "true_params": {
                "Si": [
                    [
                        3.0195024293530513e-33,
                        5.2986638198315624e-17,
                        -1.4741084496421664e-16,
                        3.611759774890856e-16
                    ],
                    [
                        5.2986638198315624e-17,
                        1.0,
                        -2.507300428886523,
                        6.816359553465064
                    ],
                    [
                        -1.4741084496421664e-16,
                        -2.507300428886523,
                        7.286555440694542,
                        -17.090661231847704
                    ],
                    [
                        3.611759774890856e-16,
                        6.816359553465064,
                        -17.090661231847704,
                        47.46275756211445
                    ]
                ],
                "mui": [
                    10.000000000000002,
                    20.949775580524566,
                    31.784165338962126,
                    127.20172057512097
                ],
                "Ai": [
                    [
                        0.0,
                        0.0,
                        0.0,
                        0.0
                    ],
                    [
                        2.044977558052456,
                        0.0,
                        0.0,
                        0.0
                    ],
                    [
                        8.381154663708777,
                        -2.5073004288865235,
                        0.0,
                        0.0
                    ],
                    [
                        -1.6099482346136735,
                        6.816359553465064,
                        0.0,
                        0.0
                    ]
                ]
            },
            "est_params": {
                "mui": [
                    10.000000000000002,
                    20.95160718841946,
                    31.78216978643928,
                    127.22796187025826
                ],
                "Si": [
                    [
                        1e-06,
                        0.0,
                        0.0,
                        0.0
                    ],
                    [
                        0.0,
                        0.9526431757159102,
                        -2.419646724496991,
                        6.478085003265059
                    ],
                    [
                        0.0,
                        -2.419646724496991,
                        7.159379675309713,
                        -16.44107119307225
                    ],
                    [
                        0.0,
                        6.478085003265059,
                        -16.44107119307225,
                        45.02796510666047
                    ]
                ]
            },
            "est_tgt": [
                0
            ]
        },
        "1": {
            "intv_type": "do",
            "inode": 1,
            "new_mui": 10.0,
            "true_params": {
                "Si": [
                    [
                        1.0,
                        0.0,
                        8.381154663708777,
                        -1.6099482346136735
                    ],
                    [
                        0.0,
                        0.0,
                        0.0,
                        0.0
                    ],
                    [
                        8.381154663708777,
                        0.0,
                        71.24375349700739,
                        -13.493225154862102
                    ],
                    [
                        -1.6099482346136735,
                        0.0,
                        -13.493225154862102,
                        3.591933318135684
                    ]
                ],
                "mui": [
                    0.5,
                    9.999999999999998,
                    -20.382426957010843,
                    67.8586214173438
                ],
                "Ai": [
                    [
                        0.0,
                        0.0,
                        0.0,
                        0.0
                    ],
                    [
                        0.0,
                        0.0,
                        0.0,
                        0.0
                    ],
                    [
                        8.381154663708777,
                        -2.5073004288865235,
                        0.0,
                        0.0
                    ],
                    [
                        -1.6099482346136735,
                        6.816359553465064,
                        0.0,
                        0.0
                    ]
                ]
            },
            "est_params": {
                "mui": [
                    0.48390163685799925,
                    9.99999999999999,
                    -20.543554103367555,
                    67.84601811405832
                ],
                "Si": [
                    [
                        0.9752715266220908,
                        5.88708186646473e-30,
                        8.16374156603067,
                        -1.5547562592300175
                    ],
                    [
                        5.8562594483157005e-30,
                        1e-06,
                        -2.145240303172488e-28,
                        8.982269096990324e-28
                    ],
                    [
                        8.16374156603067,
                        -2.142774509720566e-28,
                        69.33109668961693,
                        -12.998392279665222
                    ],
                    [
                        -1.5547562592300175,
                        8.981036200264361e-28,
                        -12.998392279665222,
                        3.466852610127113
                    ]
                ]
            },
            "est_tgt": [
                1
            ]
        },
        "2": {
            "intv_type": "do",
            "inode": 2,
            "new_mui": 10.0,
            "true_params": {
                "Si": [
                    [
                        1.0,
                        2.044977558052456,
                        0.0,
                        12.329354079838843
                    ],
                    [
                        2.044977558052456,
                        5.181933212938186,
                        0.0,
                        32.02961195201799
                    ],
                    [
                        0.0,
                        0.0,
                        0.0,
                        0.0
                    ],
                    [
                        12.329354079838843,
                        32.02961195201799,
                        0.0,
                        199.4757295881532
                    ]
                ],
                "mui": [
                    0.5,
                    1.522488779026228,
                    10.0,
                    10.072856816651953
                ],