{
    "expt_args": {
        "save_dir": "expt_logs_29.04.24-2",
        "exp_name": "624",
        "num_nodes": 4,
        "obs_noise_mean": 0.5,
        "obs_noise_var": 1.0,
        "max_edge_strength": 10.0,
        "num_parents": 2,
        "new_noise_mean": 10.0,
        "mix_samples": 1024,
        "stage2_samples": 1024,
        "intv_targets": [
            0,
            1,
            2,
            3
        ]
    },
    "intv_args_dict": {
        "0": {
            "intv_type": "do",
            "inode": 0,
            "new_mui": 10.0,
            "true_params": {
                "Si": [
                    [
                        0.0,
                        0.0,
                        0.0,
                        0.0
                    ],
                    [
                        0.0,
                        1.0000000000000004,
                        -1.6253617042939217,
                        -8.730622939453134
                    ],
                    [
                        0.0,
                        -1.6253617042939217,
                        3.64180066978524,
                        19.561915593646308
                    ],
                    [
                        0.0,
                        -8.730622939453134,
                        19.561915593646308,
                        106.07673988524716
                    ]
                ],
                "mui": [
                    10.0,
                    -34.3005574549247,
                    86.51628770749068,
                    546.7352465659478
                ],
                "Ai": [
                    [
                        0.0,
                        0.0,
                        0.0,
                        0.0
                    ],
                    [
                        -3.480055745492468,
                        0.0,
                        0.0,
                        0.0
                    ],
                    [
                        3.0265475184322748,
                        -1.6253617042939208,
                        0.0,
                        0.0
                    ],
                    [
                        8.151340397554705,
                        0.0,
                        5.371495413229162,
                        0.0
                    ]
                ]
            },
            "est_params": {
                "mui": [
                    10.0,
                    -34.26121800162924,
                    86.35751628982288,
                    545.9101205378013
                ],
                "Si": [
                    [
                        1e-06,
                        0.0,
                        0.0,
                        0.0
                    ],
                    [
                        0.0,
                        1.032735306263661,
                        -1.701344641378201,
                        -9.1073288817811
                    ],
                    [
                        0.0,
                        -1.701344641378201,
                        3.801874922333138,
                        20.418304186641553
                    ],
                    [
                        0.0,
                        -9.1073288817811,
                        20.418304186641553,
                        110.59518091448301
                    ]
                ]
            },
            "est_tgt": [
                0,
                1
            ]
        },
        "1": {
            "intv_type": "do",
            "inode": 1,
            "new_mui": 10.0,
            "true_params": {
                "Si": [
                    [
                        1.0000000000000009,
                        0.0,
                        3.026547518432277,
                        24.40842651073379
                    ],
                    [
                        0.0,
                        0.0,
                        0.0,
                        0.0
                    ],
                    [
                        3.026547518432277,
                        0.0,
                        10.159989881328565,
                        79.24475809812706
                    ],
                    [
                        24.40842651073379,
                        0.0,
                        79.24475809812706,
                        625.6242477042335
                    ]
                ],
                "mui": [
                    0.49999999999999806,
                    10.000000000000004,
                    -14.240343283723078,
                    -71.91626843254987
                ],
                "Ai": [
                    [
                        0.0,
                        0.0,
                        0.0,
                        0.0
                    ],
                    [
                        0.0,
                        0.0,
                        0.0,
                        0.0
                    ],
                    [
                        3.0265475184322748,
                        -1.6253617042939208,
                        0.0,
                        0.0
                    ],
                    [
                        8.151340397554705,
                        0.0,
                        5.371495413229162,
                        0.0
                    ]
                ]
            },
            "est_params": {
                "mui": [
                    0.5413783404356598,
                    9.999999999999998,
                    -14.14030070419868,
                    -71.0859288675421
                ],
                "Si": [
                    [
                        0.9800259863864156,
                        6.5738658724346965e-31,
                        2.994636237739183,
                        23.99952283755271
                    ],
                    [
                        6.419186675436233e-31,
                        1e-06,
                        7.82676736812225e-30,
                        -4.23202282987796e-29
                    ],
                    [
                        2.994636237739183,
                        7.579280652924709e-30,
                        10.265404820505564,
                        79.24844215434359
                    ],
                    [
                        23.99952283755271,
                        -4.2815201729174684e-29,
                        79.24844215434359,
                        620.1092702195341
                    ]
                ]
            },
            "est_tgt": [
                1,
                2
            ]
        },
        "2": {
            "intv_type": "do",
            "inode": 2,
            "new_mui": 10.0,
            "true_params": {
                "Si": [
                    [
                        1.0,
                        -3.4800557454924674,
                        0.0,
                        8.151340397554705
                    ],
                    [
                        -3.4800557454924674,
                        13.110787991735133,
                        0.0,
                        -28.367118983975104
                    ],
                    [
                        0.0,
                        0.0,
                        0.0,
                        0.0
                    ],
                    [
                        8.151340397554705,
                        -28.367118983975104,
                        0.0,
                        67.4443502768073
                    ]
                ],
                "mui": [
                    0.5,
                    -1.2400278727462337,
                    10.0,
                    58.290624331068976
                ],