{
    "expt_args": {
        "save_dir": "expt_logs_29.04.24-2",
        "exp_name": "485",
        "num_nodes": 4,
        "obs_noise_mean": 0.5,
        "obs_noise_var": 1.0,
        "max_edge_strength": 10.0,
        "num_parents": 2,
        "new_noise_mean": 10.0,
        "mix_samples": 32768,
        "stage2_samples": 32768,
        "intv_targets": [
            0,
            1,
            2,
            3
        ]
    },
    "intv_args_dict": {
        "0": {
            "intv_type": "do",
            "inode": 0,
            "new_mui": 10.0,
            "true_params": {
                "Si": [
                    [
                        2.587997839699054e-32,
                        1.588855847786138e-16,
                        -1.1620969610456022e-15,
                        1.4104152249855376e-15
                    ],
                    [
                        1.588855847786138e-16,
                        0.9999999999999989,
                        -7.155405731417761,
                        8.684381357868778
                    ],
                    [
                        -1.1620969610456022e-15,
                        -7.155405731417761,
                        52.19983118120619,
                        -63.353953333984286
                    ],
                    [
                        1.4104152249855376e-15,
                        8.684381357868778,
                        -63.353953333984286,
                        77.89150160488914
                    ]
                ],
                "mui": [
                    10.0,
                    15.76419156174982,
                    -168.19969020866114,
                    257.01707994548985
                ],
                "Ai": [
                    [
                        0.0,
                        0.0,
                        0.0,
                        0.0
                    ],
                    [
                        1.5264191561749825,
                        0.0,
                        0.0,
                        0.0
                    ],
                    [
                        -5.590050355654887,
                        -7.155405731417767,
                        0.0,
                        0.0
                    ],
                    [
                        5.237627942683396,
                        -0.0,
                        -1.2136811920723982,
                        0.0
                    ]
                ]
            },
            "est_params": {
                "mui": [
                    10.0,
                    15.769514603435612,
                    -168.25315640170433,
                    257.0907919172153
                ],
                "Si": [
                    [
                        1e-06,
                        0.0,
                        0.0,
                        0.0
                    ],
                    [
                        0.0,
                        0.9974677109279572,
                        -7.12453779339728,
                        8.652336576512878
                    ],
                    [
                        0.0,
                        -7.12453779339728,
                        51.89589608611964,
                        -63.009415926622026
                    ],
                    [
                        0.0,
                        8.652336576512878,
                        -63.009415926622026,
                        77.49543579482622
                    ]
                ]
            },
            "est_tgt": [
                0
            ]
        },
        "1": {
            "intv_type": "do",
            "inode": 1,
            "new_mui": 10.0,
            "true_params": {
                "Si": [
                    [
                        1.0,
                        0.0,
                        -5.590050355654887,
                        12.022166922079352
                    ],
                    [
                        0.0,
                        0.0,
                        0.0,
                        0.0
                    ],
                    [
                        -5.590050355654887,
                        0.0,
                        32.248662978757324,
                        -68.4181996705845
                    ],
                    [
                        12.022166922079352,
                        0.0,
                        -68.4181996705845,
                        147.0055195383292
                    ]
                ],
                "mui": [
                    0.5000000000000032,
                    9.999999999999996,
                    -73.84908249200511,
                    92.74805644369134
                ],
                "Ai": [
                    [
                        0.0,
                        0.0,
                        0.0,
                        0.0
                    ],
                    [
                        0.0,
                        0.0,
                        0.0,
                        0.0
                    ],
                    [
                        -5.590050355654887,
                        -7.155405731417767,
                        0.0,
                        0.0
                    ],
                    [
                        5.237627942683396,
                        -0.0,
                        -1.2136811920723982,
                        0.0
                    ]
                ]
            },
            "est_params": {
                "mui": [
                    0.4936553444250681,
                    9.999999999999972,
                    -73.81951393613595,
                    92.65811858988137
                ],
                "Si": [
                    [
                        1.0150997006021474,
                        3.3908138164588344e-29,
                        -5.673361576554366,
                        12.173771824204957
                    ],
                    [
                        3.400925874476051e-29,
                        1e-06,
                        -5.269903850938129e-27,
                        6.46236395887924e-27
                    ],
                    [
                        -5.673361576554366,
                        -5.270639623540525e-27,
                        32.701400427256424,
                        -69.2257379658758
                    ],
                    [
                        12.173771824204962,
                        6.46255656950814e-27,
                        -69.2257379658758,
                        148.3851100362595
                    ]
                ]
            },
            "est_tgt": [
                1
            ]
        },
        "2": {
            "intv_type": "do",
            "inode": 2,
            "new_mui": 10.0,
            "true_params": {
                "Si": [
                    [
                        1.0,
                        1.5264191561749825,
                        0.0,
                        5.237627942683396
                    ],
                    [
                        1.5264191561749825,
                        3.3299554403379457,
                        0.0,
                        7.9948156246292985
                    ],
                    [
                        0.0,
                        0.0,
                        0.0,
                        0.0
                    ],
                    [
                        5.237627942683396,
                        7.9948156246292985,
                        0.0,
                        28.432746465977903
                    ]
                ],
                "mui": [
                    0.5,
                    1.2632095780874912,
                    10.0,
                    -9.017997949382284
                ],