{
    "expt_args": {
        "save_dir": "expt_logs_29.04.24-2",
        "exp_name": "458",
        "num_nodes": 4,
        "obs_noise_mean": 0.5,
        "obs_noise_var": 1.0,
        "max_edge_strength": 10.0,
        "num_parents": 2,
        "new_noise_mean": 10.0,
        "mix_samples": 4096,
        "stage2_samples": 4096,
        "intv_targets": [
            0,
            1,
            2,
            3
        ]
    },
    "intv_args_dict": {
        "0": {
            "intv_type": "do",
            "inode": 0,
            "new_mui": 10.0,
            "true_params": {
                "Si": [
                    [
                        7.890018540418319e-33,
                        8.882471105634745e-17,
                        -4.932252487006524e-16,
                        -4.715068405864997e-15
                    ],
                    [
                        8.882471105634745e-17,
                        1.0,
                        -5.547895608126217,
                        -53.03602637907393
                    ],
                    [
                        -4.932252487006524e-16,
                        -5.547895608126217,
                        31.779145678666172,
                        303.7980033455287
                    ],
                    [
                        -4.715068405864997e-15,
                        -53.03602637907393,
                        303.7980033455287,
                        2905.207299024017
                    ]
                ],
                "mui": [
                    9.999999999999998,
                    78.69877493912935,
                    -536.1048545441312,
                    -5073.0469545883425
                ],
                "Ai": [
                    [
                        0.0,
                        0.0,
                        0.0,
                        0.0
                    ],
                    [
                        7.819877493912935,
                        0.0,
                        0.0,
                        0.0
                    ],
                    [
                        -9.999226669442182,
                        -5.5478956081262165,
                        0.0,
                        0.0
                    ],
                    [
                        5.143614096691749,
                        -0.0,
                        9.559665524598195,
                        0.0
                    ]
                ]
            },
            "est_params": {
                "mui": [
                    9.999999999999998,
                    78.73913131026637,
                    -536.3391099322092,
                    -5075.247773127423
                ],
                "Si": [
                    [
                        1e-06,
                        0.0,
                        0.0,
                        0.0
                    ],
                    [
                        0.0,
                        1.0725348239191272,
                        -6.028273788631851,
                        -57.59174457407368
                    ],
                    [
                        0.0,
                        -6.028273788631851,
                        34.899746338769454,
                        333.37009839867335
                    ],
                    [
                        0.0,
                        -57.59174457407368,
                        333.37009839867335,
                        3185.349966484791
                    ]
                ]
            },
            "est_tgt": [
                0
            ]
        },
        "1": {
            "intv_type": "do",
            "inode": 1,
            "new_mui": 10.0,
            "true_params": {
                "Si": [
                    [
                        0.9999999999999951,
                        -3.8100929290695345e-31,
                        -9.999226669442132,
                        -90.44564836781706
                    ],
                    [
                        -3.8100929290695345e-31,
                        3.8771180645792267e-31,
                        -6.224435448468725e-16,
                        -5.966960526359667e-15
                    ],
                    [
                        -9.999226669442132,
                        -6.224435448468725e-16,
                        100.98453398688329,
                        913.9462048190642
                    ],
                    [
                        -90.44564836781706,
                        -5.966960526359667e-15,
                        913.9462048190642,
                        8272.80251361704
                    ]
                ],
                "mui": [
                    0.5000000000000009,
                    9.999999999999975,
                    -59.97856941598312,
                    -570.3032552123477
                ],
                "Ai": [
                    [
                        0.0,
                        0.0,
                        0.0,
                        0.0
                    ],
                    [
                        0.0,
                        0.0,
                        0.0,
                        0.0
                    ],
                    [
                        -9.999226669442182,
                        -5.5478956081262165,
                        0.0,
                        0.0
                    ],
                    [
                        5.143614096691749,
                        -0.0,
                        9.559665524598195,
                        0.0
                    ]
                ]
            },
            "est_params": {
                "mui": [
                    1.6489174074950466,
                    13.185540903159426,
                    -89.16983917697426,
                    -843.551504750156
                ],
                "Si": [
                    [
                        0.34757020715457165,
                        2.793623894445029,
                        -18.941438636759408,
                        -179.29753834243985
                    ],
                    [
                        2.793623894445029,
                        23.24087860862709,
                        -156.58501777324224,
                        -1482.636199251274
                    ],
                    [
                        -18.941438636759408,
                        -156.58501777324224,
                        1056.9725154631979,
                        10007.418348295892
                    ],
                    [
                        -179.29753834243985,
                        -1482.636199251274,
                        10007.418348295892,
                        94751.31999903405
                    ]
                ]
            },
            "est_tgt": [
                0,
                1,
                2
            ]
        },
        "2": {
            "intv_type": "do",
            "inode": 2,
            "new_mui": 10.0,
            "true_params": {
                "Si": [
                    [
                        0.9999999999999998,
                        7.8198774939129345,
                        -9.21588994081285e-35,
                        5.143614096691747
                    ],
                    [
                        7.8198774939129345,
                        62.15048401980605,
                        -7.206713033454102e-34,
                        40.22243211209312
                    ],
                    [
                        -9.21588994081285e-35,
                        -7.206713033454102e-34,
                        2.230241218404744e-34,
                        -1.4933992160185243e-17
                    ],
                    [
                        5.143614096691747,
                        40.22243211209312,
                        -1.4933992160185243e-17,
                        27.45676597568607
                    ]
                ],