{
    "expt_args": {
        "save_dir": "expt_logs_29.04.24-8",
        "exp_name": "75",
        "num_nodes": 4,
        "obs_noise_mean": 0.5,
        "obs_noise_var": 1.0,
        "max_edge_strength": 10.0,
        "num_parents": 2,
        "new_noise_mean": 10.0,
        "mix_samples": 8192,
        "stage2_samples": 8192,
        "intv_targets": [
            0,
            1,
            2,
            3
        ]
    },
    "intv_args_dict": {
        "0": {
            "intv_type": "do",
            "inode": 0,
            "new_mui": 10.0,
            "true_params": {
                "Si": [
                    [
                        1.7628099540591906e-32,
                        -1.3277085350554872e-16,
                        8.820621061141643e-16,
                        -7.705132336662585e-15
                    ],
                    [
                        -1.3277085350554872e-16,
                        0.9999999999999987,
                        -6.643492022722443,
                        58.03331177908383
                    ],
                    [
                        8.820621061141643e-16,
                        -6.643492022722443,
                        45.135986255976796,
                        -395.1404835418116
                    ],
                    [
                        -7.705132336662585e-15,
                        58.03331177908383,
                        -395.1404835418116,
                        3460.960769297891
                    ]
                ],
                "mui": [
                    9.999999999999996,
                    59.20341482098336,
                    -459.71300119604,
                    4073.4447569285076
                ],
                "Ai": [
                    [
                        0.0,
                        0.0,
                        0.0,
                        0.0
                    ],
                    [
                        5.87034148209834,
                        0.0,
                        0.0,
                        0.0
                    ],
                    [
                        -6.689558711490893,
                        -6.6434920227224525,
                        0.0,
                        0.0
                    ],
                    [
                        -0.0,
                        -5.721887415169903,
                        -9.596639685303245,
                        0.0
                    ]
                ]
            },
            "est_params": {
                "mui": [
                    9.999999999999998,
                    59.18459947200086,
                    -459.6105911211726,
                    4072.5380110461665
                ],
                "Si": [
                    [
                        1e-06,
                        2.032737551133606e-29,
                        6.996685733242283e-29,
                        1.4444611462672527e-27
                    ],
                    [
                        2.032737551133606e-29,
                        1.0382581635049297,
                        -6.878939910344461,
                        60.068067131536715
                    ],
                    [
                        6.996685733242283e-29,
                        -6.878939910344461,
                        46.61911903895867,
                        -408.00311283257753
                    ],
                    [
                        1.4444611462672527e-27,
                        60.068067131536715,
                        -408.00311283257753,
                        3572.5110685768263
                    ]
                ]
            },
            "est_tgt": [
                0,
                2
            ]
        },
        "1": {
            "intv_type": "do",
            "inode": 1,
            "new_mui": 10.0,
            "true_params": {
                "Si": [
                    [
                        0.9999999999999991,
                        0.0,
                        -6.6895587114908865,
                        64.19728460785947
                    ],
                    [
                        0.0,
                        0.0,
                        0.0,
                        0.0
                    ],
                    [
                        -6.6895587114908865,
                        0.0,
                        45.75019575448365,
                        -439.0481441878697
                    ],
                    [
                        64.19728460785947,
                        0.0,
                        -439.0481441878697,
                        4214.386844272051
                    ]
                ],
                "mui": [
                    0.5000000000000051,
                    9.999999999999988,
                    -69.27969958296993,
                    608.1334402521169
                ],
                "Ai": [
                    [
                        0.0,
                        0.0,
                        0.0,
                        0.0
                    ],
                    [
                        0.0,
                        0.0,
                        0.0,
                        0.0
                    ],
                    [
                        -6.689558711490893,
                        -6.6434920227224525,
                        0.0,
                        0.0
                    ],
                    [
                        -0.0,
                        -5.721887415169903,
                        -9.596639685303245,
                        0.0
                    ]
                ]
            },
            "est_params": {
                "mui": [
                    0.44863140211644537,
                    9.999999999999991,
                    -68.92583074320902,
                    604.7133641850462
                ],
                "Si": [
                    [
                        0.9418475628919849,
                        -2.6201118035985353e-31,
                        -6.316253827095521,
                        60.61816400528506
                    ],
                    [
                        -2.7164394435844695e-31,
                        1e-06,
                        1.1607095307530869e-28,
                        -5.992349828039131e-28
                    ],
                    [
                        -6.316253827095521,
                        1.1610177792010418e-28,
                        43.37709804672516,
                        -416.3515649689558
                    ],
                    [
                        60.61816400528506,
                        -6.01331072250007e-28,
                        -416.3515649689558,
                        3997.3518968484996
                    ]
                ]
            },
            "est_tgt": [
                1,
                2
            ]
        },
        "2": {
            "intv_type": "do",
            "inode": 2,
            "new_mui": 10.0,
            "true_params": {
                "Si": [
                    [
                        1.0,
                        5.87034148209834,
                        0.0,
                        -33.58943304916832
                    ],
                    [
                        5.87034148209834,
                        35.46090911644453,
                        0.0,
                        -202.9033296038676
                    ],
                    [
                        0.0,
                        0.0,
                        0.0,
                        0.0
                    ],
                    [
                        -33.58943304916832,
                        -202.9033296038676,
                        0.0,
                        1161.9900081564408
                    ]
                ],