{
    "expt_args": {
        "save_dir": "expt_logs_29.04.24-8",
        "exp_name": "170",
        "num_nodes": 4,
        "obs_noise_mean": 0.5,
        "obs_noise_var": 1.0,
        "max_edge_strength": 10.0,
        "num_parents": 2,
        "new_noise_mean": 10.0,
        "mix_samples": 4096,
        "stage2_samples": 4096,
        "intv_targets": [
            0,
            1,
            2,
            3
        ]
    },
    "intv_args_dict": {
        "0": {
            "intv_type": "do",
            "inode": 0,
            "new_mui": 10.0,
            "true_params": {
                "Si": [
                    [
                        3.736392672233769e-32,
                        -5.882618424935982e-32,
                        -1.928968302778677e-16,
                        1.9068509905691293e-15
                    ],
                    [
                        -5.882618424935982e-32,
                        0.9999999999999969,
                        -5.811559316496615,
                        57.07447394538325
                    ],
                    [
                        -1.928968302778677e-16,
                        -5.811559316496615,
                        34.77422168915869,
                        -341.5125445136675
                    ],
                    [
                        1.9068509905691293e-15,
                        57.07447394538325,
                        -341.5125445136675,
                        3354.9447439757027
                    ]
                ],
                "mui": [
                    10.000000000000044,
                    -77.93373663511967,
                    533.7722884104584,
                    -5149.511124356702
                ],
                "Ai": [
                    [
                        0.0,
                        0.0,
                        0.0,
                        0.0
                    ],
                    [
                        -7.843373663511987,
                        0.0,
                        0.0,
                        0.0
                    ],
                    [
                        8.035575519923349,
                        -5.811559316496643,
                        0.0,
                        0.0
                    ],
                    [
                        9.208844110301884,
                        0.0,
                        -9.82085372223121,
                        0.0
                    ]
                ]
            },
            "est_params": {
                "mui": [
                    10.000000000000014,
                    -77.96653732803031,
                    533.9806531618316,
                    -5151.536687236717
                ],
                "Si": [
                    [
                        1e-06,
                        7.105180595713705e-28,
                        2.0505529007098792e-27,
                        -3.549162846519687e-26
                    ],
                    [
                        7.105180595713705e-28,
                        0.9351221692091202,
                        -5.493122526789254,
                        53.93951415849148
                    ],
                    [
                        2.0505529007098792e-27,
                        -5.493122526789254,
                        33.29723407230954,
                        -326.9613455076845
                    ],
                    [
                        -3.549162846519687e-26,
                        53.93951415849148,
                        -326.9613455076845,
                        3211.6303045891214
                    ]
                ]
            },
            "est_tgt": [
                0
            ]
        },
        "1": {
            "intv_type": "do",
            "inode": 1,
            "new_mui": 10.0,
            "true_params": {
                "Si": [
                    [
                        0.9999999999999964,
                        0.0,
                        8.03557551992332,
                        -69.70736764480706
                    ],
                    [
                        0.0,
                        9.342757473214852e-32,
                        3.056592461093697e-16,
                        -3.0018347448875885e-15
                    ],
                    [
                        8.03557551992332,
                        3.056592461093697e-16,
                        65.57047393639117,
                        -569.9596707271397
                    ],
                    [
                        -69.70736764480706,
                        -3.0018347448875885e-15,
                        -569.9596707271397,
                        4956.566271801775
                    ]
                ],
                "mui": [
                    0.5000000000000068,
                    9.999999999999996,
                    -53.597805405004664,
                    531.480628770315
                ],
                "Ai": [
                    [
                        0.0,
                        0.0,
                        0.0,
                        0.0
                    ],
                    [
                        0.0,
                        0.0,
                        0.0,
                        0.0
                    ],
                    [
                        8.035575519923349,
                        -5.811559316496643,
                        0.0,
                        0.0
                    ],
                    [
                        9.208844110301884,
                        0.0,
                        -9.82085372223121,
                        0.0
                    ]
                ]
            },
            "est_params": {
                "mui": [
                    1.67950094776593,
                    -12.78503295651827,
                    88.38018480744249,
                    -852.0741080232244
                ],
                "Si": [
                    [
                        0.367674753643304,
                        -2.7628185508778604,
                        18.895439823763944,
                        -182.01045221346376
                    ],
                    [
                        -2.7628185508778595,
                        21.869162711824696,
                        -148.62594518966296,
                        1432.7785394863074
                    ],
                    [
                        18.895439823763944,
                        -148.62594518966296,
                        1011.3067122022741,
                        -9748.300503964943
                    ],
                    [
                        -182.01045221346376,
                        1432.7785394863076,
                        -9748.300503964943,
                        93968.77361130143
                    ]
                ]
            },
            "est_tgt": [
                0,
                1,
                2,
                3
            ]
        },
        "2": {
            "intv_type": "do",
            "inode": 2,
            "new_mui": 10.0,