{
    "expt_args": {
        "save_dir": "expt_logs_29.04.24-8",
        "exp_name": "193",
        "num_nodes": 4,
        "obs_noise_mean": 0.5,
        "obs_noise_var": 1.0,
        "max_edge_strength": 10.0,
        "num_parents": 2,
        "new_noise_mean": 10.0,
        "mix_samples": 2048,
        "stage2_samples": 2048,
        "intv_targets": [
            0,
            1,
            2,
            3
        ]
    },
    "intv_args_dict": {
        "0": {
            "intv_type": "do",
            "inode": 0,
            "new_mui": 10.0,
            "true_params": {
                "Si": [
                    [
                        6.308323825040157e-36,
                        -6.078945855834746e-35,
                        2.5116376778986574e-18,
                        1.856736196626928e-17
                    ],
                    [
                        -6.078945855834746e-35,
                        1.0,
                        -9.722921287284091,
                        -71.87700698198907
                    ],
                    [
                        2.5116376778986574e-18,
                        -9.722921287284091,
                        95.53519835872213,
                        706.2470132753367
                    ],
                    [
                        1.856736196626928e-17,
                        -71.87700698198907,
                        706.2470132753367,
                        5221.953662413113
                    ]
                ],
                "mui": [
                    10.0,
                    -95.86388404325531,
                    879.7015826803587,
                    6555.481953681108
                ],
                "Ai": [
                    [
                        0.0,
                        0.0,
                        0.0,
                        0.0
                    ],
                    [
                        -9.636388404325531,
                        0.0,
                        0.0,
                        0.0
                    ],
                    [
                        -5.2875416165542095,
                        -9.722921287284091,
                        0.0,
                        0.0
                    ],
                    [
                        5.175983225168126,
                        -0.0,
                        7.392532023887906,
                        0.0
                    ]
                ]
            },
            "est_params": {
                "mui": [
                    1.7530234516699639,
                    -16.181209081292092,
                    148.3216034951783,
                    1106.0427237785184
                ],
                "Si": [
                    [
                        0.24776903793215158,
                        -2.3690691842782123,
                        21.736094992021368,
                        161.94320371368568
                    ],
                    [
                        -2.3690691842782123,
                        23.825801043255925,
                        -219.44631607797635,
                        -1634.2764958892844
                    ],
                    [
                        21.736094992021368,
                        -219.44631607797635,
                        2022.6982541461985,
                        15062.825092108596
                    ],
                    [
                        161.94320371368568,
                        -1634.2764958892847,
                        15062.825092108595,
                        112172.50458809464
                    ]
                ]
            },
            "est_tgt": [
                0
            ]
        },
        "1": {
            "intv_type": "do",
            "inode": 1,
            "new_mui": 10.0,
            "true_params": {
                "Si": [
                    [
                        0.9999999999999969,
                        -9.021798863756718e-36,
                        -5.2875416165541935,
                        -33.91233750284879
                    ],
                    [
                        -9.021798863756718e-36,
                        2.046771074567612e-36,
                        2.780254289718436e-35,
                        -1.430654072292674e-18
                    ],
                    [
                        -5.2875416165541935,
                        2.780254289718436e-35,
                        28.958096346792615,
                        186.70542788483294
                    ],
                    [
                        -33.91233750284879,
                        -1.430654072292674e-18,
                        186.70542788483294,
                        1205.6961646313362
                    ]
                ],
                "mui": [
                    0.4999999999999591,
                    10.000000000000004,
                    -99.37298368111783,
                    -731.5299725593701
                ],
                "Ai": [
                    [
                        0.0,
                        0.0,
                        0.0,
                        0.0
                    ],
                    [
                        0.0,
                        0.0,
                        0.0,
                        0.0
                    ],
                    [
                        -5.2875416165542095,
                        -9.722921287284091,
                        0.0,
                        0.0
                    ],
                    [
                        5.175983225168126,
                        -0.0,
                        7.392532023887906,
                        0.0
                    ]
                ]
            },
            "est_params": {
                "mui": [
                    10.0,
                    -95.91914008898684,
                    880.279716934509,
                    6559.840462918082
                ],
                "Si": [
                    [
                        1e-06,
                        0.0,
                        0.0,
                        0.0
                    ],
                    [
                        0.0,
                        0.9864853600215967,
                        -9.524235588814834,
                        -70.46270858873145
                    ],
                    [
                        0.0,
                        -9.524235588814834,
                        93.0299818394592,
                        688.2826214704038
                    ],
                    [
                        0.0,
                        -70.46270858873145,
                        688.2826214704038,
                        5093.221196187095
                    ]
                ]
            },
            "est_tgt": [
                0
            ]
        },
        "2": {
            "intv_type": "do",
            "inode": 2,
            "new_mui": 10.0,
            "true_params": {
                "Si": [
                    [
                        0.9999999999999998,
                        -9.636388404325528,
                        0.0,
                        5.1759832251681255
                    ],
                    [
                        -9.636388404325528,
                        93.85998147901952,
                        0.0,
                        -49.87778473199359
                    ],
                    [
                        0.0,
                        0.0,
                        0.0,
                        0.0
                    ],
                    [
                        5.1759832251681255,
                        -49.87778473199359,
                        0.0,
                        27.790802347221838
                    ]
                ],
                "mui": [
                    0.49999999999999994,
                    -4.318194202162765,
                    10.0,
                    77.01331185146313
                ],