{
    "expt_args": {
        "save_dir": "expt_logs_29.04.24-8",
        "exp_name": "124",
        "num_nodes": 4,
        "obs_noise_mean": 0.5,
        "obs_noise_var": 1.0,
        "max_edge_strength": 10.0,
        "num_parents": 2,
        "new_noise_mean": 10.0,
        "mix_samples": 16384,
        "stage2_samples": 16384,
        "intv_targets": [
            0,
            1,
            2,
            3
        ]
    },
    "intv_args_dict": {
        "0": {
            "intv_type": "do",
            "inode": 0,
            "new_mui": 10.0,
            "true_params": {
                "Si": [
                    [
                        5.31993019983498e-32,
                        -2.3054918372571217e-16,
                        2.101012447453667e-15,
                        1.6706414503388978e-15
                    ],
                    [
                        -2.3054918372571217e-16,
                        0.9999999999999987,
                        -9.113076930054415,
                        -7.216817858449132
                    ],
                    [
                        2.101012447453667e-15,
                        -9.113076930054415,
                        84.04817113309011,
                        65.76741633423758
                    ],
                    [
                        1.6706414503388978e-15,
                        -7.216817858449132,
                        65.76741633423758,
                        53.08246000203038
                    ]
                ],
                "mui": [
                    10.00000000000001,
                    73.81268460618256,
                    -749.2096052927257,
                    -481.4989685273304
                ],
                "Ai": [
                    [
                        0.0,
                        0.0,
                        0.0,
                        0.0
                    ],
                    [
                        7.331268460618263,
                        0.0,
                        0.0,
                        0.0
                    ],
                    [
                        -7.704893206273971,
                        -9.113076930054428,
                        0.0,
                        0.0
                    ],
                    [
                        5.069373191864212,
                        -7.216817858449142,
                        -0.0,
                        0.0
                    ]
                ]
            },
            "est_params": {
                "mui": [
                    10.000000000000002,
                    73.80105996955501,
                    -749.1055265408045,
                    -481.3984328384231
                ],
                "Si": [
                    [
                        1e-06,
                        -3.4944900661072415e-29,
                        1.5867990084527718e-27,
                        -1.4773178290497912e-28
                    ],
                    [
                        -3.4944900661072415e-29,
                        0.9771799468078546,
                        -8.922239530967476,
                        -7.032953226782114
                    ],
                    [
                        1.5867990084527718e-27,
                        -8.922239530967476,
                        82.51396741367903,
                        64.23333549817116
                    ],
                    [
                        -1.4773178290497912e-28,
                        -7.032953226782114,
                        64.23333549817116,
                        51.63834581569264
                    ]
                ]
            },
            "est_tgt": [
                0
            ]
        },
        "1": {
            "intv_type": "do",
            "inode": 1,
            "new_mui": 10.0,
            "true_params": {
                "Si": [
                    [
                        0.9999999999999998,
                        6.7221597470994e-17,
                        -7.704893206273971,
                        5.069373191864211
                    ],
                    [
                        6.7221597470994e-17,
                        4.518743166552348e-33,
                        -5.179352296691453e-16,
                        3.4077136413374416e-16
                    ],
                    [
                        -7.704893206273971,
                        -5.179352296691453e-16,
                        60.3653793200868,
                        -39.058979066061966
                    ],
                    [
                        5.069373191864211,
                        3.4077136413374416e-16,
                        -39.058979066061966,
                        26.69854455839155
                    ]
                ],
                "mui": [
                    0.5000000000000022,
                    9.999999999999998,
                    -94.48321590368126,
                    -69.13349198855931
                ],
                "Ai": [
                    [
                        0.0,
                        0.0,
                        0.0,
                        0.0
                    ],
                    [
                        0.0,
                        0.0,
                        0.0,
                        0.0
                    ],
                    [
                        -7.704893206273971,
                        -9.113076930054428,
                        0.0,
                        0.0
                    ],
                    [
                        5.069373191864212,
                        -7.216817858449142,
                        -0.0,
                        0.0
                    ]
                ]
            },
            "est_params": {
                "mui": [
                    0.478148703380882,
                    9.999999999999991,
                    -94.3325958226148,
                    -69.26725234406892
                ],
                "Si": [
                    [
                        0.9938820693828965,
                        3.236648131014306e-30,
                        -7.647801834598934,
                        5.045157030375732
                    ],
                    [
                        3.273253080115063e-30,
                        1e-06,
                        -5.875286988298349e-28,
                        -3.953411565932498e-28
                    ],
                    [
                        -7.647801834598934,
                        -5.876674123211642e-28,
                        59.83997293540009,
                        -38.832188205739456
                    ],
                    [
                        5.045157030375732,
                        -3.9559931781322355e-28,
                        -38.832188205739456,
                        26.5933644139884
                    ]
                ]
            },
            "est_tgt": [
                1
            ]
        },
        "2": {
            "intv_type": "do",
            "inode": 2,
            "new_mui": 10.0,
            "true_params": {
                "Si": [
                    [
                        1.0,
                        7.331268460618264,
                        0.0,
                        -47.83905595981062
                    ],
                    [
                        7.331268460618264,
                        54.74749724165609,
                        0.0,
                        -357.93778000236097
                    ],
                    [
                        0.0,
                        0.0,
                        0.0,
                        0.0
                    ],
                    [
                        -47.83905595981062,
                        -357.93778000236097,
                        0.0,
                        2341.657735127923
                    ]
                ],