{
    "expt_args": {
        "save_dir": "expt_logs_29.04.24-8",
        "exp_name": "79",
        "num_nodes": 4,
        "obs_noise_mean": 0.5,
        "obs_noise_var": 1.0,
        "max_edge_strength": 10.0,
        "num_parents": 2,
        "new_noise_mean": 10.0,
        "mix_samples": 131072,
        "stage2_samples": 131072,
        "intv_targets": [
            0,
            1,
            2,
            3
        ]
    },
    "intv_args_dict": {
        "0": {
            "intv_type": "do",
            "inode": 0,
            "new_mui": 10.0,
            "true_params": {
                "Si": [
                    [
                        0.0,
                        0.0,
                        0.0,
                        0.0
                    ],
                    [
                        0.0,
                        0.9999999999999993,
                        9.18233054451298,
                        -9.773201890996402
                    ],
                    [
                        0.0,
                        9.18233054451298,
                        85.31519422869611,
                        -89.74077024138836
                    ],
                    [
                        0.0,
                        -9.773201890996402,
                        -89.74077024138836,
                        96.51547520217572
                    ]
                ],
                "mui": [
                    9.99999999999999,
                    -58.58156405726184,
                    -588.2315950151209,
                    662.624210462385
                ],
                "Ai": [
                    [
                        0.0,
                        0.0,
                        0.0,
                        0.0
                    ],
                    [
                        -5.908156405726185,
                        0.0,
                        0.0,
                        0.0
                    ],
                    [
                        -5.081631002678138,
                        9.182330544512986,
                        0.0,
                        0.0
                    ],
                    [
                        8.959475784042633,
                        -9.77320189099641,
                        0.0,
                        0.0
                    ]
                ]
            },
            "est_params": {
                "mui": [
                    9.999999999999998,
                    -58.58353970382102,
                    -588.246381755154,
                    662.6391497154326
                ],
                "Si": [
                    [
                        1e-06,
                        2.602356249661112e-29,
                        2.9853140032746525e-28,
                        1.9207669458348326e-27
                    ],
                    [
                        2.602356249661112e-29,
                        1.0092214038877307,
                        9.275098912494528,
                        -9.879076165192084
                    ],
                    [
                        2.9853140032746525e-28,
                        9.275098912494528,
                        86.24269443366869,
                        -90.79388237329326
                    ],
                    [
                        1.9207669458348326e-27,
                        -9.879076165192084,
                        -90.79388237329326,
                        97.70688297949742
                    ]
                ]
            },
            "est_tgt": [
                0,
                3
            ]
        },
        "1": {
            "intv_type": "do",
            "inode": 1,
            "new_mui": 10.0,
            "true_params": {
                "Si": [
                    [
                        1.0000000000000004,
                        0.0,
                        -5.08163100267814,
                        8.959475784042636
                    ],
                    [
                        0.0,
                        0.0,
                        0.0,
                        0.0
                    ],
                    [
                        -5.08163100267814,
                        0.0,
                        26.82297364737963,
                        -45.52874991193508
                    ],
                    [
                        8.959475784042636,
                        0.0,
                        -45.52874991193508,
                        81.27220632484638
                    ]
                ],
                "mui": [
                    0.5000000000000001,
                    10.000000000000002,
                    89.78248994379081,
                    -92.75228101794279
                ],
                "Ai": [
                    [
                        0.0,
                        0.0,
                        0.0,
                        0.0
                    ],
                    [
                        0.0,
                        0.0,
                        0.0,
                        0.0
                    ],
                    [
                        -5.081631002678138,
                        9.182330544512986,
                        0.0,
                        0.0
                    ],
                    [
                        8.959475784042633,
                        -9.77320189099641,
                        0.0,
                        0.0
                    ]
                ]
            },
            "est_params": {
                "mui": [
                    0.4988797039599933,
                    9.999999999999964,
                    89.78796790573985,
                    -92.76747627040353
                ],
                "Si": [
                    [
                        0.9908966426352362,
                        6.897141579292143e-29,
                        -5.029553884550999,
                        8.857993489942094
                    ],
                    [
                        6.900945424399855e-29,
                        1e-06,
                        1.3407847163596093e-26,
                        -1.3496396825708598e-26
                    ],
                    [
                        -5.029553884550999,
                        1.3407754715714995e-26,
                        26.523256500340775,
                        -44.965372641525924
                    ],
                    [
                        8.857993489942094,
                        -1.3496462309624377e-26,
                        -44.965372641525924,
                        80.18613431681302
                    ]
                ]
            },
            "est_tgt": [
                1
            ]
        },
        "2": {
            "intv_type": "do",
            "inode": 2,
            "new_mui": 10.0,
            "true_params": {
                "Si": [
                    [
                        0.999999999999998,
                        -5.908156405726178,
                        0.0,
                        66.70108114078825
                    ],
                    [
                        -5.908156405726178,
                        35.906312114523345,
                        0.0,
                        -403.8536217018069
                    ],
                    [
                        0.0,
                        0.0,
                        0.0,
                        0.0
                    ],
                    [
                        66.70108114078825,
                        -403.8536217018069,
                        0.0,
                        4545.549700552202
                    ]
                ],
                "mui": [
                    0.4999999999999995,
                    -2.454078202863092,
                    10.0,
                    28.963939624895957
                ],