{
    "expt_args": {
        "save_dir": "expt_logs_29.04.24-8",
        "exp_name": "222",
        "num_nodes": 4,
        "obs_noise_mean": 0.5,
        "obs_noise_var": 1.0,
        "max_edge_strength": 10.0,
        "num_parents": 2,
        "new_noise_mean": 10.0,
        "mix_samples": 65536,
        "stage2_samples": 65536,
        "intv_targets": [
            0,
            1,
            2,
            3
        ]
    },
    "intv_args_dict": {
        "0": {
            "intv_type": "do",
            "inode": 0,
            "new_mui": 10.0,
            "true_params": {
                "Si": [
                    [
                        9.39697114803298e-33,
                        9.69379757784998e-17,
                        7.563686240263212e-16,
                        9.087144155154201e-16
                    ],
                    [
                        9.69379757784998e-17,
                        1.0000000000000036,
                        7.802603860375651,
                        9.374183937900735
                    ],
                    [
                        7.563686240263212e-16,
                        7.802603860375651,
                        61.88062700194879,
                        73.14304378173544
                    ],
                    [
                        9.087144155154201e-16,
                        9.374183937900735,
                        73.14304378173544,
                        88.87532450159584
                    ]
                ],
                "mui": [
                    9.999999999999996,
                    -86.69618091610172,
                    -767.5793277031064,
                    -881.6008865854545
                ],
                "Ai": [
                    [
                        0.0,
                        0.0,
                        0.0,
                        0.0
                    ],
                    [
                        -8.719618091610158,
                        0.0,
                        0.0,
                        0.0
                    ],
                    [
                        -9.162337180730763,
                        7.802603860375624,
                        0.0,
                        0.0
                    ],
                    [
                        -6.939493996440015,
                        9.374183937900703,
                        -0.0,
                        0.0
                    ]
                ]
            },
            "est_params": {
                "mui": [
                    9.999999999999998,
                    -86.70447224176087,
                    -767.6416692915296,
                    -881.6912745051425
                ],
                "Si": [
                    [
                        1e-06,
                        2.223134857152029e-29,
                        4.222011009663339e-28,
                        4.31414890411552e-29
                    ],
                    [
                        2.223134857152029e-29,
                        0.9943297446169523,
                        7.767967584035137,
                        9.326824336372843
                    ],
                    [
                        4.222011009663339e-28,
                        7.767967584035137,
                        61.67361783090718,
                        72.8421910576745
                    ],
                    [
                        4.31414890411552e-29,
                        9.326824336372843,
                        72.8421910576745,
                        88.48986916192715
                    ]
                ]
            },
            "est_tgt": [
                0
            ]
        },
        "1": {
            "intv_type": "do",
            "inode": 1,
            "new_mui": 10.0,
            "true_params": {
                "Si": [
                    [
                        1.0000000000000009,
                        2.5636235799678403e-16,
                        -9.162337180730768,
                        -6.939493996440017
                    ],
                    [
                        2.5636235799678403e-16,
                        6.572165859767121e-32,
                        -2.348878364413744e-15,
                        -1.779025044231888e-15
                    ],
                    [
                        -9.162337180730768,
                        -2.348878364413744e-15,
                        84.94842261340138,
                        63.58198385904027
                    ],
                    [
                        -6.939493996440017,
                        -1.779025044231888e-15,
                        63.58198385904027,
                        49.156576926627004
                    ]
                ],
                "mui": [
                    0.4999999999999993,
                    10.0,
                    73.94487001339087,
                    90.77209238078703
                ],
                "Ai": [
                    [
                        0.0,
                        0.0,
                        0.0,
                        0.0
                    ],
                    [
                        0.0,
                        0.0,
                        0.0,
                        0.0
                    ],
                    [
                        -9.162337180730763,
                        7.802603860375624,
                        0.0,
                        0.0
                    ],
                    [
                        -6.939493996440015,
                        9.374183937900703,
                        -0.0,
                        0.0
                    ]
                ]
            },
            "est_params": {
                "mui": [
                    0.493468575024371,
                    9.999999687301477,
                    74.01535692519222,
                    90.83187905694406
                ],
                "Si": [
                    [
                        1.0033134263332384,
                        4.769453036915122e-07,
                        -9.198182055001723,
                        -6.975371136405118
                    ],
                    [
                        4.769453036915122e-07,
                        1.0009212278160375e-06,
                        -4.328018241831434e-06,
                        -3.3175880593952546e-06
                    ],
                    [
                        -9.198182055001723,
                        -4.328018241831434e-06,
                        85.32022019532528,
                        63.96572669166921
                    ],
                    [
                        -6.975371136405118,
                        -3.317588059395254e-06,
                        63.96572669166921,
                        49.50842325795505
                    ]
                ]
            },
            "est_tgt": [
                1
            ]
        },
        "2": {
            "intv_type": "do",
            "inode": 2,
            "new_mui": 10.0,
            "true_params": {
                "Si": [
                    [
                        1.0,
                        -8.719618091610158,
                        0.0,
                        -88.67879785544034
                    ],
                    [
                        -8.719618091610158,
                        77.03173966353518,
                        0.0,
                        782.6194340604384
                    ],
                    [
                        0.0,
                        0.0,
                        0.0,
                        0.0
                    ],
                    [
                        -88.67879785544034,
                        782.6194340604384,
                        0.0,
                        7952.8045135876455
                    ]
                ],