{
    "expt_args": {
        "save_dir": "expt_logs_29.04.24-9",
        "exp_name": "122",
        "num_nodes": 4,
        "obs_noise_mean": 0.5,
        "obs_noise_var": 1.0,
        "max_edge_strength": 1.0,
        "num_parents": 2,
        "new_noise_mean": 10.0,
        "mix_samples": 4096,
        "stage2_samples": 4096,
        "intv_targets": [
            0,
            1,
            2,
            3
        ]
    },
    "intv_args_dict": {
        "0": {
            "intv_type": "do",
            "inode": 0,
            "new_mui": 10.0,
            "true_params": {
                "Si": [
                    [
                        0.0,
                        0.0,
                        0.0,
                        0.0
                    ],
                    [
                        0.0,
                        1.0,
                        -0.5776063420333546,
                        -0.5002764410334618
                    ],
                    [
                        0.0,
                        -0.5776063420333546,
                        1.3336290863571527,
                        1.155082907560832
                    ],
                    [
                        0.0,
                        -0.5002764410334618,
                        1.155082907560832,
                        2.000440480031549
                    ]
                ],
                "mui": [
                    10.0,
                    -6.519691451057172,
                    12.248102668227808,
                    3.51039119538911
                ],
                "Ai": [
                    [
                        0.0,
                        0.0,
                        0.0,
                        0.0
                    ],
                    [
                        -0.7019691451057172,
                        0.0,
                        0.0,
                        0.0
                    ],
                    [
                        0.7982287537996544,
                        -0.5776063420333546,
                        0.0,
                        0.0
                    ],
                    [
                        -0.7597936252510727,
                        -0.0,
                        0.8661200624500289,
                        0.0
                    ]
                ]
            },
            "est_params": {
                "mui": [
                    10.0,
                    -6.5391148562897765,
                    12.19403863219621,
                    3.467456288592831
                ],
                "Si": [
                    [
                        1e-06,
                        0.0,
                        0.0,
                        0.0
                    ],
                    [
                        0.0,
                        0.955323397079489,
                        -0.5263899158352517,
                        -0.5053452448685448
                    ],
                    [
                        0.0,
                        -0.5263899158352517,
                        1.246011034024813,
                        1.1267660449136514
                    ],
                    [
                        0.0,
                        -0.5053452448685448,
                        1.1267660449136514,
                        1.9911217581189475
                    ]
                ]
            },
            "est_tgt": [
                0
            ]
        },
        "1": {
            "intv_type": "do",
            "inode": 1,
            "new_mui": 10.0,
            "true_params": {
                "Si": [
                    [
                        1.0,
                        0.0,
                        0.7982287537996544,
                        -0.06843168716070736
                    ],
                    [
                        0.0,
                        0.0,
                        0.0,
                        0.0
                    ],
                    [
                        0.7982287537996544,
                        0.0,
                        1.6371691433925493,
                        0.8114959220873297
                    ],
                    [
                        -0.06843168716070736,
                        0.0,
                        0.8114959220873297,
                        1.7548468583861028
                    ]
                ],
                "mui": [
                    0.5,
                    10.0,
                    -4.8769490434337195,
                    -4.103920222689957
                ],
                "Ai": [
                    [
                        0.0,
                        0.0,
                        0.0,
                        0.0
                    ],
                    [
                        0.0,
                        0.0,
                        0.0,
                        0.0
                    ],
                    [
                        0.7982287537996544,
                        -0.5776063420333546,
                        0.0,
                        0.0
                    ],
                    [
                        -0.7597936252510727,
                        -0.0,
                        0.8661200624500289,
                        0.0
                    ]
                ]
            },
            "est_params": {
                "mui": [
                    0.5012100916133782,
                    10.0,
                    -4.859867859018398,
                    -4.160630541020138
                ],
                "Si": [
                    [
                        0.9777801545814648,
                        0.0,
                        0.7965822195317651,
                        -0.04317132908688116
                    ],
                    [
                        0.0,
                        1e-06,
                        0.0,
                        0.0
                    ],
                    [
                        0.7965822195317651,
                        0.0,
                        1.6600829650274278,
                        0.8194095325199023
                    ],
                    [
                        -0.04317132908688116,
                        0.0,
                        0.8194095325199023,
                        1.6573652330670083
                    ]
                ]
            },
            "est_tgt": [
                1
            ]
        },
        "2": {
            "intv_type": "do",
            "inode": 2,
            "new_mui": 10.0,
            "true_params": {
                "Si": [
                    [
                        1.0,
                        -0.7019691451057172,
                        0.0,
                        -0.7597936252510727
                    ],
                    [
                        -0.7019691451057172,
                        1.4927606806804514,
                        0.0,
                        0.5333516815742692
                    ],
                    [
                        0.0,
                        0.0,
                        0.0,
                        0.0
                    ],
                    [
                        -0.7597936252510727,
                        0.5333516815742692,
                        0.0,
                        1.5772863529721675
                    ]
                ],
                "mui": [
                    0.5,
                    0.1490154274471414,
                    10.0,
                    8.781303811874752
                ],