{
    "expt_args": {
        "save_dir": "expt_logs_29.04.24-9",
        "exp_name": "194",
        "num_nodes": 4,
        "obs_noise_mean": 0.5,
        "obs_noise_var": 1.0,
        "max_edge_strength": 1.0,
        "num_parents": 2,
        "new_noise_mean": 10.0,
        "mix_samples": 4096,
        "stage2_samples": 4096,
        "intv_targets": [
            0,
            1,
            2,
            3
        ]
    },
    "intv_args_dict": {
        "0": {
            "intv_type": "do",
            "inode": 0,
            "new_mui": 10.0,
            "true_params": {
                "Si": [
                    [
                        0.0,
                        0.0,
                        0.0,
                        0.0
                    ],
                    [
                        0.0,
                        1.0,
                        0.5442475005391121,
                        0.257970623627216
                    ],
                    [
                        0.0,
                        0.5442475005391121,
                        1.2962053418430708,
                        -0.3842337118234168
                    ],
                    [
                        0.0,
                        0.257970623627216,
                        -0.3842337118234168,
                        1.3417892348113016
                    ]
                ],
                "mui": [
                    10.0,
                    7.223598688115656,
                    -2.617202147132266,
                    5.799106234312974
                ],
                "Ai": [
                    [
                        0.0,
                        0.0,
                        0.0,
                        0.0
                    ],
                    [
                        0.6723598688115656,
                        0.0,
                        0.0,
                        0.0
                    ],
                    [
                        -0.7048627678036821,
                        0.5442475005391121,
                        0.0,
                        0.0
                    ],
                    [
                        -0.0,
                        0.5435011376669457,
                        -0.5246335789450451,
                        0.0
                    ]
                ]
            },
            "est_params": {
                "mui": [
                    10.0,
                    7.183974500480615,
                    -2.607588356016398,
                    5.764728917359479
                ],
                "Si": [
                    [
                        1e-06,
                        0.0,
                        0.0,
                        0.0
                    ],
                    [
                        0.0,
                        0.9356956221159906,
                        0.537897654686232,
                        0.18745376197616523
                    ],
                    [
                        0.0,
                        0.537897654686232,
                        1.2875311626434285,
                        -0.33322636205081646
                    ],
                    [
                        0.0,
                        0.18745376197616523,
                        -0.33322636205081646,
                        1.153549585784109
                    ]
                ]
            },
            "est_tgt": [
                0
            ]
        },
        "1": {
            "intv_type": "do",
            "inode": 1,
            "new_mui": 10.0,
            "true_params": {
                "Si": [
                    [
                        1.0,
                        0.0,
                        -0.7048627678036821,
                        0.36979467653795606
                    ],
                    [
                        0.0,
                        0.0,
                        0.0,
                        0.0
                    ],
                    [
                        -0.7048627678036821,
                        0.0,
                        1.4968315214358674,
                        -0.7852880781686562
                    ],
                    [
                        0.36979467653795606,
                        0.0,
                        -0.7852880781686562,
                        1.4119884949524986
                    ]
                ],
                "mui": [
                    0.5,
                    10.0,
                    5.590043621489279,
                    3.0022867850686152
                ],
                "Ai": [
                    [
                        0.0,
                        0.0,
                        0.0,
                        0.0
                    ],
                    [
                        0.0,
                        0.0,
                        0.0,
                        0.0
                    ],
                    [
                        -0.7048627678036821,
                        0.5442475005391121,
                        0.0,
                        0.0
                    ],
                    [
                        -0.0,
                        0.5435011376669457,
                        -0.5246335789450451,
                        0.0
                    ]
                ]
            },
            "est_params": {
                "mui": [
                    0.5177815335223981,
                    9.999999999999998,
                    5.6197504885676635,
                    3.0320185685031418
                ],
                "Si": [
                    [
                        1.0123440672154922,
                        3.987648531886433e-31,
                        -0.7258910541706982,
                        0.36700366398513296
                    ],
                    [
                        3.987648531886433e-31,
                        1e-06,
                        3.436698058398742e-30,
                        2.935833991591751e-30
                    ],
                    [
                        -0.7258910541706982,
                        3.436698058398742e-30,
                        1.5479941532755586,
                        -0.8565998954771801
                    ],
                    [
                        0.36700366398513296,
                        2.935833991591751e-30,
                        -0.8565998954771801,
                        1.3370005878158033
                    ]
                ]
            },
            "est_tgt": [
                1
            ]
        },
        "2": {
            "intv_type": "do",
            "inode": 2,
            "new_mui": 10.0,
            "true_params": {
                "Si": [
                    [
                        1.0,
                        0.6723598688115656,
                        0.0,
                        0.3654283536206843
                    ],
                    [
                        0.6723598688115656,
                        1.4520677931883057,
                        0.0,
                        0.7892004975673754
                    ],
                    [
                        0.0,
                        0.0,
                        0.0,
                        0.0
                    ],
                    [
                        0.3654283536206843,
                        0.7892004975673754,
                        0.0,
                        1.4289313682751883
                    ]
                ],
                "mui": [
                    0.5,
                    0.8361799344057828,
                    10.0,
                    -4.291871043806637
                ],