{
    "expt_args": {
        "save_dir": "expt_logs_29.04.24-9",
        "exp_name": "103",
        "num_nodes": 4,
        "obs_noise_mean": 0.5,
        "obs_noise_var": 1.0,
        "max_edge_strength": 1.0,
        "num_parents": 2,
        "new_noise_mean": 10.0,
        "mix_samples": 131072,
        "stage2_samples": 131072,
        "intv_targets": [
            0,
            1,
            2,
            3
        ]
    },
    "intv_args_dict": {
        "0": {
            "intv_type": "do",
            "inode": 0,
            "new_mui": 10.0,
            "true_params": {
                "Si": [
                    [
                        0.0,
                        0.0,
                        0.0,
                        0.0
                    ],
                    [
                        0.0,
                        1.0,
                        0.6713627357118139,
                        1.39306381919092
                    ],
                    [
                        0.0,
                        0.6713627357118139,
                        1.450727922902451,
                        1.84231969121788
                    ],
                    [
                        0.0,
                        1.39306381919092,
                        1.84231969121788,
                        3.7634001669826334
                    ]
                ],
                "mui": [
                    10.0,
                    6.662853812879119,
                    -4.318406621660682,
                    1.8071981399488977
                ],
                "Ai": [
                    [
                        0.0,
                        0.0,
                        0.0,
                        0.0
                    ],
                    [
                        0.6162853812879119,
                        0.0,
                        0.0,
                        0.0
                    ],
                    [
                        -0.9291598385123097,
                        0.6713627357118139,
                        0.0,
                        0.0
                    ],
                    [
                        0.0,
                        0.7840917929336184,
                        0.9070685545447165,
                        0.0
                    ]
                ]
            },
            "est_params": {
                "mui": [
                    10.0,
                    6.650690825881227,
                    -4.321437669737071,
                    1.7861845597757204
                ],
                "Si": [
                    [
                        1e-06,
                        0.0,
                        0.0,
                        0.0
                    ],
                    [
                        0.0,
                        1.0131750641361998,
                        0.6865655898138716,
                        1.4121569994911225
                    ],
                    [
                        0.0,
                        0.6865655898138716,
                        1.4773204187887499,
                        1.8731287501966498
                    ],
                    [
                        0.0,
                        1.4121569994911225,
                        1.8731287501966498,
                        3.7905230898368836
                    ]
                ]
            },
            "est_tgt": [
                0
            ]
        },
        "1": {
            "intv_type": "do",
            "inode": 1,
            "new_mui": 10.0,
            "true_params": {
                "Si": [
                    [
                        1.0,
                        0.0,
                        -0.9291598385123097,
                        -0.8428116716603629
                    ],
                    [
                        0.0,
                        0.0,
                        0.0,
                        0.0
                    ],
                    [
                        -0.9291598385123097,
                        0.0,
                        1.8633380055042212,
                        1.690175311280949
                    ],
                    [
                        -0.8428116716603629,
                        0.0,
                        1.690175311280949,
                        2.5331048765307767
                    ]
                ],
                "mui": [
                    0.5,
                    10.0,
                    6.749047437861984,
                    14.462766633351377
                ],
                "Ai": [
                    [
                        0.0,
                        0.0,
                        0.0,
                        0.0
                    ],
                    [
                        0.0,
                        0.0,
                        0.0,
                        0.0
                    ],
                    [
                        -0.9291598385123097,
                        0.6713627357118139,
                        0.0,
                        0.0
                    ],
                    [
                        0.0,
                        0.7840917929336184,
                        0.9070685545447165,
                        0.0
                    ]
                ]
            },
            "est_params": {
                "mui": [
                    0.49973063731067136,
                    10.0,
                    6.75850924067169,
                    14.463186993783662
                ],
                "Si": [
                    [
                        0.9919693361822466,
                        -9.129401141209145e-26,
                        -0.9177676365599376,
                        -0.8286367855054353
                    ],
                    [
                        -9.129401141209145e-26,
                        1e-06,
                        8.584414679082426e-26,
                        6.373651931267891e-26
                    ],
                    [
                        -0.9177676365599376,
                        8.584414679082425e-26,
                        1.864186983483211,
                        1.6785100917193616
                    ],
                    [
                        -0.8286367855054353,
                        6.373651931267891e-26,
                        1.6785100917193616,
                        2.5077309002547925
                    ]
                ]
            },
            "est_tgt": [
                1
            ]
        },
        "2": {
            "intv_type": "do",
            "inode": 2,
            "new_mui": 10.0,
            "true_params": {
                "Si": [
                    [
                        1.0,
                        0.6162853812879119,
                        0.0,
                        0.4832243095728175
                    ],
                    [
                        0.6162853812879119,
                        1.379807671189187,
                        0.0,
                        1.0818958708062902
                    ],
                    [
                        0.0,
                        0.0,
                        0.0,
                        0.0
                    ],
                    [
                        0.4832243095728175,
                        1.0818958708062902,
                        0.0,
                        1.8483056731079825
                    ]
                ],
                "mui": [
                    0.5,
                    0.8081426906439559,
                    10.0,
                    10.204343596700383
                ],