{
    "expt_args": {
        "save_dir": "all_expt_logs/expt_logs_sim_compsel_backward_cameraready_all_re",
        "exp_name": "269",
        "num_nodes": 4,
        "num_tgt_prior": 5,
        "obs_noise_mean": 0.0,
        "obs_noise_var": 1.0,
        "obs_noise_gamma_shape": null,
        "noise_type": "gaussian",
        "max_edge_strength": 1.0,
        "graph_sparsity_method": "adj_dense_prop",
        "adj_dense_prop": 0.8,
        "num_parents": null,
        "new_noise_mean": 1.0,
        "mix_samples": 32768,
        "stage2_samples": 32768,
        "gmm_tol": 0.001,
        "intv_type": "do",
        "new_noise_var": null,
        "dtype": "simulation",
        "cutoff_drop_ratio": 0.07,
        "intv_targets": [
            0,
            1,
            2,
            3
        ]
    },
    "intv_args_dict": {
        "0": {
            "intv_type": "do",
            "inode": 0,
            "new_mui": 1.0,
            "new_vari": null,
            "noise_type": "gaussian",
            "obs_noise_gamma_shape": null,
            "true_params": {
                "Si": [
                    [
                        1e-09,
                        0.0,
                        5.771148261508092e-10,
                        6.057693840410004e-10
                    ],
                    [
                        0.0,
                        1.0,
                        0.5167178699289944,
                        0.0
                    ],
                    [
                        5.771148261508092e-10,
                        0.5167178699289944,
                        1.2669973574370186,
                        3.495984927583047e-10
                    ],
                    [
                        6.057693840410004e-10,
                        0.0,
                        3.4959849275830474e-10,
                        1.0000000003669565
                    ]
                ],
                "mui": [
                    1.0,
                    0.0,
                    0.5771148261508092,
                    0.6057693840410003
                ],
                "Ai": [
                    [
                        0.0,
                        0.0,
                        0.0,
                        0.0
                    ],
                    [
                        -0.0,
                        0.0,
                        0.0,
                        0.0
                    ],
                    [
                        0.5771148261508092,
                        0.5167178699289944,
                        0.0,
                        0.0
                    ],
                    [
                        0.6057693840410003,
                        -0.0,
                        0.0,
                        0.0
                    ]
                ]
            },
            "est_params": {
                "mui": [
                    0.9999995830416261,
                    0.0116190948170186,
                    0.5739638186045893,
                    0.5947207441786455
                ],
                "Si": [
                    [
                        1.0131348701051366e-06,
                        1.8852190456624496e-06,
                        3.4140686241310167e-06,
                        -1.0424289363193527e-06
                    ],
                    [
                        1.8852190456624498e-06,
                        0.9827832182649504,
                        0.5194617154461577,
                        0.01488453394600674
                    ],
                    [
                        3.4140686241310167e-06,
                        0.5194617154461577,
                        1.2528163309355453,
                        0.014692438672605595
                    ],
                    [
                        -1.042428936319353e-06,
                        0.014884533946006737,
                        0.014692438672605597,
                        0.9978319308669144
                    ]
                ]
            },
            "est_tgt": [
                0
            ],
            "oracle_est_tgt": [
                0
            ]
        },
        "1": {
            "intv_type": "do",
            "inode": 1,
            "new_mui": 1.0,
            "new_vari": null,
            "noise_type": "gaussian",
            "obs_noise_gamma_shape": null,
            "true_params": {
                "Si": [
                    [
                        1.0,
                        0.0,
                        0.5771148261508092,
                        0.6057693840410003
                    ],
                    [
                        0.0,
                        1e-09,
                        5.167178699289944e-10,
                        0.0
                    ],
                    [
                        0.5771148261508092,
                        5.167178699289944e-10,
                        1.3330615228300762,
                        0.3495984927583047
                    ],
                    [
                        0.6057693840410003,
                        0.0,
                        0.3495984927583047,
                        1.366956546641413
                    ]
                ],
                "mui": [
                    0.0,
                    1.0,
                    0.5167178699289944,
                    0.0
                ],
                "Ai": [
                    [
                        0.0,
                        0.0,
                        0.0,
                        0.0
                    ],
                    [
                        0.0,
                        0.0,
                        0.0,
                        0.0
                    ],
                    [
                        0.5771148261508092,
                        0.5167178699289944,
                        0.0,
                        0.0
                    ],
                    [
                        0.6057693840410003,
                        -0.0,
                        0.0,
                        0.0
                    ]
                ]
            },
            "est_params": {
                "mui": [
                    -0.009810850752703873,
                    1.000000371691439,
                    0.5035796984928991,
                    -0.015356074162211037
                ],
                "Si": [
                    [
                        0.9805525445513393,
                        4.5896559234015444e-07,
                        0.5540809773133554,
                        0.6265906772428524
                    ],
                    [
                        4.5896559234015444e-07,
                        1.0096842186378029e-06,
                        5.4756082698575955e-08,
                        -4.7616843254950186e-07
                    ],
                    [
                        0.5540809773133554,
                        5.475608269857569e-08,
                        1.2861638135996092,
                        0.36305714602441064
                    ],
                    [
                        0.6265906772428524,
                        -4.761684325495018e-07,
                        0.36305714602441064,
                        1.393581676478769
                    ]
                ]
            },
            "est_tgt": [
                1
            ],
            "oracle_est_tgt": [
                1
            ]
        },
        "2": {
            "intv_type": "do",
            "inode": 2,
            "new_mui": 1.0,
            "new_vari": null,
            "noise_type": "gaussian",
            "obs_noise_gamma_shape": null,