{
    "expt_args": {
        "save_dir": "all_expt_logs/expt_logs_sim_compsel_backward_cameraready_all_re",
        "exp_name": "174",
        "num_nodes": 4,
        "num_tgt_prior": 5,
        "obs_noise_mean": 0.0,
        "obs_noise_var": 1.0,
        "obs_noise_gamma_shape": null,
        "noise_type": "gaussian",
        "max_edge_strength": 1.0,
        "graph_sparsity_method": "adj_dense_prop",
        "adj_dense_prop": 0.8,
        "num_parents": null,
        "new_noise_mean": 1.0,
        "mix_samples": 524288,
        "stage2_samples": 524288,
        "gmm_tol": 0.001,
        "intv_type": "do",
        "new_noise_var": null,
        "dtype": "simulation",
        "cutoff_drop_ratio": 0.07,
        "intv_targets": [
            0,
            1,
            2,
            3
        ]
    },
    "intv_args_dict": {
        "0": {
            "intv_type": "do",
            "inode": 0,
            "new_mui": 1.0,
            "new_vari": null,
            "noise_type": "gaussian",
            "obs_noise_gamma_shape": null,
            "true_params": {
                "Si": [
                    [
                        1e-09,
                        0.0,
                        9.257311923363501e-10,
                        -8.786381176608764e-10
                    ],
                    [
                        0.0,
                        1.0,
                        -0.7120646447767729,
                        0.6758410479401943
                    ],
                    [
                        9.257311923363501e-10,
                        -0.7120646447767729,
                        1.5070360591980498,
                        -1.4303712970489757
                    ],
                    [
                        -8.786381176608764e-10,
                        0.6758410479401943,
                        -1.4303712970489757,
                        2.3576065648424507
                    ]
                ],
                "mui": [
                    1.0,
                    0.0,
                    0.92573119233635,
                    -0.8786381176608764
                ],
                "Ai": [
                    [
                        0.0,
                        0.0,
                        0.0,
                        0.0
                    ],
                    [
                        0.0,
                        0.0,
                        0.0,
                        0.0
                    ],
                    [
                        0.92573119233635,
                        -0.7120646447767729,
                        0.0,
                        0.0
                    ],
                    [
                        0.0,
                        0.0,
                        -0.9491287805084966,
                        0.0
                    ]
                ]
            },
            "est_params": {
                "mui": [
                    1.0000000900663313,
                    0.001043642862186647,
                    0.9274509955616517,
                    -0.8777350455867878
                ],
                "Si": [
                    [
                        1.010865727373698e-06,
                        -1.7696024662151846e-07,
                        3.9775525220053634e-07,
                        -2.5046668155578074e-07
                    ],
                    [
                        -1.7696024662151832e-07,
                        0.9946471868146463,
                        -0.7093659554075078,
                        0.6718730773949769
                    ],
                    [
                        3.977552522005364e-07,
                        -0.7093659554075078,
                        1.501342182939523,
                        -1.4285133192816253
                    ],
                    [
                        -2.5046668155578064e-07,
                        0.6718730773949769,
                        -1.428513319281625,
                        2.3605934650722835
                    ]
                ]
            },
            "est_tgt": [
                0
            ],
            "oracle_est_tgt": [
                0
            ]
        },
        "1": {
            "intv_type": "do",
            "inode": 1,
            "new_mui": 1.0,
            "new_vari": null,
            "noise_type": "gaussian",
            "obs_noise_gamma_shape": null,
            "true_params": {
                "Si": [
                    [
                        1.0,
                        0.0,
                        0.92573119233635,
                        -0.8786381176608764
                    ],
                    [
                        0.0,
                        1e-09,
                        -7.120646447767729e-10,
                        6.758410479401944e-10
                    ],
                    [
                        0.92573119233635,
                        -7.120646447767729e-10,
                        1.8569782409715163,
                        -1.7625114932841084
                    ],
                    [
                        -0.8786381176608764,
                        6.758410479401944e-10,
                        -1.7625114932841084,
                        2.672850384252955
                    ]
                ],
                "mui": [
                    0.0,
                    1.0,
                    -0.7120646447767729,
                    0.6758410479401943
                ],
                "Ai": [
                    [
                        0.0,
                        0.0,
                        0.0,
                        0.0
                    ],
                    [
                        0.0,
                        0.0,
                        0.0,
                        0.0
                    ],
                    [
                        0.92573119233635,
                        -0.7120646447767729,
                        0.0,
                        0.0
                    ],
                    [
                        0.0,
                        0.0,
                        -0.9491287805084966,
                        0.0
                    ]
                ]
            },
            "est_params": {
                "mui": [
                    0.0022412943439849976,
                    0.999999981361511,
                    -0.706814129222279,
                    0.6659379862533672
                ],
                "Si": [
                    [
                        1.0048353938158066,
                        -2.670562169737982e-07,
                        0.9270263201263043,
                        -0.8778116030931432
                    ],
                    [
                        -2.670562169737982e-07,
                        1.010386126085705e-06,
                        -3.594163729837347e-07,
                        3.6056824092951916e-07
                    ],
                    [
                        0.9270263201263043,
                        -3.594163729837347e-07,
                        1.8530339111486092,
                        -1.753870775669142
                    ],
                    [
                        -0.8778116030931432,
                        3.6056824092951916e-07,
                        -1.753870775669142,
                        2.6640324493412604
                    ]
                ]
            },
            "est_tgt": [
                1
            ],
            "oracle_est_tgt": [
                1
            ]
        },
        "2": {
            "intv_type": "do",
            "inode": 2,
            "new_mui": 1.0,
            "new_vari": null,
            "noise_type": "gaussian",
            "obs_noise_gamma_shape": null,