{
    "expt_args": {
        "save_dir": "expt_logs_29.04.24-10",
        "exp_name": "25",
        "num_nodes": 4,
        "obs_noise_mean": 0.0,
        "obs_noise_var": 1.0,
        "max_edge_strength": 1.0,
        "num_parents": 2,
        "new_noise_mean": 10.0,
        "mix_samples": 2048,
        "stage2_samples": 2048,
        "intv_targets": [
            0,
            1,
            2,
            3
        ]
    },
    "intv_args_dict": {
        "0": {
            "intv_type": "do",
            "inode": 0,
            "new_mui": 10.0,
            "true_params": {
                "Si": [
                    [
                        0.0,
                        0.0,
                        0.0,
                        0.0
                    ],
                    [
                        0.0,
                        1.0,
                        -0.5649399036652014,
                        -0.6086287992735002
                    ],
                    [
                        0.0,
                        -0.5649399036652014,
                        1.3191570947532472,
                        -0.16737251721664148
                    ],
                    [
                        0.0,
                        -0.6086287992735002,
                        -0.16737251721664148,
                        1.6317659190356937
                    ]
                ],
                "mui": [
                    10.0,
                    7.2412343144266895,
                    1.5340508567318785,
                    -7.282742377867439
                ],
                "Ai": [
                    [
                        0.0,
                        0.0,
                        0.0,
                        0.0
                    ],
                    [
                        0.724123431442669,
                        0.0,
                        0.0,
                        0.0
                    ],
                    [
                        0.5624913072741243,
                        -0.5649399036652014,
                        0.0,
                        0.0
                    ],
                    [
                        0.0,
                        -0.8974324123853594,
                        -0.5112112124460799,
                        0.0
                    ]
                ]
            },
            "est_params": {
                "mui": [
                    10.0,
                    7.255781079412555,
                    1.4990941711090255,
                    -7.268507469351869
                ],
                "Si": [
                    [
                        1e-06,
                        0.0,
                        0.0,
                        0.0
                    ],
                    [
                        0.0,
                        1.0884398160770772,
                        -0.662446596740857,
                        -0.6742591472875356
                    ],
                    [
                        0.0,
                        -0.662446596740857,
                        1.4499657461003397,
                        -0.17650372614850124
                    ],
                    [
                        0.0,
                        -0.6742591472875356,
                        -0.17650372614850124,
                        1.75469922742747
                    ]
                ]
            },
            "est_tgt": [
                0,
                2
            ]
        },
        "1": {
            "intv_type": "do",
            "inode": 1,
            "new_mui": 10.0,
            "true_params": {
                "Si": [
                    [
                        1.0,
                        0.0,
                        0.5624913072741243,
                        -0.2875518631819856
                    ],
                    [
                        0.0,
                        0.0,
                        0.0,
                        0.0
                    ],
                    [
                        0.5624913072741243,
                        0.0,
                        1.3163964707589533,
                        -0.6729566358764252
                    ],
                    [
                        -0.2875518631819856,
                        0.0,
                        -0.6729566358764252,
                        1.3440229777500226
                    ]
                ],
                "mui": [
                    0.0,
                    10.0,
                    -5.649399036652014,
                    -6.086287992735002
                ],
                "Ai": [
                    [
                        0.0,
                        0.0,
                        0.0,
                        0.0
                    ],
                    [
                        0.0,
                        0.0,
                        0.0,
                        0.0
                    ],
                    [
                        0.5624913072741243,
                        -0.5649399036652014,
                        0.0,
                        0.0
                    ],
                    [
                        0.0,
                        -0.8974324123853594,
                        -0.5112112124460799,
                        0.0
                    ]
                ]
            },
            "est_params": {
                "mui": [
                    -0.015764347115919355,
                    10.0,
                    -5.7267693983630785,
                    -6.0448006843009106
                ],
                "Si": [
                    [
                        0.9758417688131659,
                        0.0,
                        0.47039574227749037,
                        -0.23181783076203819
                    ],
                    [
                        0.0,
                        1e-06,
                        0.0,
                        0.0
                    ],
                    [
                        0.47039574227749037,
                        0.0,
                        1.2535600030901477,
                        -0.7093806569029669
                    ],
                    [
                        -0.23181783076203819,
                        0.0,
                        -0.7093806569029669,
                        1.3415100092552543
                    ]
                ]
            },
            "est_tgt": [
                1,
                2
            ]
        },
        "2": {
            "intv_type": "do",
            "inode": 2,
            "new_mui": 10.0,
            "true_params": {
                "Si": [
                    [
                        1.0,
                        0.724123431442669,
                        0.0,
                        -0.6498518379443589
                    ],
                    [
                        0.724123431442669,
                        1.5243547439643057,
                        0.0,
                        -1.3680053552069538
                    ],
                    [
                        0.0,
                        0.0,
                        0.0,
                        0.0
                    ],
                    [
                        -0.6498518379443589,
                        -1.3680053552069538,
                        0.0,
                        2.227692346079467
                    ]
                ],
                "mui": [
                    0.0,
                    0.0,
                    10.0,
                    -5.112112124460799
                ],