{
    "expt_args": {
        "save_dir": "expt_logs_29.04.24-10",
        "exp_name": "170",
        "num_nodes": 4,
        "obs_noise_mean": 0.0,
        "obs_noise_var": 1.0,
        "max_edge_strength": 1.0,
        "num_parents": 2,
        "new_noise_mean": 10.0,
        "mix_samples": 4096,
        "stage2_samples": 4096,
        "intv_targets": [
            0,
            1,
            2,
            3
        ]
    },
    "intv_args_dict": {
        "0": {
            "intv_type": "do",
            "inode": 0,
            "new_mui": 10.0,
            "true_params": {
                "Si": [
                    [
                        0.0,
                        0.0,
                        0.0,
                        0.0
                    ],
                    [
                        0.0,
                        1.0,
                        -0.8077609493628433,
                        0.6727219164234153
                    ],
                    [
                        0.0,
                        -0.8077609493628433,
                        1.652477751315562,
                        -0.5433984938673693
                    ],
                    [
                        0.0,
                        0.6727219164234153,
                        -0.5433984938673693,
                        1.4525547768363927
                    ]
                ],
                "mui": [
                    10.0,
                    -6.455124979755308,
                    -3.7076693559021914,
                    -10.71786915455551
                ],
                "Ai": [
                    [
                        0.0,
                        0.0,
                        0.0,
                        0.0
                    ],
                    [
                        -0.6455124979755308,
                        0.0,
                        0.0,
                        0.0
                    ],
                    [
                        -0.8921867237805143,
                        -0.8077609493628433,
                        0.0,
                        0.0
                    ],
                    [
                        -0.637536510742186,
                        0.6727219164234153,
                        -0.0,
                        0.0
                    ]
                ]
            },
            "est_params": {
                "mui": [
                    10.0,
                    -6.471461979606575,
                    -3.676138758572409,
                    -10.717331346469292
                ],
                "Si": [
                    [
                        1e-06,
                        0.0,
                        0.0,
                        0.0
                    ],
                    [
                        0.0,
                        1.0158784839583173,
                        -0.7894600309506813,
                        0.6758183135572603
                    ],
                    [
                        0.0,
                        -0.7894600309506813,
                        1.6209400177698154,
                        -0.5008729241147238
                    ],
                    [
                        0.0,
                        0.6758183135572603,
                        -0.5008729241147238,
                        1.4483388334196865
                    ]
                ]
            },
            "est_tgt": [
                0
            ]
        },
        "1": {
            "intv_type": "do",
            "inode": 1,
            "new_mui": 10.0,
            "true_params": {
                "Si": [
                    [
                        1.0,
                        0.0,
                        -0.8921867237805143,
                        -0.637536510742186
                    ],
                    [
                        0.0,
                        0.0,
                        0.0,
                        0.0
                    ],
                    [
                        -0.8921867237805143,
                        0.0,
                        1.7959971500902077,
                        0.5688016108095316
                    ],
                    [
                        -0.637536510742186,
                        0.0,
                        0.5688016108095316,
                        1.4064528025293215
                    ]
                ],
                "mui": [
                    0.0,
                    10.0,
                    -8.077609493628433,
                    6.727219164234153
                ],
                "Ai": [
                    [
                        0.0,
                        0.0,
                        0.0,
                        0.0
                    ],
                    [
                        0.0,
                        0.0,
                        0.0,
                        0.0
                    ],
                    [
                        -0.8921867237805143,
                        -0.8077609493628433,
                        0.0,
                        0.0
                    ],
                    [
                        -0.637536510742186,
                        0.6727219164234153,
                        -0.0,
                        0.0
                    ]
                ]
            },
            "est_params": {
                "mui": [
                    -0.034503496308857746,
                    10.0,
                    -8.092575120669606,
                    6.76889790618755
                ],
                "Si": [
                    [
                        1.0188683526729556,
                        0.0,
                        -0.9676125922350249,
                        -0.6741062678362163
                    ],
                    [
                        0.0,
                        1e-06,
                        0.0,
                        0.0
                    ],
                    [
                        -0.9676125922350249,
                        0.0,
                        1.9537423856281038,
                        0.6025686751687138
                    ],
                    [
                        -0.6741062678362163,
                        0.0,
                        0.6025686751687138,
                        1.3652752369410548
                    ]
                ]
            },
            "est_tgt": [
                1
            ]
        },
        "2": {
            "intv_type": "do",
            "inode": 2,
            "new_mui": 10.0,
            "true_params": {
                "Si": [
                    [
                        1.0,
                        -0.6455124979755308,
                        0.0,
                        -1.071786915455551
                    ],
                    [
                        -0.6455124979755308,
                        1.4166863850426097,
                        0.0,
                        1.364573765516617
                    ],
                    [
                        0.0,
                        0.0,
                        0.0,
                        0.0
                    ],
                    [
                        -1.071786915455551,
                        1.364573765516617,
                        0.0,
                        2.601281968978117
                    ]
                ],
                "mui": [
                    0.0,
                    0.0,
                    10.0,
                    0.0
                ],