{
    "expt_args": {
        "save_dir": "expt_logs_30.04.24-allunk",
        "exp_name": "168",
        "num_nodes": 4,
        "obs_noise_mean": 0.0,
        "obs_noise_var": 1.0,
        "max_edge_strength": 1.0,
        "graph_sparsity_method": "num_parents",
        "adj_dense_prop": null,
        "num_parents": 2,
        "new_noise_mean": 1.0,
        "mix_samples": 1024,
        "stage2_samples": 1024,
        "gmm_tol": 0.001,
        "intv_targets": [
            0,
            1,
            2,
            3
        ]
    },
    "intv_args_dict": {
        "0": {
            "intv_type": "do",
            "inode": 0,
            "new_mui": 1.0,
            "true_params": {
                "Si": [
                    [
                        0.0,
                        0.0,
                        0.0,
                        0.0
                    ],
                    [
                        0.0,
                        1.0,
                        0.937184894956351,
                        1.5963225955652511
                    ],
                    [
                        0.0,
                        0.937184894956351,
                        1.8783155273343466,
                        2.183090445569929
                    ],
                    [
                        0.0,
                        1.5963225955652511,
                        2.183090445569929,
                        4.020271194375324
                    ]
                ],
                "mui": [
                    1.0,
                    -0.6643518158288733,
                    0.0935537343213022,
                    -0.5684787465877268
                ],
                "Ai": [
                    [
                        0.0,
                        0.0,
                        0.0,
                        0.0
                    ],
                    [
                        -0.6643518158288733,
                        0.0,
                        0.0,
                        0.0
                    ],
                    [
                        0.7161742210529458,
                        0.937184894956351,
                        0.0,
                        0.0
                    ],
                    [
                        0.0,
                        0.9524381279732105,
                        0.6870410215286592,
                        0.0
                    ]
                ]
            },
            "est_params": {
                "mui": [
                    1.0000020950115194,
                    -0.6415701242959566,
                    0.08119347886926966,
                    -0.5207454773295829
                ],
                "Si": [
                    [
                        1.0007696455239393e-06,
                        7.40504016723097e-07,
                        -1.8056314966365796e-06,
                        -4.5834358752280674e-07
                    ],
                    [
                        7.40504016723097e-07,
                        0.9527852912567877,
                        0.8412394740776746,
                        1.4735622972691866
                    ],
                    [
                        -1.8056314966365794e-06,
                        0.8412394740776746,
                        1.6053590860901532,
                        1.8429719110840639
                    ],
                    [
                        -4.5834358752280647e-07,
                        1.4735622972691864,
                        1.8429719110840639,
                        3.674673721538444
                    ]
                ]
            },
            "est_tgt": [
                0
            ]
        },
        "1": {
            "intv_type": "do",
            "inode": 1,
            "new_mui": 1.0,
            "true_params": {
                "Si": [
                    [
                        1.0,
                        0.0,
                        0.7161742210529458,
                        0.4920410684247077
                    ],
                    [
                        0.0,
                        0.0,
                        0.0,
                        0.0
                    ],
                    [
                        0.7161742210529458,
                        0.0,
                        1.5129055149007937,
                        1.0394281504337834
                    ],
                    [
                        0.4920410684247077,
                        0.0,
                        1.0394281504337834,
                        1.7141297782796714
                    ]
                ],
                "mui": [
                    0.0,
                    1.0,
                    0.937184894956351,
                    1.5963225955652511
                ],
                "Ai": [
                    [
                        0.0,
                        0.0,
                        0.0,
                        0.0
                    ],
                    [
                        0.0,
                        0.0,
                        0.0,
                        0.0
                    ],
                    [
                        0.7161742210529458,
                        0.937184894956351,
                        0.0,
                        0.0
                    ],
                    [
                        0.0,
                        0.9524381279732105,
                        0.6870410215286592,
                        0.0
                    ]
                ]
            },
            "est_params": {
                "mui": [
                    0.03810422352145416,
                    0.9999973433929525,
                    0.8729429784277405,
                    1.6379826728252491
                ],
                "Si": [
                    [
                        0.8719649099239681,
                        1.1195078183193252e-05,
                        0.6519581105755087,
                        0.43043226412232094
                    ],
                    [
                        1.1195078183193252e-05,
                        1.0375881999949854e-06,
                        -1.4231932908466107e-06,
                        1.1992440410736722e-05
                    ],
                    [
                        0.6519581105755088,
                        -1.4231932908466107e-06,
                        1.4307786084847045,
                        0.897783287361151
                    ],
                    [
                        0.43043226412232094,
                        1.1992440410736722e-05,
                        0.8977832873611511,
                        1.812602625556595
                    ]
                ]
            },
            "est_tgt": [
                1,
                2,
                3
            ]
        },
        "2": {
            "intv_type": "do",
            "inode": 2,
            "new_mui": 1.0,
            "true_params": {
                "Si": [
                    [
                        1.0,
                        -0.6643518158288733,
                        0.0,
                        -0.6327539997836551
                    ],
                    [
                        -0.6643518158288733,
                        1.4413633351951212,
                        0.0,
                        1.3728093967024642
                    ],
                    [
                        0.0,
                        0.0,
                        0.0,
                        0.0
                    ],
                    [
                        -0.6327539997836551,
                        1.3728093967024642,
                        0.0,
                        2.3075160118593274
                    ]
                ],
                "mui": [
                    0.0,
                    0.0,
                    1.0,
                    0.6870410215286592
                ],