{
    "expt_args": {
        "save_dir": "expt_logs_30.04.24-allunk",
        "exp_name": "147",
        "num_nodes": 4,
        "obs_noise_mean": 0.0,
        "obs_noise_var": 1.0,
        "max_edge_strength": 1.0,
        "graph_sparsity_method": "num_parents",
        "adj_dense_prop": null,
        "num_parents": 2,
        "new_noise_mean": 1.0,
        "mix_samples": 8192,
        "stage2_samples": 8192,
        "gmm_tol": 0.001,
        "intv_targets": [
            0,
            1,
            2,
            3
        ]
    },
    "intv_args_dict": {
        "0": {
            "intv_type": "do",
            "inode": 0,
            "new_mui": 1.0,
            "true_params": {
                "Si": [
                    [
                        0.0,
                        0.0,
                        0.0,
                        0.0
                    ],
                    [
                        0.0,
                        1.0,
                        -0.8533943250764074,
                        -0.7866632908050442
                    ],
                    [
                        0.0,
                        -0.8533943250764074,
                        1.728281874072617,
                        1.593139146284979
                    ],
                    [
                        0.0,
                        -0.7866632908050442,
                        1.593139146284979,
                        2.468563882721708
                    ]
                ],
                "mui": [
                    1.0,
                    0.9128361135470262,
                    -1.4444955258199224,
                    -2.1003150564999897
                ],
                "Ai": [
                    [
                        0.0,
                        0.0,
                        0.0,
                        0.0
                    ],
                    [
                        0.9128361135470262,
                        0.0,
                        0.0,
                        0.0
                    ],
                    [
                        -0.6654863667940871,
                        -0.8533943250764074,
                        0.0,
                        0.0
                    ],
                    [
                        -0.768771629851444,
                        0.0,
                        0.9218051581660229,
                        0.0
                    ]
                ]
            },
            "est_params": {
                "mui": [
                    1.0000027290980347,
                    0.9083709344629449,
                    -1.4107971674579658,
                    -2.092761784559103
                ],
                "Si": [
                    [
                        1.0090746180788097e-06,
                        -1.991592869322532e-06,
                        3.3055141967591103e-06,
                        6.341014112085009e-07
                    ],
                    [
                        -1.991592869322532e-06,
                        0.9229412491953664,
                        -0.826381947022646,
                        -0.7464037371971518
                    ],
                    [
                        3.3055141967591107e-06,
                        -0.826381947022646,
                        1.7568504718857567,
                        1.6093330048431216
                    ],
                    [
                        6.341014112085011e-07,
                        -0.7464037371971518,
                        1.6093330048431216,
                        2.4416131819740814
                    ]
                ]
            },
            "est_tgt": [
                0
            ]
        },
        "1": {
            "intv_type": "do",
            "inode": 1,
            "new_mui": 1.0,
            "true_params": {
                "Si": [
                    [
                        1.0,
                        0.0,
                        -0.6654863667940871,
                        -1.3822203954513994
                    ],
                    [
                        0.0,
                        0.0,
                        0.0,
                        0.0
                    ],
                    [
                        -0.6654863667940871,
                        0.0,
                        1.4428721043887942,
                        1.841653987243661
                    ],
                    [
                        -1.3822203954513994,
                        0.0,
                        1.841653987243661,
                        3.7602579712233095
                    ]
                ],
                "mui": [
                    0.0,
                    1.0,
                    -0.8533943250764074,
                    -0.7866632908050442
                ],
                "Ai": [
                    [
                        0.0,
                        0.0,
                        0.0,
                        0.0
                    ],
                    [
                        0.0,
                        0.0,
                        0.0,
                        0.0
                    ],
                    [
                        -0.6654863667940871,
                        -0.8533943250764074,
                        0.0,
                        0.0
                    ],
                    [
                        -0.768771629851444,
                        0.0,
                        0.9218051581660229,
                        0.0
                    ]
                ]
            },
            "est_params": {
                "mui": [
                    0.008278059036942856,
                    1.0000031508465477,
                    -0.8401001573873877,
                    -0.7912045313948023
                ],
                "Si": [
                    [
                        1.033882024068937,
                        4.980772692639278e-07,
                        -0.6515847742251551,
                        -1.3648528033023195
                    ],
                    [
                        4.980772692639275e-07,
                        1.0248201947739422e-06,
                        6.211075207614205e-07,
                        1.3998300473866176e-06
                    ],
                    [
                        -0.651584774225155,
                        6.2110752076142e-07,
                        1.4216902251327495,
                        1.794550617424481
                    ],
                    [
                        -1.3648528033023197,
                        1.3998300473866176e-06,
                        1.794550617424481,
                        3.661013892955999
                    ]
                ]
            },
            "est_tgt": [
                1,
                2,
                3
            ]
        },
        "2": {
            "intv_type": "do",
            "inode": 2,
            "new_mui": 1.0,
            "true_params": {
                "Si": [
                    [
                        1.0,
                        0.9128361135470262,
                        0.0,
                        -0.768771629851444
                    ],
                    [
                        0.9128361135470262,
                        1.8332697701956393,
                        0.0,
                        -0.7017625067988051
                    ],
                    [
                        0.0,
                        0.0,
                        0.0,
                        0.0
                    ],
                    [
                        -0.768771629851444,
                        -0.7017625067988051,
                        0.0,
                        1.5910098188644457
                    ]
                ],
                "mui": [
                    0.0,
                    0.0,
                    1.0,
                    0.9218051581660229
                ],