{
    "expt_args": {
        "save_dir": "expt_logs_30.04.24-allunk",
        "exp_name": "78",
        "num_nodes": 4,
        "obs_noise_mean": 0.0,
        "obs_noise_var": 1.0,
        "max_edge_strength": 1.0,
        "graph_sparsity_method": "num_parents",
        "adj_dense_prop": null,
        "num_parents": 2,
        "new_noise_mean": 1.0,
        "mix_samples": 65536,
        "stage2_samples": 65536,
        "gmm_tol": 0.001,
        "intv_targets": [
            0,
            1,
            2,
            3
        ]
    },
    "intv_args_dict": {
        "0": {
            "intv_type": "do",
            "inode": 0,
            "new_mui": 1.0,
            "true_params": {
                "Si": [
                    [
                        0.0,
                        0.0,
                        0.0,
                        0.0
                    ],
                    [
                        0.0,
                        1.0,
                        -0.7916971930856442,
                        -1.177842638218062
                    ],
                    [
                        0.0,
                        -0.7916971930856442,
                        1.6267844455396878,
                        1.58312885637211
                    ],
                    [
                        0.0,
                        -1.177842638218062,
                        1.58312885637211,
                        2.810638072083143
                    ]
                ],
                "mui": [
                    1.0,
                    -0.8964741705564324,
                    1.6869473200978087,
                    1.6917124996780473
                ],
                "Ai": [
                    [
                        0.0,
                        0.0,
                        0.0,
                        0.0
                    ],
                    [
                        -0.8964741705564324,
                        0.0,
                        0.0,
                        0.0
                    ],
                    [
                        0.9772112355945002,
                        -0.7916971930856442,
                        0.0,
                        0.0
                    ],
                    [
                        0.0,
                        -0.6627374112638876,
                        0.6506341457982805,
                        0.0
                    ]
                ]
            },
            "est_params": {
                "mui": [
                    0.9999987862402048,
                    -0.9081873858159107,
                    1.6851343114574542,
                    1.6893861935800765
                ],
                "Si": [
                    [
                        1.0128270505328383e-06,
                        1.6141783390300422e-06,
                        -2.2269604271205897e-06,
                        -7.56966236497324e-07
                    ],
                    [
                        1.6141783390300422e-06,
                        0.9945581902945698,
                        -0.7829698865851752,
                        -1.1615241829152407
                    ],
                    [
                        -2.2269604271205897e-06,
                        -0.7829698865851754,
                        1.629675052868675,
                        1.5688245245151577
                    ],
                    [
                        -7.569662364973241e-07,
                        -1.1615241829152407,
                        1.5688245245151577,
                        2.773182963039378
                    ]
                ]
            },
            "est_tgt": [
                0
            ]
        },
        "1": {
            "intv_type": "do",
            "inode": 1,
            "new_mui": 1.0,
            "true_params": {
                "Si": [
                    [
                        1.0,
                        0.0,
                        0.9772112355945002,
                        0.6358069975355098
                    ],
                    [
                        0.0,
                        0.0,
                        0.0,
                        0.0
                    ],
                    [
                        0.9772112355945002,
                        0.0,
                        1.9549417989721296,
                        1.2719518874595854
                    ],
                    [
                        0.6358069975355098,
                        0.0,
                        1.2719518874595854,
                        1.827575329793778
                    ]
                ],
                "mui": [
                    0.0,
                    1.0,
                    -0.7916971930856442,
                    -1.177842638218062
                ],
                "Ai": [
                    [
                        0.0,
                        0.0,
                        0.0,
                        0.0
                    ],
                    [
                        0.0,
                        0.0,
                        0.0,
                        0.0
                    ],
                    [
                        0.9772112355945002,
                        -0.7916971930856442,
                        0.0,
                        0.0
                    ],
                    [
                        0.0,
                        -0.6627374112638876,
                        0.6506341457982805,
                        0.0
                    ]
                ]
            },
            "est_params": {
                "mui": [
                    -0.0026962755919741617,
                    1.0000004340910071,
                    -0.7928270728657573,
                    -1.1716654329677993
                ],
                "Si": [
                    [
                        1.011356361378731,
                        -9.73104512297446e-07,
                        0.9863548035453237,
                        0.6369815333184082
                    ],
                    [
                        -9.73104512297446e-07,
                        1.0084525996630854e-06,
                        -9.753736533548757e-07,
                        -6.984961065654402e-08
                    ],
                    [
                        0.9863548035453237,
                        -9.753736533548757e-07,
                        1.9434501839218954,
                        1.2541173109821087
                    ],
                    [
                        0.6369815333184082,
                        -6.984961065654391e-08,
                        1.2541173109821087,
                        1.8140202287573777
                    ]
                ]
            },
            "est_tgt": [
                1
            ]
        },
        "2": {
            "intv_type": "do",
            "inode": 2,
            "new_mui": 1.0,
            "true_params": {
                "Si": [
                    [
                        1.0,
                        -0.8964741705564324,
                        0.0,
                        0.5941269710595108
                    ],
                    [
                        -0.8964741705564324,
                        1.8036659384748435,
                        0.0,
                        -1.195356894849668
                    ],
                    [
                        0.0,
                        0.0,
                        0.0,
                        0.0
                    ],
                    [
                        0.5941269710595108,
                        -1.195356894849668,
                        0.0,
                        1.792207734029108
                    ]
                ],
                "mui": [
                    0.0,
                    0.0,
                    1.0,
                    0.6506341457982805
                ],