{
    "expt_args": {
        "save_dir": "expt_logs_30.04.24-allunk",
        "exp_name": "127",
        "num_nodes": 4,
        "obs_noise_mean": 0.0,
        "obs_noise_var": 1.0,
        "max_edge_strength": 1.0,
        "graph_sparsity_method": "num_parents",
        "adj_dense_prop": null,
        "num_parents": 2,
        "new_noise_mean": 1.0,
        "mix_samples": 131072,
        "stage2_samples": 131072,
        "gmm_tol": 0.001,
        "intv_targets": [
            0,
            1,
            2,
            3
        ]
    },
    "intv_args_dict": {
        "0": {
            "intv_type": "do",
            "inode": 0,
            "new_mui": 1.0,
            "true_params": {
                "Si": [
                    [
                        0.0,
                        0.0,
                        0.0,
                        0.0
                    ],
                    [
                        0.0,
                        1.0,
                        -0.8316750381025333,
                        0.29673518569947854
                    ],
                    [
                        0.0,
                        -0.8316750381025333,
                        1.6916833690028503,
                        0.447903202078407
                    ],
                    [
                        0.0,
                        0.29673518569947854,
                        0.447903202078407,
                        1.5706465902963782
                    ]
                ],
                "mui": [
                    1.0,
                    -0.9236077656598076,
                    -0.08710046737968569,
                    -0.8681953645996228
                ],
                "Ai": [
                    [
                        0.0,
                        0.0,
                        0.0,
                        0.0
                    ],
                    [
                        -0.9236077656598076,
                        0.0,
                        0.0,
                        0.0
                    ],
                    [
                        -0.8552419910766018,
                        -0.8316750381025333,
                        0.0,
                        0.0
                    ],
                    [
                        -0.0,
                        0.874491891300586,
                        0.6946904489513831,
                        0.0
                    ]
                ]
            },
            "est_params": {
                "mui": [
                    1.0000002995094852,
                    -0.9291943747573361,
                    -0.09198299392337445,
                    -0.8748249043010973
                ],
                "Si": [
                    [
                        1.0127929730761808e-06,
                        -8.82487757491913e-07,
                        1.2106982400401617e-06,
                        -4.7143590817181663e-07
                    ],
                    [
                        -8.824877574919131e-07,
                        1.0111515690408404,
                        -0.8344207712676082,
                        0.30343241122239417
                    ],
                    [
                        1.2106982400401617e-06,
                        -0.8344207712676082,
                        1.6906724006920253,
                        0.4439191047763142
                    ],
                    [
                        -4.714359081718161e-07,
                        0.3034324112223941,
                        0.4439191047763142,
                        1.559900297602412
                    ]
                ]
            },
            "est_tgt": [
                0
            ]
        },
        "1": {
            "intv_type": "do",
            "inode": 1,
            "new_mui": 1.0,
            "true_params": {
                "Si": [
                    [
                        1.0,
                        0.0,
                        -0.8552419910766018,
                        -0.5941284427430793
                    ],
                    [
                        0.0,
                        0.0,
                        0.0,
                        0.0
                    ],
                    [
                        -0.8552419910766018,
                        0.0,
                        1.7314388633006703,
                        1.2028140412782151
                    ],
                    [
                        -0.5941284427430793,
                        0.0,
                        1.2028140412782151,
                        1.8355834263405906
                    ]
                ],
                "mui": [
                    0.0,
                    1.0,
                    -0.8316750381025333,
                    0.29673518569947854
                ],
                "Ai": [
                    [
                        0.0,
                        0.0,
                        0.0,
                        0.0
                    ],
                    [
                        0.0,
                        0.0,
                        0.0,
                        0.0
                    ],
                    [
                        -0.8552419910766018,
                        -0.8316750381025333,
                        0.0,
                        0.0
                    ],
                    [
                        -0.0,
                        0.874491891300586,
                        0.6946904489513831,
                        0.0
                    ]
                ]
            },
            "est_params": {
                "mui": [
                    -0.0020702061837299043,
                    1.0000000393131243,
                    -0.8251884350197087,
                    0.3037193893787302
                ],
                "Si": [
                    [
                        0.9980929227018084,
                        -4.085296772332819e-07,
                        -0.8593962517501194,
                        -0.5917779289479007
                    ],
                    [
                        -4.085296772332819e-07,
                        1.0083356389714314e-06,
                        6.55310997045132e-07,
                        9.512108196599696e-07
                    ],
                    [
                        -0.8593962517501192,
                        6.55310997045132e-07,
                        1.7517448058932497,
                        1.2146318448366902
                    ],
                    [
                        -0.5917779289479007,
                        9.512108196599696e-07,
                        1.2146318448366904,
                        1.8576444691771028
                    ]
                ]
            },
            "est_tgt": [
                1
            ]
        },
        "2": {
            "intv_type": "do",
            "inode": 2,
            "new_mui": 1.0,
            "true_params": {
                "Si": [
                    [
                        1.0,
                        -0.9236077656598076,
                        0.0,
                        -0.8076875018117536
                    ],
                    [
                        -0.9236077656598076,
                        1.853051304787102,
                        0.0,
                        1.6204783402002916
                    ],
                    [
                        0.0,
                        0.0,
                        0.0,
                        0.0
                    ],
                    [
                        -0.8076875018117536,
                        1.6204783402002916,
                        0.0,
                        2.4170951685333875
                    ]
                ],
                "mui": [
                    0.0,
                    0.0,
                    1.0,
                    0.6946904489513831
                ],