{
    "expt_args": {
        "save_dir": "all_expt_logs/expt_logs_sim_compsel_backward_cameraready_half",
        "exp_name": "67",
        "num_nodes": 4,
        "num_tgt_prior": 5,
        "obs_noise_mean": 0.0,
        "obs_noise_var": 1.0,
        "obs_noise_gamma_shape": null,
        "noise_type": "gaussian",
        "max_edge_strength": 1.0,
        "graph_sparsity_method": "adj_dense_prop",
        "adj_dense_prop": 0.8,
        "num_parents": null,
        "new_noise_mean": 1.0,
        "mix_samples": 2048,
        "stage2_samples": 2048,
        "gmm_tol": 0.001,
        "intv_type": "do",
        "new_noise_var": null,
        "dtype": "simulation",
        "cutoff_drop_ratio": 0.07,
        "intv_targets": [
            2,
            0
        ]
    },
    "intv_args_dict": {
        "2": {
            "intv_type": "do",
            "inode": 2,
            "new_mui": 1.0,
            "new_vari": null,
            "noise_type": "gaussian",
            "obs_noise_gamma_shape": null,
            "true_params": {
                "Si": [
                    [
                        1.0,
                        -0.5034941418730063,
                        0.0,
                        1.4660549085425205
                    ],
                    [
                        -0.5034941418730063,
                        1.2535063509004352,
                        0.0,
                        -1.7128203903391053
                    ],
                    [
                        0.0,
                        0.0,
                        1e-09,
                        -5.794572258328516e-10
                    ],
                    [
                        1.4660549085425205,
                        -1.7128203903391053,
                        -5.794572258328516e-10,
                        4.099299251714602
                    ]
                ],
                "mui": [
                    0.0,
                    0.0,
                    1.0,
                    -0.5794572258328515
                ],
                "Ai": [
                    [
                        0.0,
                        0.0,
                        0.0,
                        0.0
                    ],
                    [
                        -0.5034941418730063,
                        0.0,
                        0.0,
                        0.0
                    ],
                    [
                        0.0,
                        0.0,
                        0.0,
                        0.0
                    ],
                    [
                        0.9753141060104304,
                        -0.97467033222378,
                        -0.5794572258328515,
                        0.0
                    ]
                ]
            },
            "est_params": {
                "mui": [
                    0.025149612292808217,
                    0.018974225649712156,
                    1.0000026923263419,
                    -0.5407288501524492
                ],
                "Si": [
                    [
                        1.0149187826751827,
                        -0.4929406814857734,
                        -5.389239556622729e-07,
                        1.4633540088589656
                    ],
                    [
                        -0.4929406814857734,
                        1.2407169600250347,
                        1.6434452053108185e-06,
                        -1.55523613035207
                    ],
                    [
                        -5.389239556622727e-07,
                        1.643445205310818e-06,
                        1.0017629043628467e-06,
                        -1.1539995606138208e-06
                    ],
                    [
                        1.4633540088589656,
                        -1.5552361303520699,
                        -1.153999560613822e-06,
                        3.728407436648875
                    ]
                ]
            },
            "est_tgt": [
                0,
                2,
                3
            ],
            "oracle_est_tgt": [
                0,
                2,
                3
            ]
        },
        "0": {
            "intv_type": "do",
            "inode": 0,
            "new_mui": 1.0,
            "new_vari": null,
            "noise_type": "gaussian",
            "obs_noise_gamma_shape": null,
            "true_params": {
                "Si": [
                    [
                        1e-09,
                        -5.034941418730064e-10,
                        9.438903738513307e-10,
                        9.191108110202954e-10
                    ],
                    [
                        -5.034941418730064e-10,
                        1.0000000002535063,
                        -4.752432738044669e-10,
                        -0.9746703326865469
                    ],
                    [
                        9.438903738513307e-10,
                        -4.752432738044669e-10,
                        1.000000000890929,
                        -0.5794572249653117
                    ],
                    [
                        9.191108110202954e-10,
                        -0.9746703326865469,
                        -0.5794572249653117,
                        2.2857529339318825
                    ]
                ],
                "mui": [
                    1.0,
                    -0.5034941418730063,
                    0.9438903738513307,
                    0.9191108110202953
                ],
                "Ai": [
                    [
                        0.0,
                        0.0,
                        0.0,
                        0.0
                    ],
                    [
                        -0.5034941418730063,
                        0.0,
                        0.0,
                        0.0
                    ],
                    [
                        0.9438903738513307,
                        0.0,
                        0.0,
                        0.0
                    ],
                    [
                        0.9753141060104304,
                        -0.97467033222378,
                        -0.5794572258328515,
                        0.0
                    ]
                ]
            },
            "est_params": {
                "mui": [
                    1.0000006445057972,
                    -0.5353690757295398,
                    0.9874315832737763,
                    0.8629909414299011
                ],
                "Si": [
                    [
                        1.0032041377581881e-06,
                        1.2541706743968819e-06,
                        -4.861026219348375e-07,
                        -2.3643395242515232e-06
                    ],
                    [
                        1.2541706743968819e-06,
                        1.0891869148602449,
                        0.007260980801088473,
                        -1.0445163797989676
                    ],
                    [
                        -4.861026219348372e-07,
                        0.00726098080108846,
                        1.0599052847469481,
                        -0.6163507554815075
                    ],
                    [
                        -2.364339524251523e-06,
                        -1.0445163797989678,
                        -0.6163507554815075,
                        2.300232376096224
                    ]
                ]
            },
            "est_tgt": [
                0,
                2,
                3
            ],
            "oracle_est_tgt": [
                0,
                1,
                2,
                3
            ]
        },
        "obs": {
            "intv_type": "obs",
            "noise_type": "gaussian",
            "obs_noise_gamma_shape": null,