{
    "expt_args": {
        "save_dir": "all_expt_logs/expt_logs_sim_compsel_backward_cameraready_half",
        "exp_name": "40",
        "num_nodes": 4,
        "num_tgt_prior": 5,
        "obs_noise_mean": 0.0,
        "obs_noise_var": 1.0,
        "obs_noise_gamma_shape": null,
        "noise_type": "gaussian",
        "max_edge_strength": 1.0,
        "graph_sparsity_method": "adj_dense_prop",
        "adj_dense_prop": 0.8,
        "num_parents": null,
        "new_noise_mean": 1.0,
        "mix_samples": 131072,
        "stage2_samples": 131072,
        "gmm_tol": 0.001,
        "intv_type": "do",
        "new_noise_var": null,
        "dtype": "simulation",
        "cutoff_drop_ratio": 0.07,
        "intv_targets": [
            0,
            1
        ]
    },
    "intv_args_dict": {
        "0": {
            "intv_type": "do",
            "inode": 0,
            "new_mui": 1.0,
            "new_vari": null,
            "noise_type": "gaussian",
            "obs_noise_gamma_shape": null,
            "true_params": {
                "Si": [
                    [
                        1e-09,
                        -9.977180096202984e-10,
                        -1.3644783406216027e-09,
                        -1.9274399309826538e-09
                    ],
                    [
                        -9.977180096202984e-10,
                        1.0000000009954413,
                        0.7826637799262505,
                        1.42825642611495
                    ],
                    [
                        -1.3644783406216027e-09,
                        0.7826637799262505,
                        1.612562592139266,
                        1.978780596067632
                    ],
                    [
                        -1.9274399309826538e-09,
                        1.42825642611495,
                        1.978780596067632,
                        3.781127253899407
                    ]
                ],
                "mui": [
                    1.0,
                    -0.9977180096202983,
                    -1.3644783406216026,
                    -1.9274399309826538
                ],
                "Ai": [
                    [
                        0.0,
                        0.0,
                        0.0,
                        0.0
                    ],
                    [
                        -0.9977180096202983,
                        0.0,
                        0.0,
                        0.0
                    ],
                    [
                        -0.5836005932699426,
                        0.7826637785648859,
                        0.0,
                        0.0
                    ],
                    [
                        0.0,
                        0.75443298276453,
                        0.8609360237200703,
                        0.0
                    ]
                ]
            },
            "est_params": {
                "mui": [
                    0.9999995247973057,
                    -0.9978004507083957,
                    -1.3646014761986174,
                    -1.9194471320777393
                ],
                "Si": [
                    [
                        1.010249040862208e-06,
                        1.1705429337229494e-07,
                        8.134293554855244e-07,
                        -2.3039524425185403e-07
                    ],
                    [
                        1.1705429337229494e-07,
                        0.9958797627517979,
                        0.7777470373547877,
                        1.4245934938686668
                    ],
                    [
                        8.134293554855244e-07,
                        0.7777470373547877,
                        1.611296157784317,
                        1.9775598313773124
                    ],
                    [
                        -2.3039524425185416e-07,
                        1.4245934938686666,
                        1.977559831377313,
                        3.779364353160292
                    ]
                ]
            },
            "est_tgt": [
                0
            ],
            "oracle_est_tgt": [
                0
            ]
        },
        "1": {
            "intv_type": "do",
            "inode": 1,
            "new_mui": 1.0,
            "new_vari": null,
            "noise_type": "gaussian",
            "obs_noise_gamma_shape": null,
            "true_params": {
                "Si": [
                    [
                        1.0,
                        0.0,
                        -0.5836005932699426,
                        -0.5024427742104984
                    ],
                    [
                        0.0,
                        1e-09,
                        7.826637785648859e-10,
                        1.4282564241919085e-09
                    ],
                    [
                        -0.5836005932699426,
                        7.826637785648859e-10,
                        1.3405896530775916,
                        1.1541619259513576
                    ],
                    [
                        -0.5024427742104984,
                        1.4282564241919085e-09,
                        1.1541619259513576,
                        1.9936595803351838
                    ]
                ],
                "mui": [
                    0.0,
                    1.0,
                    0.7826637785648859,
                    1.4282564241919085
                ],
                "Ai": [
                    [
                        0.0,
                        0.0,
                        0.0,
                        0.0
                    ],
                    [
                        0.0,
                        0.0,
                        0.0,
                        0.0
                    ],
                    [
                        -0.5836005932699426,
                        0.7826637785648859,
                        0.0,
                        0.0
                    ],
                    [
                        0.0,
                        0.75443298276453,
                        0.8609360237200703,
                        0.0
                    ]
                ]
            },
            "est_params": {
                "mui": [
                    -0.007491930824251525,
                    0.9999999559392209,
                    0.7804272401622215,
                    1.4337037336570373
                ],
                "Si": [
                    [
                        0.9985621159848908,
                        -2.4124278983931845e-07,
                        -0.577164497917569,
                        -0.4865251425669476
                    ],
                    [
                        -2.4124278983931834e-07,
                        1.0112724240515005e-06,
                        2.812683883941922e-08,
                        9.436830427840012e-08
                    ],
                    [
                        -0.577164497917569,
                        2.8126838839419258e-08,
                        1.3225983634837974,
                        1.128550264494302
                    ],
                    [
                        -0.4865251425669476,
                        9.436830427840024e-08,
                        1.128550264494302,
                        1.96250382811175
                    ]
                ]
            },
            "est_tgt": [
                1
            ],
            "oracle_est_tgt": [
                1
            ]
        },
        "obs": {
            "intv_type": "obs",
            "noise_type": "gaussian",
            "obs_noise_gamma_shape": null,