{
    "expt_args": {
        "save_dir": "all_expt_logs/expt_logs_sim_compsel_backward_cameraready_half",
        "exp_name": "270",
        "num_nodes": 4,
        "num_tgt_prior": 5,
        "obs_noise_mean": 0.0,
        "obs_noise_var": 1.0,
        "obs_noise_gamma_shape": null,
        "noise_type": "gaussian",
        "max_edge_strength": 1.0,
        "graph_sparsity_method": "adj_dense_prop",
        "adj_dense_prop": 0.8,
        "num_parents": null,
        "new_noise_mean": 1.0,
        "mix_samples": 65536,
        "stage2_samples": 65536,
        "gmm_tol": 0.001,
        "intv_type": "do",
        "new_noise_var": null,
        "dtype": "simulation",
        "cutoff_drop_ratio": 0.07,
        "intv_targets": [
            0,
            1
        ]
    },
    "intv_args_dict": {
        "0": {
            "intv_type": "do",
            "inode": 0,
            "new_mui": 1.0,
            "new_vari": null,
            "noise_type": "gaussian",
            "obs_noise_gamma_shape": null,
            "true_params": {
                "Si": [
                    [
                        1e-09,
                        7.088186144692866e-10,
                        -4.4037211600171714e-11,
                        -9.531121691937714e-10
                    ],
                    [
                        7.088186144692866e-10,
                        1.0000000005024239,
                        0.9824579199529342,
                        -1.5054180717221437
                    ],
                    [
                        -4.4037211600171714e-11,
                        0.9824579199529342,
                        1.9652235645415188,
                        -2.3406463559716184
                    ],
                    [
                        -9.531121691937714e-10,
                        -1.5054180717221437,
                        -2.3406463559716184,
                        4.008700940177858
                    ]
                ],
                "mui": [
                    1.0,
                    0.7088186144692865,
                    -0.04403721160017171,
                    -0.9531121691937714
                ],
                "Ai": [
                    [
                        0.0,
                        0.0,
                        0.0,
                        0.0
                    ],
                    [
                        0.7088186144692865,
                        0.0,
                        0.0,
                        0.0
                    ],
                    [
                        -0.740421673217713,
                        0.9824579199841486,
                        0.0,
                        0.0
                    ],
                    [
                        -0.5240181193192793,
                        -0.6588965173568296,
                        -0.8616364492266383,
                        0.0
                    ]
                ]
            },
            "est_params": {
                "mui": [
                    0.9999990769286794,
                    0.697808163704915,
                    -0.05323991181366663,
                    -0.9395925785438767
                ],
                "Si": [
                    [
                        1.0087391339160042e-06,
                        -4.959795777695701e-07,
                        3.661132519710651e-08,
                        6.15957308405794e-07
                    ],
                    [
                        -4.959795777695701e-07,
                        0.9973437046673801,
                        0.9862843442505214,
                        -1.5014300953941833
                    ],
                    [
                        3.661132519710659e-08,
                        0.9862843442505214,
                        1.9859846863565673,
                        -2.3668367656105804
                    ],
                    [
                        6.159573084057937e-07,
                        -1.5014300953941833,
                        -2.3668367656105804,
                        4.0226224116236695
                    ]
                ]
            },
            "est_tgt": [
                0
            ],
            "oracle_est_tgt": [
                0
            ]
        },
        "1": {
            "intv_type": "do",
            "inode": 1,
            "new_mui": 1.0,
            "new_vari": null,
            "noise_type": "gaussian",
            "obs_noise_gamma_shape": null,
            "true_params": {
                "Si": [
                    [
                        1.0,
                        0.0,
                        -0.740421673217713,
                        0.11395618212247727
                    ],
                    [
                        0.0,
                        1e-09,
                        9.824579199841487e-10,
                        -1.5054180710465601e-09
                    ],
                    [
                        -0.740421673217713,
                        9.824579199841487e-10,
                        1.5482242551357412,
                        -0.9460120777462753
                    ],
                    [
                        0.11395618212247727,
                        -1.5054180710465601e-09,
                        -0.9460120777462753,
                        1.755403384346104
                    ]
                ],
                "mui": [
                    0.0,
                    1.0,
                    0.9824579199841486,
                    -1.5054180710465601
                ],
                "Ai": [
                    [
                        0.0,
                        0.0,
                        0.0,
                        0.0
                    ],
                    [
                        0.0,
                        0.0,
                        0.0,
                        0.0
                    ],
                    [
                        -0.740421673217713,
                        0.9824579199841486,
                        0.0,
                        0.0
                    ],
                    [
                        -0.5240181193192793,
                        -0.6588965173568296,
                        -0.8616364492266383,
                        0.0
                    ]
                ]
            },
            "est_params": {
                "mui": [
                    -0.002697300356503887,
                    0.9999992339140032,
                    0.9925249687715479,
                    -1.5209768081306316
                ],
                "Si": [
                    [
                        0.9932713714414303,
                        -2.918620873544547e-08,
                        -0.7373468405272318,
                        0.12578459567691094
                    ],
                    [
                        -2.91862087354456e-08,
                        1.010897783555601e-06,
                        6.957729802681112e-07,
                        -7.884674105239084e-07
                    ],
                    [
                        -0.7373468405272319,
                        6.957729802681109e-07,
                        1.5501476303650934,
                        -0.9768634340526288
                    ],
                    [
                        0.12578459567691094,
                        -7.884674105239086e-07,
                        -0.9768634340526288,
                        1.7901068571737666
                    ]
                ]
            },
            "est_tgt": [
                1
            ],
            "oracle_est_tgt": [
                1
            ]
        },
        "obs": {
            "intv_type": "obs",
            "noise_type": "gaussian",
            "obs_noise_gamma_shape": null,