{
    "expt_args": {
        "save_dir": "all_expt_logs/expt_logs_sim_compsel_backward_cameraready_half",
        "exp_name": "231",
        "num_nodes": 4,
        "num_tgt_prior": 5,
        "obs_noise_mean": 0.0,
        "obs_noise_var": 1.0,
        "obs_noise_gamma_shape": null,
        "noise_type": "gaussian",
        "max_edge_strength": 1.0,
        "graph_sparsity_method": "adj_dense_prop",
        "adj_dense_prop": 0.8,
        "num_parents": null,
        "new_noise_mean": 1.0,
        "mix_samples": 1024,
        "stage2_samples": 1024,
        "gmm_tol": 0.001,
        "intv_type": "do",
        "new_noise_var": null,
        "dtype": "simulation",
        "cutoff_drop_ratio": 0.07,
        "intv_targets": [
            1,
            3
        ]
    },
    "intv_args_dict": {
        "1": {
            "intv_type": "do",
            "inode": 1,
            "new_mui": 1.0,
            "new_vari": null,
            "noise_type": "gaussian",
            "obs_noise_gamma_shape": null,
            "true_params": {
                "Si": [
                    [
                        1.0,
                        0.0,
                        -0.9584920443548346,
                        -0.0007047798402816108
                    ],
                    [
                        0.0,
                        1e-09,
                        -6.786453688209784e-10,
                        -4.4750125071103984e-10
                    ],
                    [
                        -0.9584920443548346,
                        -6.786453688209784e-10,
                        1.9187069995520698,
                        0.6600792018938201
                    ],
                    [
                        -0.0007047798402816108,
                        -4.4750125071103984e-10,
                        0.6600792018938201,
                        1.4348137044681832
                    ]
                ],
                "mui": [
                    0.0,
                    1.0,
                    -0.6786453688209784,
                    -0.4475012507110398
                ],
                "Ai": [
                    [
                        0.0,
                        0.0,
                        0.0,
                        0.0
                    ],
                    [
                        0.0,
                        0.0,
                        0.0,
                        0.0
                    ],
                    [
                        -0.9584920443548346,
                        -0.6786453688209784,
                        0.0,
                        0.0
                    ],
                    [
                        0.6313283973558594,
                        -0.0,
                        0.6594036757201939,
                        0.0
                    ]
                ]
            },
            "est_params": {
                "mui": [
                    -0.02705464793413789,
                    0.9999959930836327,
                    -0.7081258979533117,
                    -0.4945922151722927
                ],
                "Si": [
                    [
                        1.0068194961108465,
                        3.810693647460714e-06,
                        -0.9034101469163633,
                        0.006169023100199998
                    ],
                    [
                        3.810693647460714e-06,
                        1.0032707110784193e-06,
                        -6.886193434463771e-06,
                        -1.1790299236521687e-06
                    ],
                    [
                        -0.9034101469163633,
                        -6.886193434463771e-06,
                        1.8629792308435955,
                        0.6903514795443879
                    ],
                    [
                        0.0061690231001999924,
                        -1.1790299236521693e-06,
                        0.6903514795443879,
                        1.3807323929949533
                    ]
                ]
            },
            "est_tgt": [
                1
            ],
            "oracle_est_tgt": [
                1
            ]
        },
        "3": {
            "intv_type": "do",
            "inode": 3,
            "new_mui": 1.0,
            "new_vari": null,
            "noise_type": "gaussian",
            "obs_noise_gamma_shape": null,
            "true_params": {
                "Si": [
                    [
                        1.0,
                        -0.7252291061594718,
                        -0.4663186701255314,
                        0.0
                    ],
                    [
                        -0.7252291061594718,
                        1.5259572564208663,
                        -0.34045749650036566,
                        0.0
                    ],
                    [
                        -0.4663186701255314,
                        -0.34045749650036566,
                        1.6780126387298058,
                        0.0
                    ],
                    [
                        0.0,
                        0.0,
                        0.0,
                        1e-09
                    ]
                ],
                "mui": [
                    0.0,
                    0.0,
                    0.0,
                    1.0
                ],
                "Ai": [
                    [
                        0.0,
                        0.0,
                        0.0,
                        0.0
                    ],
                    [
                        -0.7252291061594718,
                        0.0,
                        0.0,
                        0.0
                    ],
                    [
                        -0.9584920443548346,
                        -0.6786453688209784,
                        0.0,
                        0.0
                    ],
                    [
                        0.0,
                        0.0,
                        0.0,
                        0.0
                    ]
                ]
            },
            "est_params": {
                "mui": [
                    -0.06332365802469742,
                    -0.06476833947097177,
                    0.2013856323777589,
                    1.0000020059002868
                ],
                "Si": [
                    [
                        0.9872079821607712,
                        -0.7101915386010815,
                        -0.5548758450250626,
                        3.9308171925844183e-07
                    ],
                    [
                        -0.7101915386010816,
                        1.4467028036714562,
                        -0.38930912474044255,
                        -3.946444504973064e-07
                    ],
                    [
                        -0.5548758450250627,
                        -0.38930912474044255,
                        2.0205183203536623,
                        6.569350127909889e-08
                    ],
                    [
                        3.9308171925844157e-07,
                        -3.946444504973064e-07,
                        6.569350127909893e-08,
                        1.0009915451214545e-06
                    ]
                ]
            },
            "est_tgt": [
                3
            ],
            "oracle_est_tgt": [
                3
            ]
        },
        "obs": {
            "intv_type": "obs",
            "noise_type": "gaussian",
            "obs_noise_gamma_shape": null,