{
    "expt_args": {
        "save_dir": "all_expt_logs/expt_logs_sim_compsel_backward_cameraready_half",
        "exp_name": "6",
        "num_nodes": 4,
        "num_tgt_prior": 5,
        "obs_noise_mean": 0.0,
        "obs_noise_var": 1.0,
        "obs_noise_gamma_shape": null,
        "noise_type": "gaussian",
        "max_edge_strength": 1.0,
        "graph_sparsity_method": "adj_dense_prop",
        "adj_dense_prop": 0.8,
        "num_parents": null,
        "new_noise_mean": 1.0,
        "mix_samples": 65536,
        "stage2_samples": 65536,
        "gmm_tol": 0.001,
        "intv_type": "do",
        "new_noise_var": null,
        "dtype": "simulation",
        "cutoff_drop_ratio": 0.07,
        "intv_targets": [
            0,
            2
        ]
    },
    "intv_args_dict": {
        "0": {
            "intv_type": "do",
            "inode": 0,
            "new_mui": 1.0,
            "new_vari": null,
            "noise_type": "gaussian",
            "obs_noise_gamma_shape": null,
            "true_params": {
                "Si": [
                    [
                        1e-09,
                        -9.977180096202984e-10,
                        -1.3644783406216027e-09,
                        -1.9274399309826538e-09
                    ],
                    [
                        -9.977180096202984e-10,
                        1.0000000009954413,
                        0.7826637799262505,
                        1.42825642611495
                    ],
                    [
                        -1.3644783406216027e-09,
                        0.7826637799262505,
                        1.612562592139266,
                        1.978780596067632
                    ],
                    [
                        -1.9274399309826538e-09,
                        1.42825642611495,
                        1.978780596067632,
                        3.781127253899407
                    ]
                ],
                "mui": [
                    1.0,
                    -0.9977180096202983,
                    -1.3644783406216026,
                    -1.9274399309826538
                ],
                "Ai": [
                    [
                        0.0,
                        0.0,
                        0.0,
                        0.0
                    ],
                    [
                        -0.9977180096202983,
                        0.0,
                        0.0,
                        0.0
                    ],
                    [
                        -0.5836005932699426,
                        0.7826637785648859,
                        0.0,
                        0.0
                    ],
                    [
                        0.0,
                        0.75443298276453,
                        0.8609360237200703,
                        0.0
                    ]
                ]
            },
            "est_params": {
                "mui": [
                    0.9999992764151864,
                    -1.0029714152651132,
                    -1.3696224679130107,
                    -1.9243415774930959
                ],
                "Si": [
                    [
                        1.0115240757198994e-06,
                        2.0205459517652093e-07,
                        -6.243005923580421e-07,
                        -8.511967602816074e-07
                    ],
                    [
                        2.0205459517652085e-07,
                        0.996478892093135,
                        0.7745511147759974,
                        1.4263364823466518
                    ],
                    [
                        -6.243005923580418e-07,
                        0.7745511147759974,
                        1.597173575935481,
                        1.971071457178938
                    ],
                    [
                        -8.511967602816072e-07,
                        1.4263364823466518,
                        1.971071457178938,
                        3.780180173666078
                    ]
                ]
            },
            "est_tgt": [
                0
            ],
            "oracle_est_tgt": [
                0
            ]
        },
        "2": {
            "intv_type": "do",
            "inode": 2,
            "new_mui": 1.0,
            "new_vari": null,
            "noise_type": "gaussian",
            "obs_noise_gamma_shape": null,
            "true_params": {
                "Si": [
                    [
                        1.0,
                        -0.9977180096202983,
                        0.0,
                        -0.7527113739557316
                    ],
                    [
                        -0.9977180096202983,
                        1.9954412267206898,
                        0.0,
                        1.5054266766062026
                    ],
                    [
                        0.0,
                        0.0,
                        1e-09,
                        8.609360237200704e-10
                    ],
                    [
                        -0.7527113739557316,
                        1.5054266766062026,
                        8.609360237200704e-10,
                        2.135743538706522
                    ]
                ],
                "mui": [
                    0.0,
                    0.0,
                    1.0,
                    0.8609360237200703
                ],
                "Ai": [
                    [
                        0.0,
                        0.0,
                        0.0,
                        0.0
                    ],
                    [
                        -0.9977180096202983,
                        0.0,
                        0.0,
                        0.0
                    ],
                    [
                        0.0,
                        0.0,
                        0.0,
                        0.0
                    ],
                    [
                        0.0,
                        0.75443298276453,
                        0.8609360237200703,
                        0.0
                    ]
                ]
            },
            "est_params": {
                "mui": [
                    -0.0021340514995126913,
                    0.00760826021075555,
                    1.000000540123555,
                    0.8710893847335313
                ],
                "Si": [
                    [
                        0.9971048884600711,
                        -0.9998683000358428,
                        1.908781862623072e-07,
                        -0.7695981678559933
                    ],
                    [
                        -0.9998683000358428,
                        1.998771228006737,
                        9.069942371667911e-07,
                        1.524021919272642
                    ],
                    [
                        1.908781862623071e-07,
                        9.069942371667909e-07,
                        1.0080626225666035e-06,
                        7.143584125254926e-07
                    ],
                    [
                        -0.7695981678559933,
                        1.524021919272642,
                        7.143584125254924e-07,
                        2.163007948110984
                    ]
                ]
            },
            "est_tgt": [
                2
            ],
            "oracle_est_tgt": [
                2
            ]
        },
        "obs": {
            "intv_type": "obs",
            "noise_type": "gaussian",
            "obs_noise_gamma_shape": null,