{
    "expt_args": {
        "save_dir": "all_expt_logs/expt_logs_sim_compsel_backward_cameraready_half",
        "exp_name": "271",
        "num_nodes": 4,
        "num_tgt_prior": 5,
        "obs_noise_mean": 0.0,
        "obs_noise_var": 1.0,
        "obs_noise_gamma_shape": null,
        "noise_type": "gaussian",
        "max_edge_strength": 1.0,
        "graph_sparsity_method": "adj_dense_prop",
        "adj_dense_prop": 0.8,
        "num_parents": null,
        "new_noise_mean": 1.0,
        "mix_samples": 131072,
        "stage2_samples": 131072,
        "gmm_tol": 0.001,
        "intv_type": "do",
        "new_noise_var": null,
        "dtype": "simulation",
        "cutoff_drop_ratio": 0.07,
        "intv_targets": [
            3,
            0
        ]
    },
    "intv_args_dict": {
        "3": {
            "intv_type": "do",
            "inode": 3,
            "new_mui": 1.0,
            "new_vari": null,
            "noise_type": "gaussian",
            "obs_noise_gamma_shape": null,
            "true_params": {
                "Si": [
                    [
                        1.0,
                        0.8014498067127317,
                        -1.0524280666917787,
                        0.0
                    ],
                    [
                        0.8014498067127317,
                        1.642321792679875,
                        -1.437572790789628,
                        0.0
                    ],
                    [
                        -1.0524280666917787,
                        -1.437572790789628,
                        2.4605650164356714,
                        0.0
                    ],
                    [
                        0.0,
                        0.0,
                        0.0,
                        1e-09
                    ]
                ],
                "mui": [
                    0.0,
                    0.0,
                    0.0,
                    1.0
                ],
                "Ai": [
                    [
                        0.0,
                        0.0,
                        0.0,
                        0.0
                    ],
                    [
                        0.8014498067127317,
                        0.0,
                        0.0,
                        0.0
                    ],
                    [
                        -0.5762831138420275,
                        -0.5941045201604481,
                        0.0,
                        0.0
                    ],
                    [
                        0.0,
                        0.0,
                        0.0,
                        0.0
                    ]
                ]
            },
            "est_params": {
                "mui": [
                    0.0013093582899601829,
                    0.0053441609562173255,
                    0.0017449122890626804,
                    1.000000539145187
                ],
                "Si": [
                    [
                        1.002384479208882,
                        0.803441332598862,
                        -1.0557612755532304,
                        -1.5608866790771275e-07
                    ],
                    [
                        0.803441332598862,
                        1.6479447496729744,
                        -1.4410736440396887,
                        -9.655414745980067e-07
                    ],
                    [
                        -1.0557612755532304,
                        -1.4410736440396887,
                        2.4731159975823087,
                        4.585231092766089e-07
                    ],
                    [
                        -1.560886679077128e-07,
                        -9.655414745980067e-07,
                        4.5852310927660905e-07,
                        1.0079295586900854e-06
                    ]
                ]
            },
            "est_tgt": [
                3
            ],
            "oracle_est_tgt": [
                3
            ]
        },
        "0": {
            "intv_type": "do",
            "inode": 0,
            "new_mui": 1.0,
            "new_vari": null,
            "noise_type": "gaussian",
            "obs_noise_gamma_shape": null,
            "true_params": {
                "Si": [
                    [
                        1e-09,
                        8.014498067127318e-10,
                        -1.0524280666917788e-09,
                        -4.0087313361004053e-10
                    ],
                    [
                        8.014498067127318e-10,
                        1.0000000006423218,
                        -0.5941045210039164,
                        -1.0677097906525794
                    ],
                    [
                        -1.0524280666917788e-09,
                        -0.5941045210039164,
                        1.352960181982681,
                        1.1819251743976338
                    ],
                    [
                        -4.0087313361004053e-10,
                        -1.0677097906525794,
                        1.1819251743976338,
                        2.439863343004525
                    ]
                ],
                "mui": [
                    1.0,
                    0.8014498067127317,
                    -1.0524280666917787,
                    -0.4008731336100405
                ],
                "Ai": [
                    [
                        0.0,
                        0.0,
                        0.0,
                        0.0
                    ],
                    [
                        0.8014498067127317,
                        0.0,
                        0.0,
                        0.0
                    ],
                    [
                        -0.5762831138420275,
                        -0.5941045201604481,
                        0.0,
                        0.0
                    ],
                    [
                        0.7704118246270553,
                        -0.7423817426983117,
                        0.5475939613203541,
                        0.0
                    ]
                ]
            },
            "est_params": {
                "mui": [
                    0.9999996421767318,
                    0.8027416198346363,
                    -1.05611456284506,
                    -0.40214198923301187
                ],
                "Si": [
                    [
                        1.012312597525316e-06,
                        1.4775361511215925e-07,
                        -7.365666063250118e-07,
                        -2.1571200825048754e-07
                    ],
                    [
                        1.4775361511215933e-07,
                        0.9986090903641018,
                        -0.597493029216715,
                        -1.0703045415268704
                    ],
                    [
                        -7.365666063250118e-07,
                        -0.5974930292167149,
                        1.3603383882331819,
                        1.1875554187335773
                    ],
                    [
                        -2.1571200825048754e-07,
                        -1.0703045415268704,
                        1.187555418733577,
                        2.4536859015520025
                    ]
                ]
            },
            "est_tgt": [
                0
            ],
            "oracle_est_tgt": [
                0
            ]
        },
        "obs": {
            "intv_type": "obs",
            "noise_type": "gaussian",
            "obs_noise_gamma_shape": null,