{
    "expt_args": {
        "save_dir": "all_expt_logs/expt_logs_sim_compsel_backward_cameraready_half",
        "exp_name": "33",
        "num_nodes": 4,
        "num_tgt_prior": 5,
        "obs_noise_mean": 0.0,
        "obs_noise_var": 1.0,
        "obs_noise_gamma_shape": null,
        "noise_type": "gaussian",
        "max_edge_strength": 1.0,
        "graph_sparsity_method": "adj_dense_prop",
        "adj_dense_prop": 0.8,
        "num_parents": null,
        "new_noise_mean": 1.0,
        "mix_samples": 1024,
        "stage2_samples": 1024,
        "gmm_tol": 0.001,
        "intv_type": "do",
        "new_noise_var": null,
        "dtype": "simulation",
        "cutoff_drop_ratio": 0.07,
        "intv_targets": [
            2,
            0
        ]
    },
    "intv_args_dict": {
        "2": {
            "intv_type": "do",
            "inode": 2,
            "new_mui": 1.0,
            "new_vari": null,
            "noise_type": "gaussian",
            "obs_noise_gamma_shape": null,
            "true_params": {
                "Si": [
                    [
                        1.0,
                        0.922784082310063,
                        0.0,
                        0.5638903764637825
                    ],
                    [
                        0.922784082310063,
                        1.8515304625648252,
                        0.0,
                        1.13142416474738
                    ],
                    [
                        0.0,
                        0.0,
                        1e-09,
                        5.771697692087069e-10
                    ],
                    [
                        0.5638903764637825,
                        1.13142416474738,
                        5.771697692087069e-10,
                        1.6913851362822383
                    ]
                ],
                "mui": [
                    0.0,
                    0.0,
                    1.0,
                    0.5771697692087069
                ],
                "Ai": [
                    [
                        0.0,
                        0.0,
                        0.0,
                        0.0
                    ],
                    [
                        0.922784082310063,
                        0.0,
                        0.0,
                        0.0
                    ],
                    [
                        0.0,
                        0.0,
                        0.0,
                        0.0
                    ],
                    [
                        0.0,
                        0.6110751011787725,
                        0.5771697692087069,
                        0.0
                    ]
                ]
            },
            "est_params": {
                "mui": [
                    0.0036648572244907056,
                    0.011795022914617809,
                    1.0000011174488246,
                    0.5210525442547091
                ],
                "Si": [
                    [
                        0.8973337050611029,
                        0.8814351337926382,
                        9.993460328332784e-07,
                        0.4420138280072617
                    ],
                    [
                        0.8814351337926382,
                        1.9458657860213178,
                        -1.6879775556091833e-07,
                        1.091211968712431
                    ],
                    [
                        9.993460328332782e-07,
                        -1.6879775556091817e-07,
                        1.0010234521730168e-06,
                        3.4187238494573847e-06
                    ],
                    [
                        0.4420138280072617,
                        1.091211968712431,
                        3.4187238494573847e-06,
                        1.521436784845411
                    ]
                ]
            },
            "est_tgt": [
                2,
                3
            ],
            "oracle_est_tgt": [
                2,
                3
            ]
        },
        "0": {
            "intv_type": "do",
            "inode": 0,
            "new_mui": 1.0,
            "new_vari": null,
            "noise_type": "gaussian",
            "obs_noise_gamma_shape": null,
            "true_params": {
                "Si": [
                    [
                        1e-09,
                        9.227840823100631e-10,
                        -9.012104686619706e-10,
                        4.3738938257682383e-11
                    ],
                    [
                        9.227840823100631e-10,
                        1.0000000008515304,
                        -0.9766211692483059,
                        0.047398886839739356
                    ],
                    [
                        -9.012104686619706e-10,
                        -0.9766211692483059,
                        1.9537889074117478,
                        0.5308790129616305
                    ],
                    [
                        4.3738938257682383e-11,
                        0.047398886839739356,
                        0.5308790129616305,
                        1.3353715969601652
                    ]
                ],
                "mui": [
                    1.0,
                    0.922784082310063,
                    -0.9012104686619705,
                    0.04373893825768238
                ],
                "Ai": [
                    [
                        0.0,
                        0.0,
                        0.0,
                        0.0
                    ],
                    [
                        0.922784082310063,
                        0.0,
                        0.0,
                        0.0
                    ],
                    [
                        -0.0,
                        -0.9766211684166832,
                        0.0,
                        0.0
                    ],
                    [
                        0.0,
                        0.6110751011787725,
                        0.5771697692087069,
                        0.0
                    ]
                ]
            },
            "est_params": {
                "mui": [
                    0.9999866713998151,
                    0.9329119848319103,
                    -0.912274159569734,
                    0.018232780228207488
                ],
                "Si": [
                    [
                        1.0306465668700643e-06,
                        2.4783882175836724e-06,
                        -6.637871523460894e-06,
                        1.0603033605299248e-05
                    ],
                    [
                        2.4783882175836724e-06,
                        1.1562679758562913,
                        -1.0979470370922855,
                        0.1211442119922987
                    ],
                    [
                        -6.637871523460895e-06,
                        -1.0979470370922855,
                        2.0227804932392397,
                        0.39192306502693863
                    ],
                    [
                        1.060303360529925e-05,
                        0.12114421199229869,
                        0.39192306502693863,
                        1.0940993784136501
                    ]
                ]
            },
            "est_tgt": [
                0
            ],
            "oracle_est_tgt": [
                0
            ]
        },
        "obs": {
            "intv_type": "obs",
            "noise_type": "gaussian",
            "obs_noise_gamma_shape": null,