{
    "expt_args": {
        "save_dir": "all_expt_logs/expt_logs_sim_compsel_backward_cameraready_half",
        "exp_name": "206",
        "num_nodes": 4,
        "num_tgt_prior": 5,
        "obs_noise_mean": 0.0,
        "obs_noise_var": 1.0,
        "obs_noise_gamma_shape": null,
        "noise_type": "gaussian",
        "max_edge_strength": 1.0,
        "graph_sparsity_method": "adj_dense_prop",
        "adj_dense_prop": 0.8,
        "num_parents": null,
        "new_noise_mean": 1.0,
        "mix_samples": 262144,
        "stage2_samples": 262144,
        "gmm_tol": 0.001,
        "intv_type": "do",
        "new_noise_var": null,
        "dtype": "simulation",
        "cutoff_drop_ratio": 0.07,
        "intv_targets": [
            1,
            3
        ]
    },
    "intv_args_dict": {
        "1": {
            "intv_type": "do",
            "inode": 1,
            "new_mui": 1.0,
            "new_vari": null,
            "noise_type": "gaussian",
            "obs_noise_gamma_shape": null,
            "true_params": {
                "Si": [
                    [
                        1.0,
                        0.0,
                        -0.8414519985067953,
                        -0.17155159053484492
                    ],
                    [
                        0.0,
                        1e-09,
                        8.208510779020065e-10,
                        -1.464554923722835e-09
                    ],
                    [
                        -0.8414519985067953,
                        8.208510779020065e-10,
                        1.7080414664648762,
                        -0.6131411208795341
                    ],
                    [
                        -0.17155159053484492,
                        -1.464554923722835e-09,
                        -0.6131411208795341,
                        1.6032264261971543
                    ]
                ],
                "mui": [
                    0.0,
                    1.0,
                    0.8208510779020064,
                    -1.4645549237228348
                ],
                "Ai": [
                    [
                        0.0,
                        0.0,
                        0.0,
                        0.0
                    ],
                    [
                        0.0,
                        0.0,
                        0.0,
                        0.0
                    ],
                    [
                        -0.8414519985067953,
                        0.8208510779020064,
                        0.0,
                        0.0
                    ],
                    [
                        -0.8089460506751303,
                        -0.842765528031364,
                        -0.7574935483799173,
                        0.0
                    ]
                ]
            },
            "est_params": {
                "mui": [
                    -0.0017429991193947854,
                    0.999999604558795,
                    0.820632201888017,
                    -1.4576994308678828
                ],
                "Si": [
                    [
                        1.010494875295874,
                        1.7487323815608133e-07,
                        -0.85374568242746,
                        -0.17384674266407152
                    ],
                    [
                        1.748732381560814e-07,
                        1.0102505756732223e-06,
                        -1.667497667777357e-07,
                        -3.2443326364922995e-08
                    ],
                    [
                        -0.85374568242746,
                        -1.6674976677773555e-07,
                        1.7162245520554,
                        -0.6156115826438536
                    ],
                    [
                        -0.1738467426640715,
                        -3.244332636492308e-08,
                        -0.6156115826438536,
                        1.6022453979383342
                    ]
                ]
            },
            "est_tgt": [
                0,
                1
            ],
            "oracle_est_tgt": [
                1
            ]
        },
        "3": {
            "intv_type": "do",
            "inode": 3,
            "new_mui": 1.0,
            "new_vari": null,
            "noise_type": "gaussian",
            "obs_noise_gamma_shape": null,
            "true_params": {
                "Si": [
                    [
                        1.0,
                        0.0,
                        -0.8414519985067953,
                        0.0
                    ],
                    [
                        0.0,
                        1.0,
                        0.8208510779020064,
                        0.0
                    ],
                    [
                        -0.8414519985067953,
                        0.8208510779020064,
                        2.381837957883966,
                        0.0
                    ],
                    [
                        0.0,
                        0.0,
                        0.0,
                        1e-09
                    ]
                ],
                "mui": [
                    0.0,
                    0.0,
                    0.0,
                    1.0
                ],
                "Ai": [
                    [
                        0.0,
                        0.0,
                        0.0,
                        0.0
                    ],
                    [
                        -0.0,
                        0.0,
                        0.0,
                        0.0
                    ],
                    [
                        -0.8414519985067953,
                        0.8208510779020064,
                        0.0,
                        0.0
                    ],
                    [
                        0.0,
                        0.0,
                        0.0,
                        0.0
                    ]
                ]
            },
            "est_params": {
                "mui": [
                    0.0011939914711966203,
                    0.001508980473581998,
                    0.005170783121940111,
                    1.0000004021573115
                ],
                "Si": [
                    [
                        0.9985960853505615,
                        -0.003634558164654997,
                        -0.8470844959006574,
                        2.8603891169946054e-07
                    ],
                    [
                        -0.0036345581646549997,
                        0.9935183190435654,
                        0.8176203967809025,
                        1.6190078258283005e-07
                    ],
                    [
                        -0.8470844959006574,
                        0.8176203967809023,
                        2.395855583391142,
                        1.4855193504225656e-07
                    ],
                    [
                        2.860389116994605e-07,
                        1.6190078258283002e-07,
                        1.4855193504225672e-07,
                        1.0081971974621497e-06
                    ]
                ]
            },
            "est_tgt": [
                0,
                3
            ],
            "oracle_est_tgt": [
                0,
                3
            ]
        },
        "obs": {
            "intv_type": "obs",
            "noise_type": "gaussian",
            "obs_noise_gamma_shape": null,