{
    "expt_args": {
        "save_dir": "all_expt_logs/expt_logs_sim_compsel_backward_cameraready_half",
        "exp_name": "239",
        "num_nodes": 4,
        "num_tgt_prior": 5,
        "obs_noise_mean": 0.0,
        "obs_noise_var": 1.0,
        "obs_noise_gamma_shape": null,
        "noise_type": "gaussian",
        "max_edge_strength": 1.0,
        "graph_sparsity_method": "adj_dense_prop",
        "adj_dense_prop": 0.8,
        "num_parents": null,
        "new_noise_mean": 1.0,
        "mix_samples": 262144,
        "stage2_samples": 262144,
        "gmm_tol": 0.001,
        "intv_type": "do",
        "new_noise_var": null,
        "dtype": "simulation",
        "cutoff_drop_ratio": 0.07,
        "intv_targets": [
            2,
            3
        ]
    },
    "intv_args_dict": {
        "2": {
            "intv_type": "do",
            "inode": 2,
            "new_mui": 1.0,
            "new_vari": null,
            "noise_type": "gaussian",
            "obs_noise_gamma_shape": null,
            "true_params": {
                "Si": [
                    [
                        1.0,
                        0.8023313784229413,
                        0.0,
                        0.3506372978394877
                    ],
                    [
                        0.8023313784229413,
                        1.6437356408020571,
                        0.0,
                        -0.35268664186696297
                    ],
                    [
                        0.0,
                        0.0,
                        1e-09,
                        -6.170690585263379e-10
                    ],
                    [
                        0.3506372978394877,
                        -0.35268664186696297,
                        -6.170690585263379e-10,
                        1.5249202017434194
                    ]
                ],
                "mui": [
                    0.0,
                    0.0,
                    1.0,
                    -0.6170690585263379
                ],
                "Ai": [
                    [
                        0.0,
                        0.0,
                        0.0,
                        0.0
                    ],
                    [
                        0.8023313784229413,
                        0.0,
                        0.0,
                        0.0
                    ],
                    [
                        0.0,
                        0.0,
                        0.0,
                        0.0
                    ],
                    [
                        0.8593265829737707,
                        -0.6340139483690146,
                        -0.6170690585263379,
                        0.0
                    ]
                ]
            },
            "est_params": {
                "mui": [
                    0.000944910949579506,
                    -0.0004848803537589208,
                    0.9999996204242546,
                    -0.6170543927596921
                ],
                "Si": [
                    [
                        0.996824341861415,
                        0.7969508257710435,
                        -5.077651452224689e-07,
                        0.3459535078398749
                    ],
                    [
                        0.7969508257710435,
                        1.6371888559427958,
                        -4.1483381916313177e-07,
                        -0.3560555838885538
                    ],
                    [
                        -5.077651452224687e-07,
                        -4.1483381916313193e-07,
                        1.0128626255066006e-06,
                        -9.229855263083292e-07
                    ],
                    [
                        0.3459535078398749,
                        -0.3560555838885538,
                        -9.229855263083291e-07,
                        1.5198135073335455
                    ]
                ]
            },
            "est_tgt": [
                2
            ],
            "oracle_est_tgt": [
                2
            ]
        },
        "3": {
            "intv_type": "do",
            "inode": 3,
            "new_mui": 1.0,
            "new_vari": null,
            "noise_type": "gaussian",
            "obs_noise_gamma_shape": null,
            "true_params": {
                "Si": [
                    [
                        1.0,
                        0.8023313784229413,
                        0.11947955570263125,
                        0.0
                    ],
                    [
                        0.8023313784229413,
                        1.6437356408020571,
                        -0.5450382019428215,
                        0.0
                    ],
                    [
                        0.11947955570263125,
                        -0.5450382019428215,
                        1.4250286851092056,
                        0.0
                    ],
                    [
                        0.0,
                        0.0,
                        0.0,
                        1e-09
                    ]
                ],
                "mui": [
                    0.0,
                    0.0,
                    0.0,
                    1.0
                ],
                "Ai": [
                    [
                        0.0,
                        0.0,
                        0.0,
                        0.0
                    ],
                    [
                        0.8023313784229413,
                        0.0,
                        0.0,
                        0.0
                    ],
                    [
                        0.6336940559135551,
                        -0.6409003985630742,
                        0.0,
                        0.0
                    ],
                    [
                        0.0,
                        0.0,
                        0.0,
                        0.0
                    ]
                ]
            },
            "est_params": {
                "mui": [
                    -0.001872634862758549,
                    -0.0017549123014060023,
                    0.0018718868252926442,
                    1.0000000438952006
                ],
                "Si": [
                    [
                        1.003956899768138,
                        0.806659221340267,
                        0.12438287525635014,
                        3.9353734690645694e-07
                    ],
                    [
                        0.806659221340267,
                        1.6450815836896795,
                        -0.5289925628011589,
                        4.865003454022381e-07
                    ],
                    [
                        0.12438287525635017,
                        -0.5289925628011588,
                        1.4060595119869446,
                        -2.126958606529718e-07
                    ],
                    [
                        3.93537346906457e-07,
                        4.865003454022378e-07,
                        -2.1269586065297188e-07,
                        1.009954585418679e-06
                    ]
                ]
            },
            "est_tgt": [
                3
            ],
            "oracle_est_tgt": [
                3
            ]
        },
        "obs": {
            "intv_type": "obs",
            "noise_type": "gaussian",
            "obs_noise_gamma_shape": null,