{
    "expt_args": {
        "save_dir": "all_expt_logs/expt_logs_sim_compsel_backward_cameraready_half",
        "exp_name": "297",
        "num_nodes": 4,
        "num_tgt_prior": 5,
        "obs_noise_mean": 0.0,
        "obs_noise_var": 1.0,
        "obs_noise_gamma_shape": null,
        "noise_type": "gaussian",
        "max_edge_strength": 1.0,
        "graph_sparsity_method": "adj_dense_prop",
        "adj_dense_prop": 0.8,
        "num_parents": null,
        "new_noise_mean": 1.0,
        "mix_samples": 1024,
        "stage2_samples": 1024,
        "gmm_tol": 0.001,
        "intv_type": "do",
        "new_noise_var": null,
        "dtype": "simulation",
        "cutoff_drop_ratio": 0.07,
        "intv_targets": [
            2,
            3
        ]
    },
    "intv_args_dict": {
        "2": {
            "intv_type": "do",
            "inode": 2,
            "new_mui": 1.0,
            "new_vari": null,
            "noise_type": "gaussian",
            "obs_noise_gamma_shape": null,
            "true_params": {
                "Si": [
                    [
                        1.0,
                        0.9341728671213547,
                        0.0,
                        -1.4562204241096013
                    ],
                    [
                        0.9341728671213547,
                        1.8726789456657322,
                        0.0,
                        -2.2846164330193686
                    ],
                    [
                        0.0,
                        0.0,
                        1e-09,
                        7.333562605339948e-10
                    ],
                    [
                        -1.4562204241096013,
                        -2.2846164330193686,
                        7.333562605339948e-10,
                        3.97482490431485
                    ]
                ],
                "mui": [
                    0.0,
                    0.0,
                    1.0,
                    0.7333562605339948
                ],
                "Ai": [
                    [
                        0.0,
                        0.0,
                        0.0,
                        0.0
                    ],
                    [
                        0.9341728671213547,
                        0.0,
                        0.0,
                        0.0
                    ],
                    [
                        0.0,
                        0.0,
                        0.0,
                        0.0
                    ],
                    [
                        -0.5928066449722077,
                        -0.9242548242682271,
                        0.7333562605339948,
                        0.0
                    ]
                ]
            },
            "est_params": {
                "mui": [
                    0.05470331684514203,
                    -0.003845211857916195,
                    0.9999987337086861,
                    0.6630170333006358
                ],
                "Si": [
                    [
                        1.0771245758322632,
                        0.9733579313785973,
                        -1.0168799022544846e-06,
                        -1.6369840051722597
                    ],
                    [
                        0.9733579313785973,
                        1.9500927487607154,
                        -4.201917617169105e-07,
                        -2.4561683496443516
                    ],
                    [
                        -1.0168799022544848e-06,
                        -4.201917617169105e-07,
                        1.0011457278799474e-06,
                        2.709854371098826e-06
                    ],
                    [
                        -1.6369840051722597,
                        -2.456168349644351,
                        2.7098543710988266e-06,
                        4.354211471139621
                    ]
                ]
            },
            "est_tgt": [
                2,
                3
            ],
            "oracle_est_tgt": [
                2,
                3
            ]
        },
        "3": {
            "intv_type": "do",
            "inode": 3,
            "new_mui": 1.0,
            "new_vari": null,
            "noise_type": "gaussian",
            "obs_noise_gamma_shape": null,
            "true_params": {
                "Si": [
                    [
                        1.0,
                        0.9341728671213547,
                        -0.2948076216120534,
                        0.0
                    ],
                    [
                        0.9341728671213547,
                        1.8726789456657322,
                        -1.246457181646773,
                        0.0
                    ],
                    [
                        -0.2948076216120534,
                        -1.246457181646773,
                        2.0298610956879104,
                        0.0
                    ],
                    [
                        0.0,
                        0.0,
                        0.0,
                        1e-09
                    ]
                ],
                "mui": [
                    0.0,
                    0.0,
                    0.0,
                    1.0
                ],
                "Ai": [
                    [
                        0.0,
                        0.0,
                        0.0,
                        0.0
                    ],
                    [
                        0.9341728671213547,
                        0.0,
                        0.0,
                        0.0
                    ],
                    [
                        0.6123264531082868,
                        -0.9710559005162136,
                        0.0,
                        0.0
                    ],
                    [
                        0.0,
                        0.0,
                        0.0,
                        0.0
                    ]
                ]
            },
            "est_params": {
                "mui": [
                    0.04390442145319145,
                    0.09279450456710117,
                    -0.1823934693498204,
                    1.0000140488164517
                ],
                "Si": [
                    [
                        0.9990896376336457,
                        1.0151079420654605,
                        -0.3992206579366249,
                        -1.8523213180074385e-05
                    ],
                    [
                        1.0151079420654605,
                        2.0310134976702234,
                        -1.3935032763622133,
                        -3.007768612958844e-05
                    ],
                    [
                        -0.3992206579366249,
                        -1.3935032763622133,
                        2.1507481476061074,
                        6.181155422128133e-06
                    ],
                    [
                        -1.8523213180074388e-05,
                        -3.0077686129588445e-05,
                        6.181155422128133e-06,
                        1.0448266998614153e-06
                    ]
                ]
            },
            "est_tgt": [
                2,
                3
            ],
            "oracle_est_tgt": [
                2,
                3
            ]
        },
        "obs": {
            "intv_type": "obs",
            "noise_type": "gaussian",
            "obs_noise_gamma_shape": null,