{
    "expt_args": {
        "save_dir": "all_expt_logs/expt_logs_sim_compsel_backward_cameraready_half",
        "exp_name": "205",
        "num_nodes": 4,
        "num_tgt_prior": 5,
        "obs_noise_mean": 0.0,
        "obs_noise_var": 1.0,
        "obs_noise_gamma_shape": null,
        "noise_type": "gaussian",
        "max_edge_strength": 1.0,
        "graph_sparsity_method": "adj_dense_prop",
        "adj_dense_prop": 0.8,
        "num_parents": null,
        "new_noise_mean": 1.0,
        "mix_samples": 131072,
        "stage2_samples": 131072,
        "gmm_tol": 0.001,
        "intv_type": "do",
        "new_noise_var": null,
        "dtype": "simulation",
        "cutoff_drop_ratio": 0.07,
        "intv_targets": [
            0,
            3
        ]
    },
    "intv_args_dict": {
        "0": {
            "intv_type": "do",
            "inode": 0,
            "new_mui": 1.0,
            "new_vari": null,
            "noise_type": "gaussian",
            "obs_noise_gamma_shape": null,
            "true_params": {
                "Si": [
                    [
                        1e-09,
                        -6.664254003955662e-10,
                        2.51282512370539e-10,
                        1.2999495051714262e-09
                    ],
                    [
                        -6.664254003955662e-10,
                        1.0000000004441227,
                        0.6242774432585355,
                        -0.27029292321566983
                    ],
                    [
                        2.51282512370539e-10,
                        0.6242774432585355,
                        1.3897223264336414,
                        0.5086076140740131
                    ],
                    [
                        1.2999495051714262e-09,
                        -0.27029292321566983,
                        0.5086076140740131,
                        1.531855040596707
                    ]
                ],
                "mui": [
                    1.0,
                    -0.6664254003955661,
                    0.251282512370539,
                    1.299949505171426
                ],
                "Ai": [
                    [
                        0.0,
                        0.0,
                        0.0,
                        0.0
                    ],
                    [
                        -0.6664254003955661,
                        0.0,
                        0.0,
                        0.0
                    ],
                    [
                        0.6673168575636291,
                        0.6242774434259966,
                        0.0,
                        0.0
                    ],
                    [
                        0.6678154401732733,
                        -0.6931443696660176,
                        0.6773453882877525,
                        0.0
                    ]
                ]
            },
            "est_params": {
                "mui": [
                    0.9999997211629413,
                    -0.6662889870096916,
                    0.24806399652641675,
                    1.3014827746087996
                ],
                "Si": [
                    [
                        1.01231950473917e-06,
                        -8.626314445535594e-07,
                        4.3174743220703e-07,
                        9.702844964258025e-07
                    ],
                    [
                        -8.62631444553559e-07,
                        1.0071731955906433,
                        0.6264480232442585,
                        -0.2725066173453878
                    ],
                    [
                        4.3174743220703e-07,
                        0.6264480232442585,
                        1.3873266202286532,
                        0.5103551641627194
                    ],
                    [
                        9.702844964258025e-07,
                        -0.2725066173453878,
                        0.5103551641627194,
                        1.5299343614611098
                    ]
                ]
            },
            "est_tgt": [
                0
            ],
            "oracle_est_tgt": [
                0
            ]
        },
        "3": {
            "intv_type": "do",
            "inode": 3,
            "new_mui": 1.0,
            "new_vari": null,
            "noise_type": "gaussian",
            "obs_noise_gamma_shape": null,
            "true_params": {
                "Si": [
                    [
                        1.0,
                        -0.6664254003955661,
                        0.251282512370539,
                        0.0
                    ],
                    [
                        -0.6664254003955661,
                        1.4441228142923905,
                        0.45681639450705636,
                        0.0
                    ],
                    [
                        0.251282512370539,
                        0.45681639450705636,
                        1.4528652273937483,
                        0.0
                    ],
                    [
                        0.0,
                        0.0,
                        0.0,
                        1e-09
                    ]
                ],
                "mui": [
                    0.0,
                    0.0,
                    0.0,
                    1.0
                ],
                "Ai": [
                    [
                        0.0,
                        0.0,
                        0.0,
                        0.0
                    ],
                    [
                        -0.6664254003955661,
                        0.0,
                        0.0,
                        0.0
                    ],
                    [
                        0.6673168575636291,
                        0.6242774434259966,
                        0.0,
                        0.0
                    ],
                    [
                        0.0,
                        0.0,
                        0.0,
                        0.0
                    ]
                ]
            },
            "est_params": {
                "mui": [
                    0.001403135963585716,
                    0.002274016389155906,
                    -0.0010429062557918499,
                    1.000000317928076
                ],
                "Si": [
                    [
                        1.009727872034737,
                        -0.6670381339738704,
                        0.26384966987911546,
                        5.125162343600233e-07
                    ],
                    [
                        -0.6670381339738704,
                        1.4377472470685653,
                        0.4496888639461218,
                        -1.6711366921741267e-07
                    ],
                    [
                        0.26384966987911546,
                        0.4496888639461218,
                        1.4521579746204656,
                        1.0764237709365088e-07
                    ],
                    [
                        5.125162343600234e-07,
                        -1.671136692174123e-07,
                        1.076423770936511e-07,
                        1.0076652287121283e-06
                    ]
                ]
            },
            "est_tgt": [
                3
            ],
            "oracle_est_tgt": [
                3
            ]
        },
        "obs": {
            "intv_type": "obs",
            "noise_type": "gaussian",
            "obs_noise_gamma_shape": null,