{
    "expt_args": {
        "save_dir": "all_expt_logs/expt_logs_sim_compsel_backward_cameraready_half",
        "exp_name": "305",
        "num_nodes": 4,
        "num_tgt_prior": 5,
        "obs_noise_mean": 0.0,
        "obs_noise_var": 1.0,
        "obs_noise_gamma_shape": null,
        "noise_type": "gaussian",
        "max_edge_strength": 1.0,
        "graph_sparsity_method": "adj_dense_prop",
        "adj_dense_prop": 0.8,
        "num_parents": null,
        "new_noise_mean": 1.0,
        "mix_samples": 262144,
        "stage2_samples": 262144,
        "gmm_tol": 0.001,
        "intv_type": "do",
        "new_noise_var": null,
        "dtype": "simulation",
        "cutoff_drop_ratio": 0.07,
        "intv_targets": [
            0,
            2
        ]
    },
    "intv_args_dict": {
        "0": {
            "intv_type": "do",
            "inode": 0,
            "new_mui": 1.0,
            "new_vari": null,
            "noise_type": "gaussian",
            "obs_noise_gamma_shape": null,
            "true_params": {
                "Si": [
                    [
                        1e-09,
                        0.0,
                        -9.322658547193806e-10,
                        -8.81252535931767e-11
                    ],
                    [
                        0.0,
                        1.0,
                        0.0,
                        0.6439971884583835
                    ],
                    [
                        -9.322658547193806e-10,
                        0.0,
                        1.0000000008691197,
                        -0.6137915673721736
                    ],
                    [
                        -8.81252535931767e-11,
                        0.6439971884583835,
                        -0.6137915673721736,
                        1.7914724670281117
                    ]
                ],
                "mui": [
                    1.0,
                    0.0,
                    -0.9322658547193805,
                    -0.08812525359317669
                ],
                "Ai": [
                    [
                        0.0,
                        0.0,
                        0.0,
                        0.0
                    ],
                    [
                        0.0,
                        0.0,
                        0.0,
                        0.0
                    ],
                    [
                        -0.9322658547193805,
                        0.0,
                        0.0,
                        0.0
                    ],
                    [
                        -0.6603421738455357,
                        0.6439971884583835,
                        -0.6137915674543297,
                        0.0
                    ]
                ]
            },
            "est_params": {
                "mui": [
                    0.9999999568287714,
                    -0.0005012517302874359,
                    -0.9320732695545781,
                    -0.08817164886156548
                ],
                "Si": [
                    [
                        1.0105716298609213e-06,
                        1.2671873835008667e-07,
                        3.9512273118885236e-07,
                        -3.8840157971091964e-07
                    ],
                    [
                        1.267187383500868e-07,
                        1.0030012975944504,
                        0.0009765320132014449,
                        0.6462318319182897
                    ],
                    [
                        3.9512273118885236e-07,
                        0.0009765320132014456,
                        0.997902341623951,
                        -0.6085813548051906
                    ],
                    [
                        -3.884015797109194e-07,
                        0.6462318319182896,
                        -0.6085813548051906,
                        1.7923461866575794
                    ]
                ]
            },
            "est_tgt": [
                0
            ],
            "oracle_est_tgt": [
                0
            ]
        },
        "2": {
            "intv_type": "do",
            "inode": 2,
            "new_mui": 1.0,
            "new_vari": null,
            "noise_type": "gaussian",
            "obs_noise_gamma_shape": null,
            "true_params": {
                "Si": [
                    [
                        1.0,
                        0.0,
                        0.0,
                        -0.6603421738455357
                    ],
                    [
                        0.0,
                        1.0,
                        0.0,
                        0.6439971884583835
                    ],
                    [
                        0.0,
                        0.0,
                        1e-09,
                        -6.137915674543297e-10
                    ],
                    [
                        -0.6603421738455357,
                        0.6439971884583835,
                        -6.137915674543297e-10,
                        1.8507841656780906
                    ]
                ],
                "mui": [
                    0.0,
                    0.0,
                    1.0,
                    -0.6137915674543297
                ],
                "Ai": [
                    [
                        0.0,
                        0.0,
                        0.0,
                        0.0
                    ],
                    [
                        0.0,
                        0.0,
                        0.0,
                        0.0
                    ],
                    [
                        0.0,
                        0.0,
                        0.0,
                        0.0
                    ],
                    [
                        -0.6603421738455357,
                        0.6439971884583835,
                        -0.6137915674543297,
                        0.0
                    ]
                ]
            },
            "est_params": {
                "mui": [
                    0.0011430706167333896,
                    -0.005437694938908511,
                    0.999999958115593,
                    -0.6161646970465927
                ],
                "Si": [
                    [
                        1.002226202437005,
                        0.0015734366353599939,
                        -1.8869168100516805e-07,
                        -0.6612593183840323
                    ],
                    [
                        0.0015734366353599952,
                        1.0026803846553844,
                        -4.5506750920063026e-07,
                        0.6431310315473144
                    ],
                    [
                        -1.8869168100516792e-07,
                        -4.550675092006304e-07,
                        1.0099847496041855e-06,
                        1.421578119050432e-07
                    ],
                    [
                        -0.6612593183840323,
                        0.6431310315473144,
                        1.4215781190504324e-07,
                        1.8414724791569985
                    ]
                ]
            },
            "est_tgt": [
                2
            ],
            "oracle_est_tgt": [
                2
            ]
        },
        "obs": {
            "intv_type": "obs",
            "noise_type": "gaussian",
            "obs_noise_gamma_shape": null,