{
    "expt_args": {
        "save_dir": "all_expt_logs/expt_logs_sim_compsel_backward_cameraready_half",
        "exp_name": "8",
        "num_nodes": 4,
        "num_tgt_prior": 5,
        "obs_noise_mean": 0.0,
        "obs_noise_var": 1.0,
        "obs_noise_gamma_shape": null,
        "noise_type": "gaussian",
        "max_edge_strength": 1.0,
        "graph_sparsity_method": "adj_dense_prop",
        "adj_dense_prop": 0.8,
        "num_parents": null,
        "new_noise_mean": 1.0,
        "mix_samples": 262144,
        "stage2_samples": 262144,
        "gmm_tol": 0.001,
        "intv_type": "do",
        "new_noise_var": null,
        "dtype": "simulation",
        "cutoff_drop_ratio": 0.07,
        "intv_targets": [
            2,
            0
        ]
    },
    "intv_args_dict": {
        "2": {
            "intv_type": "do",
            "inode": 2,
            "new_mui": 1.0,
            "new_vari": null,
            "noise_type": "gaussian",
            "obs_noise_gamma_shape": null,
            "true_params": {
                "Si": [
                    [
                        1.0,
                        -0.9977180096202983,
                        0.0,
                        -0.7527113739557316
                    ],
                    [
                        -0.9977180096202983,
                        1.9954412267206898,
                        0.0,
                        1.5054266766062026
                    ],
                    [
                        0.0,
                        0.0,
                        1e-09,
                        8.609360237200704e-10
                    ],
                    [
                        -0.7527113739557316,
                        1.5054266766062026,
                        8.609360237200704e-10,
                        2.135743538706522
                    ]
                ],
                "mui": [
                    0.0,
                    0.0,
                    1.0,
                    0.8609360237200703
                ],
                "Ai": [
                    [
                        0.0,
                        0.0,
                        0.0,
                        0.0
                    ],
                    [
                        -0.9977180096202983,
                        0.0,
                        0.0,
                        0.0
                    ],
                    [
                        0.0,
                        0.0,
                        0.0,
                        0.0
                    ],
                    [
                        0.0,
                        0.75443298276453,
                        0.8609360237200703,
                        0.0
                    ]
                ]
            },
            "est_params": {
                "mui": [
                    -0.0038893505100501273,
                    0.003791234838667798,
                    0.9999994981907832,
                    0.871405791999887
                ],
                "Si": [
                    [
                        0.9984727536886456,
                        -0.996094043083538,
                        3.2106012930568226e-07,
                        -0.7522892275433095
                    ],
                    [
                        -0.996094043083538,
                        1.992469976241177,
                        -1.6658338159915806e-07,
                        1.506345880096847
                    ],
                    [
                        3.210601293056826e-07,
                        -1.6658338159915795e-07,
                        1.0078724280787987e-06,
                        1.430041105292331e-07
                    ],
                    [
                        -0.7522892275433095,
                        1.506345880096847,
                        1.4300411052923318e-07,
                        2.136758547095309
                    ]
                ]
            },
            "est_tgt": [
                2
            ],
            "oracle_est_tgt": [
                2
            ]
        },
        "0": {
            "intv_type": "do",
            "inode": 0,
            "new_mui": 1.0,
            "new_vari": null,
            "noise_type": "gaussian",
            "obs_noise_gamma_shape": null,
            "true_params": {
                "Si": [
                    [
                        1e-09,
                        -9.977180096202984e-10,
                        -1.3644783406216027e-09,
                        -1.9274399309826538e-09
                    ],
                    [
                        -9.977180096202984e-10,
                        1.0000000009954413,
                        0.7826637799262505,
                        1.42825642611495
                    ],
                    [
                        -1.3644783406216027e-09,
                        0.7826637799262505,
                        1.612562592139266,
                        1.978780596067632
                    ],
                    [
                        -1.9274399309826538e-09,
                        1.42825642611495,
                        1.978780596067632,
                        3.781127253899407
                    ]
                ],
                "mui": [
                    1.0,
                    -0.9977180096202983,
                    -1.3644783406216026,
                    -1.9274399309826538
                ],
                "Ai": [
                    [
                        0.0,
                        0.0,
                        0.0,
                        0.0
                    ],
                    [
                        -0.9977180096202983,
                        0.0,
                        0.0,
                        0.0
                    ],
                    [
                        -0.5836005932699426,
                        0.7826637785648859,
                        0.0,
                        0.0
                    ],
                    [
                        0.0,
                        0.75443298276453,
                        0.8609360237200703,
                        0.0
                    ]
                ]
            },
            "est_params": {
                "mui": [
                    1.0000001321623362,
                    -1.001761363063808,
                    -1.3686794870637586,
                    -1.932538436468175
                ],
                "Si": [
                    [
                        1.0094154088681813e-06,
                        -9.65698630770962e-08,
                        -1.9246030457146916e-07,
                        -1.641627288342993e-07
                    ],
                    [
                        -9.656986307709624e-08,
                        1.0069515313093036,
                        0.7838341601418012,
                        1.4356024218262213
                    ],
                    [
                        -1.924603045714693e-07,
                        0.7838341601418012,
                        1.6127012493358717,
                        1.98239807599051
                    ],
                    [
                        -1.6416272883429921e-07,
                        1.4356024218262216,
                        1.98239807599051,
                        3.7857848721307725
                    ]
                ]
            },
            "est_tgt": [
                0
            ],
            "oracle_est_tgt": [
                0
            ]
        },
        "obs": {
            "intv_type": "obs",
            "noise_type": "gaussian",
            "obs_noise_gamma_shape": null,