{
    "expt_args": {
        "save_dir": "all_expt_logs/expt_logs_sim_compsel_backward_cameraready_half",
        "exp_name": "132",
        "num_nodes": 4,
        "num_tgt_prior": 5,
        "obs_noise_mean": 0.0,
        "obs_noise_var": 1.0,
        "obs_noise_gamma_shape": null,
        "noise_type": "gaussian",
        "max_edge_strength": 1.0,
        "graph_sparsity_method": "adj_dense_prop",
        "adj_dense_prop": 0.8,
        "num_parents": null,
        "new_noise_mean": 1.0,
        "mix_samples": 1024,
        "stage2_samples": 1024,
        "gmm_tol": 0.001,
        "intv_type": "do",
        "new_noise_var": null,
        "dtype": "simulation",
        "cutoff_drop_ratio": 0.07,
        "intv_targets": [
            1,
            2
        ]
    },
    "intv_args_dict": {
        "1": {
            "intv_type": "do",
            "inode": 1,
            "new_mui": 1.0,
            "new_vari": null,
            "noise_type": "gaussian",
            "obs_noise_gamma_shape": null,
            "true_params": {
                "Si": [
                    [
                        1.0,
                        0.0,
                        0.0,
                        0.5004794605481755
                    ],
                    [
                        0.0,
                        1e-09,
                        -5.059357982310103e-10,
                        -1.282322174176798e-09
                    ],
                    [
                        0.0,
                        -5.059357982310103e-10,
                        1.000000000255971,
                        0.9767910588674485
                    ],
                    [
                        0.5004794605481755,
                        -1.282322174176798e-09,
                        0.9767910588674485,
                        2.2046004634909036
                    ]
                ],
                "mui": [
                    0.0,
                    1.0,
                    -0.5059357982310102,
                    -1.2823221741767978
                ],
                "Ai": [
                    [
                        0.0,
                        0.0,
                        0.0,
                        0.0
                    ],
                    [
                        0.0,
                        0.0,
                        0.0,
                        0.0
                    ],
                    [
                        0.0,
                        -0.5059357982310102,
                        0.0,
                        0.0
                    ],
                    [
                        0.5004794605481755,
                        -0.7881286104320189,
                        0.9767910582186758,
                        0.0
                    ]
                ]
            },
            "est_params": {
                "mui": [
                    -0.044368006094931654,
                    1.000000326724263,
                    -0.4706685998479493,
                    -1.246768960213474
                ],
                "Si": [
                    [
                        0.9025239185423617,
                        1.3179503708916505e-06,
                        -0.012620900964186506,
                        0.43604309203469466
                    ],
                    [
                        1.3179503708916505e-06,
                        1.0010233835148682e-06,
                        -4.413066869414657e-06,
                        -3.2776294189283167e-06
                    ],
                    [
                        -0.012620900964186508,
                        -4.413066869414658e-06,
                        1.0282942384985672,
                        0.9952761230739005
                    ],
                    [
                        0.43604309203469466,
                        -3.277629418928317e-06,
                        0.9952761230739005,
                        2.2046235196842896
                    ]
                ]
            },
            "est_tgt": [
                0,
                1
            ],
            "oracle_est_tgt": [
                1
            ]
        },
        "2": {
            "intv_type": "do",
            "inode": 2,
            "new_mui": 1.0,
            "new_vari": null,
            "noise_type": "gaussian",
            "obs_noise_gamma_shape": null,
            "true_params": {
                "Si": [
                    [
                        1.0,
                        -0.5603758066966931,
                        0.0,
                        0.9421276663997618
                    ],
                    [
                        -0.5603758066966931,
                        1.3140210447309695,
                        0.0,
                        -1.3160741615020584
                    ],
                    [
                        0.0,
                        0.0,
                        1e-09,
                        9.76791058218676e-10
                    ],
                    [
                        0.9421276663997618,
                        -1.3160741615020584,
                        9.76791058218676e-10,
                        2.5087512473314866
                    ]
                ],
                "mui": [
                    0.0,
                    0.0,
                    1.0,
                    0.9767910582186758
                ],
                "Ai": [
                    [
                        0.0,
                        0.0,
                        0.0,
                        0.0
                    ],
                    [
                        -0.5603758066966931,
                        0.0,
                        0.0,
                        0.0
                    ],
                    [
                        0.0,
                        0.0,
                        0.0,
                        0.0
                    ],
                    [
                        0.5004794605481755,
                        -0.7881286104320189,
                        0.9767910582186758,
                        0.0
                    ]
                ]
            },
            "est_params": {
                "mui": [
                    0.029886423724343306,
                    -0.029736238942739798,
                    1.0000031925121549,
                    1.0097859040802728
                ],
                "Si": [
                    [
                        0.967616170511687,
                        -0.5801286786380115,
                        -1.1673191533482044e-05,
                        0.897122493436102
                    ],
                    [
                        -0.5801286786380115,
                        1.5866226592560482,
                        -3.2882684529649504e-06,
                        -1.5384513494718348
                    ],
                    [
                        -1.1673191533482044e-05,
                        -3.2882684529649504e-06,
                        1.029041205885527e-06,
                        1.60906094163369e-06
                    ],
                    [
                        0.897122493436102,
                        -1.5384513494718348,
                        1.60906094163369e-06,
                        2.732885081186861
                    ]
                ]
            },
            "est_tgt": [
                2,
                3
            ],
            "oracle_est_tgt": [
                2,
                3
            ]
        },
        "obs": {
            "intv_type": "obs",
            "noise_type": "gaussian",
            "obs_noise_gamma_shape": null,