{
    "expt_args": {
        "save_dir": "expt_logs_29.04.24-3",
        "exp_name": "146",
        "num_nodes": 4,
        "obs_noise_mean": 0.5,
        "obs_noise_var": 1.0,
        "max_edge_strength": 20.0,
        "num_parents": 2,
        "new_noise_mean": 10.0,
        "mix_samples": 4096,
        "stage2_samples": 4096,
        "intv_targets": [
            0,
            1,
            2,
            3
        ]
    },
    "intv_args_dict": {
        "0": {
            "intv_type": "do",
            "inode": 0,
            "new_mui": 10.0,
            "true_params": {
                "Si": [
                    [
                        4.550620613025012e-32,
                        -2.1332183697467563e-16,
                        2.9623256777568686e-15,
                        3.383773233898437e-15
                    ],
                    [
                        -2.1332183697467563e-16,
                        0.9999999999999993,
                        -13.886649954681092,
                        -15.862291839818242
                    ],
                    [
                        2.9623256777568686e-15,
                        -13.886649954681092,
                        193.8390469638445,
                        220.2740942585504
                    ],
                    [
                        3.383773233898437e-15,
                        -15.862291839818242,
                        220.2740942585504,
                        252.61230241156457
                    ]
                ],
                "mui": [
                    9.999999999999996,
                    31.30796463315766,
                    -519.8279127392607,
                    -329.5736433929719
                ],
                "Ai": [
                    [
                        0.0,
                        0.0,
                        0.0,
                        0.0
                    ],
                    [
                        3.0807964633157665,
                        0.0,
                        0.0,
                        0.0
                    ],
                    [
                        -8.556516708506425,
                        -13.886649954681106,
                        0.0,
                        0.0
                    ],
                    [
                        16.654242852888324,
                        -15.86229183981825,
                        0.0,
                        0.0
                    ]
                ]
            },
            "est_params": {
                "mui": [
                    9.999999999999998,
                    31.29812346333214,
                    -519.7241630558741,
                    -329.42689696655094
                ],
                "Si": [
                    [
                        1e-06,
                        -4.8853510516251184e-30,
                        2.14770511846838e-28,
                        -1.3845423926750809e-28
                    ],
                    [
                        -4.8853510516251184e-30,
                        0.9182267254643922,
                        -12.772334403909689,
                        -14.569981436384541
                    ],
                    [
                        2.14770511846838e-28,
                        -12.772334403909689,
                        178.670982480164,
                        202.6778343019148
                    ],
                    [
                        -1.3845423926750809e-28,
                        -14.569981436384541,
                        202.6778343019148,
                        232.1538850089094
                    ]
                ]
            },
            "est_tgt": [
                0
            ]
        },
        "1": {
            "intv_type": "do",
            "inode": 1,
            "new_mui": 10.0,
            "true_params": {
                "Si": [
                    [
                        1.0000000000000004,
                        8.061054818743319e-17,
                        -8.55651670850643,
                        16.65424285288833
                    ],
                    [
                        8.061054818743319e-17,
                        6.498060479078487e-33,
                        -6.897455024476347e-16,
                        1.3425076460179692e-15
                    ],
                    [
                        -8.55651670850643,
                        -6.897455024476347e-16,
                        74.21397818294969,
                        -142.50230723826274
                    ],
                    [
                        16.65424285288833,
                        1.3425076460179692e-15,
                        -142.50230723826274,
                        278.3638050029819
                    ]
                ],
                "mui": [
                    0.4999999999999969,
                    10.0,
                    -142.64475790106422,
                    -149.79579697173838
                ],
                "Ai": [
                    [
                        0.0,
                        0.0,
                        0.0,
                        0.0
                    ],
                    [
                        0.0,
                        0.0,
                        0.0,
                        0.0
                    ],
                    [
                        -8.556516708506425,
                        -13.886649954681106,
                        0.0,
                        0.0
                    ],
                    [
                        16.654242852888324,
                        -15.86229183981825,
                        0.0,
                        0.0
                    ]
                ]
            },
            "est_params": {
                "mui": [
                    0.5044901397188707,
                    9.999996706727462,
                    -142.7389508905241,
                    -149.7263633582342
                ],
                "Si": [
                    [
                        0.9615376979039797,
                        -7.314042728001078e-06,
                        -8.163979355278105,
                        15.966941835548466
                    ],
                    [
                        -7.314042728001078e-06,
                        1.0090448489762932e-06,
                        6.123461003560472e-05,
                        -0.00011805154396632821
                    ],
                    [
                        -8.163979355278105,
                        6.123461003560473e-05,
                        70.22312144036772,
                        -135.53809815744057
                    ],
                    [
                        15.966941835548466,
                        -0.00011805154396632824,
                        -135.53809815744057,
                        266.1828431627698
                    ]
                ]
            },
            "est_tgt": [
                1
            ]
        },
        "2": {
            "intv_type": "do",
            "inode": 2,
            "new_mui": 10.0,
            "true_params": {
                "Si": [
                    [
                        1.0,
                        3.080796463315767,
                        0.0,
                        -32.21424974730629
                    ],
                    [
                        3.080796463315767,
                        10.491306848378938,
                        0.0,
                        -115.10783852969031
                    ],
                    [
                        0.0,
                        0.0,
                        0.0,
                        0.0
                    ],
                    [
                        -32.21424974730629,
                        -115.10783852969031,
                        0.0,
                        1290.3701891933881
                    ]
                ],