{
    "expt_args": {
        "save_dir": "expt_logs_29.04.24-3",
        "exp_name": "3",
        "num_nodes": 4,
        "obs_noise_mean": 0.5,
        "obs_noise_var": 1.0,
        "max_edge_strength": 20.0,
        "num_parents": 2,
        "new_noise_mean": 10.0,
        "mix_samples": 8192,
        "stage2_samples": 8192,
        "intv_targets": [
            0,
            1,
            2,
            3
        ]
    },
    "intv_args_dict": {
        "0": {
            "intv_type": "do",
            "inode": 0,
            "new_mui": 10.0,
            "true_params": {
                "Si": [
                    [
                        0.0,
                        0.0,
                        0.0,
                        0.0
                    ],
                    [
                        0.0,
                        1.0,
                        6.450118116071669,
                        -83.99409287145443
                    ],
                    [
                        0.0,
                        6.450118116071669,
                        42.60402371127594,
                        -554.7939215851092
                    ],
                    [
                        0.0,
                        -83.99409287145443,
                        -554.7939215851092,
                        7225.582765085644
                    ]
                ],
                "mui": [
                    10.000000000000002,
                    198.33363232087936,
                    1305.681799802974,
                    -16807.44654669106
                ],
                "Ai": [
                    [
                        0.0,
                        0.0,
                        0.0,
                        0.0
                    ],
                    [
                        19.783363232087932,
                        0.0,
                        0.0,
                        0.0
                    ],
                    [
                        2.590644494377251,
                        6.450118116071669,
                        0.0,
                        0.0
                    ],
                    [
                        19.477439262889387,
                        0.0,
                        -13.022101511934721,
                        0.0
                    ]
                ]
            },
            "est_params": {
                "mui": [
                    10.000000000000002,
                    198.33434182802168,
                    1305.6803433081002,
                    -16807.4428954859
                ],
                "Si": [
                    [
                        1e-06,
                        0.0,
                        0.0,
                        0.0
                    ],
                    [
                        0.0,
                        1.0254731435299929,
                        6.65423841132707,
                        -86.66451378083252
                    ],
                    [
                        0.0,
                        6.65423841132707,
                        44.13046023227543,
                        -574.730699720125
                    ],
                    [
                        0.0,
                        -86.66451378083252,
                        -574.730699720125,
                        7485.94221630282
                    ]
                ]
            },
            "est_tgt": [
                0
            ]
        },
        "1": {
            "intv_type": "do",
            "inode": 1,
            "new_mui": 10.0,
            "true_params": {
                "Si": [
                    [
                        1.0,
                        3.442488973523847e-17,
                        2.590644494377251,
                        -14.258196324225974
                    ],
                    [
                        3.442488973523847e-17,
                        1.1850730332833268e-33,
                        8.918265106213947e-17,
                        -4.908368362848616e-16
                    ],
                    [
                        2.590644494377251,
                        8.918265106213947e-17,
                        7.711438896247162,
                        -49.9600193190407
                    ],
                    [
                        -14.258196324225974,
                        -4.908368362848616e-16,
                        -49.9600193190407,
                        373.8712902073036
                    ]
                ],
                "mui": [
                    0.5000000000000073,
                    10.0,
                    66.29650340790532,
                    -853.0810776326247
                ],
                "Ai": [
                    [
                        0.0,
                        0.0,
                        0.0,
                        0.0
                    ],
                    [
                        0.0,
                        0.0,
                        0.0,
                        0.0
                    ],
                    [
                        2.590644494377251,
                        6.450118116071669,
                        0.0,
                        0.0
                    ],
                    [
                        19.477439262889387,
                        0.0,
                        -13.022101511934721,
                        0.0
                    ]
                ]
            },
            "est_params": {
                "mui": [
                    0.47790296596519266,
                    9.999999999999991,
                    66.24981593969663,
                    -852.8987723526067
                ],
                "Si": [
                    [
                        0.9889709565032164,
                        3.251928620363141e-30,
                        2.5705886338117723,
                        -14.231046629098438
                    ],
                    [
                        3.251928620363141e-30,
                        1e-06,
                        6.583691317756998e-28,
                        -7.387642050233884e-27
                    ],
                    [
                        2.5705886338117723,
                        6.582458359038377e-28,
                        7.7424661001731065,
                        -50.86219852620906
                    ],
                    [
                        -14.231046629098438,
                        -7.387148866746435e-27,
                        -50.86219852620906,
                        387.2373433550985
                    ]
                ]
            },
            "est_tgt": [
                1,
                2
            ]
        },
        "2": {
            "intv_type": "do",
            "inode": 2,
            "new_mui": 10.0,
            "true_params": {
                "Si": [
                    [
                        1.0,
                        19.783363232087932,
                        0.0,
                        19.477439262889387
                    ],
                    [
                        19.783363232087932,
                        392.3814607727287,
                        0.0,
                        385.32925576867177
                    ],
                    [
                        0.0,
                        0.0,
                        0.0,
                        0.0
                    ],
                    [
                        19.477439262889387,
                        385.32925576867177,
                        0.0,
                        380.3706402395451
                    ]
                ],
                "mui": [
                    0.5,
                    10.391681616043966,
                    10.0,
                    -119.98229548790252
                ],