{
    "expt_args": {
        "save_dir": "expt_logs_29.04.24-3",
        "exp_name": "80",
        "num_nodes": 4,
        "obs_noise_mean": 0.5,
        "obs_noise_var": 1.0,
        "max_edge_strength": 20.0,
        "num_parents": 2,
        "new_noise_mean": 10.0,
        "mix_samples": 1024,
        "stage2_samples": 1024,
        "intv_targets": [
            0,
            1,
            2,
            3
        ]
    },
    "intv_args_dict": {
        "0": {
            "intv_type": "do",
            "inode": 0,
            "new_mui": 10.0,
            "true_params": {
                "Si": [
                    [
                        0.0,
                        0.0,
                        0.0,
                        0.0
                    ],
                    [
                        0.0,
                        1.0,
                        -8.591840434828955,
                        75.19869082115152
                    ],
                    [
                        0.0,
                        -8.591840434828955,
                        74.8197220575618,
                        -655.3824893489372
                    ],
                    [
                        0.0,
                        75.19869082115152,
                        -655.3824893489372,
                        5742.097728012636
                    ]
                ],
                "mui": [
                    10.0,
                    103.0317564873296,
                    -844.9091933112231,
                    7373.857888793126
                ],
                "Ai": [
                    [
                        0.0,
                        0.0,
                        0.0,
                        0.0
                    ],
                    [
                        10.25317564873296,
                        0.0,
                        0.0,
                        0.0
                    ],
                    [
                        3.982321814806574,
                        -8.591840434828955,
                        0.0,
                        0.0
                    ],
                    [
                        -0.0,
                        -4.596625935974895,
                        -9.28733690556661,
                        0.0
                    ]
                ]
            },
            "est_params": {
                "mui": [
                    10.0,
                    102.84435784231708,
                    -843.3169228298026,
                    7359.904319114885
                ],
                "Si": [
                    [
                        1e-06,
                        0.0,
                        0.0,
                        0.0
                    ],
                    [
                        0.0,
                        1.0855557255949904,
                        -9.398507563356363,
                        82.29339077101798
                    ],
                    [
                        0.0,
                        -9.398507563356363,
                        82.23407539763106,
                        -720.5428416329528
                    ],
                    [
                        0.0,
                        82.29339077101798,
                        -720.5428416329528,
                        6314.682348341436
                    ]
                ]
            },
            "est_tgt": [
                0,
                2
            ]
        },
        "1": {
            "intv_type": "do",
            "inode": 1,
            "new_mui": 10.0,
            "true_params": {
                "Si": [
                    [
                        0.9999999999999987,
                        0.0,
                        3.9823218148065687,
                        -36.98516436049605
                    ],
                    [
                        0.0,
                        0.0,
                        0.0,
                        0.0
                    ],
                    [
                        3.9823218148065687,
                        0.0,
                        16.8588870366843,
                        -156.57416376257663
                    ],
                    [
                        -36.98516436049605,
                        0.0,
                        -156.57416376257663,
                        1455.1570095704083
                    ]
                ],
                "mui": [
                    0.5000000000000263,
                    10.000000000000007,
                    -83.42724344088622,
                    729.3506575784834
                ],
                "Ai": [
                    [
                        0.0,
                        0.0,
                        0.0,
                        0.0
                    ],
                    [
                        0.0,
                        0.0,
                        0.0,
                        0.0
                    ],
                    [
                        3.982321814806574,
                        -8.591840434828955,
                        0.0,
                        0.0
                    ],
                    [
                        -0.0,
                        -4.596625935974895,
                        -9.28733690556661,
                        0.0
                    ]
                ]
            },
            "est_params": {
                "mui": [
                    0.5896695764063917,
                    10.000000000000004,
                    -83.05129439901575,
                    725.8091748054885
                ],
                "Si": [
                    [
                        0.8292726856467676,
                        1.05962940025637e-30,
                        3.2505780586918354,
                        -30.173099137064664
                    ],
                    [
                        1.0441603579168611e-30,
                        1e-06,
                        -2.844447505388941e-28,
                        1.5409641216925426e-27
                    ],
                    [
                        3.2505780586918354,
                        -2.841663077767829e-28,
                        13.783058444037568,
                        -128.02398915608265
                    ],
                    [
                        -30.173099137064664,
                        1.541459131047407e-27,
                        -128.02398915608265,
                        1190.060218254431
                    ]
                ]
            },
            "est_tgt": [
                1,
                2
            ]
        },
        "2": {
            "intv_type": "do",
            "inode": 2,
            "new_mui": 10.0,
            "true_params": {
                "Si": [
                    [
                        1.0,
                        10.25317564873296,
                        0.0,
                        -47.130013113072145
                    ],
                    [
                        10.25317564873296,
                        106.12761088377054,
                        0.0,
                        -487.82892871139126
                    ],
                    [
                        0.0,
                        0.0,
                        0.0,
                        0.0
                    ],
                    [
                        -47.130013113072145,
                        -487.82892871139126,
                        0.0,
                        2243.3671060336296
                    ]
                ],
                "mui": [
                    0.5,
                    5.62658782436648,
                    10.0,
                    -118.23668858018962
                ],