{
    "expt_args": {
        "save_dir": "expt_logs_29.04.24-3",
        "exp_name": "144",
        "num_nodes": 4,
        "obs_noise_mean": 0.5,
        "obs_noise_var": 1.0,
        "max_edge_strength": 20.0,
        "num_parents": 2,
        "new_noise_mean": 10.0,
        "mix_samples": 1024,
        "stage2_samples": 1024,
        "intv_targets": [
            0,
            1,
            2,
            3
        ]
    },
    "intv_args_dict": {
        "0": {
            "intv_type": "do",
            "inode": 0,
            "new_mui": 10.0,
            "true_params": {
                "Si": [
                    [
                        1.1248323587054962e-33,
                        3.3538520520522307e-17,
                        -3.270278284627675e-16,
                        -4.355971938161747e-15
                    ],
                    [
                        3.3538520520522307e-17,
                        0.9999999999999996,
                        -9.750812599579586,
                        -129.87966882726133
                    ],
                    [
                        -3.270278284627675e-16,
                        -9.750812599579586,
                        96.07834635212004,
                        1279.7521927785062
                    ],
                    [
                        -4.355971938161747e-15,
                        -129.87966882726133,
                        1279.7521927785062,
                        17047.14761914308
                    ]
                ],
                "mui": [
                    10.0,
                    -65.70584375186186,
                    579.380589527759,
                    7775.6177654355715
                ],
                "Ai": [
                    [
                        0.0,
                        0.0,
                        0.0,
                        0.0
                    ],
                    [
                        -6.620584375186187,
                        0.0,
                        0.0,
                        0.0
                    ],
                    [
                        -6.1804779593903625,
                        -9.75081259957959,
                        0.0,
                        0.0
                    ],
                    [
                        5.783694147088868,
                        0.0,
                        13.319881548422043,
                        0.0
                    ]
                ]
            },
            "est_params": {
                "mui": [
                    -0.41869702228269823,
                    3.530052823874731,
                    -31.482388423528487,
                    -421.12913732763
                ],
                "Si": [
                    [
                        0.4305514985421559,
                        -2.6785357932055778,
                        23.457595554049885,
                        315.0146062140624
                    ],
                    [
                        -2.6785357932055778,
                        18.213246583681666,
                        -161.20266108003906,
                        -2163.0910986438116
                    ],
                    [
                        23.457595554049885,
                        -161.20266108003906,
                        1429.0795468218816,
                        19174.290212621523
                    ],
                    [
                        315.01460621406244,
                        -2163.0910986438116,
                        19174.290212621523,
                        257268.7193575576
                    ]
                ]
            },
            "est_tgt": [
                0
            ]
        },
        "1": {
            "intv_type": "do",
            "inode": 1,
            "new_mui": 10.0,
            "true_params": {
                "Si": [
                    [
                        1.0000000000000058,
                        -1.557385522120052e-15,
                        -6.180477959390383,
                        -76.53954018462419
                    ],
                    [
                        -1.557385522120052e-15,
                        2.4254496645091326e-30,
                        9.625386893736608e-15,
                        1.1920157175325893e-13
                    ],
                    [
                        -6.180477959390383,
                        9.625386893736608e-15,
                        39.198307806510094,
                        486.3708226813636
                    ],
                    [
                        -76.53954018462419,
                        1.1920157175325893e-13,
                        486.3708226813636,
                        6036.72045613766
                    ]
                ],
                "mui": [
                    0.5000000000000445,
                    9.999999999999979,
                    -100.09836497549114,
                    -1329.9065175907149
                ],
                "Ai": [
                    [
                        0.0,
                        0.0,
                        0.0,
                        0.0
                    ],
                    [
                        0.0,
                        0.0,
                        0.0,
                        0.0
                    ],
                    [
                        -6.1804779593903625,
                        -9.75081259957959,
                        0.0,
                        0.0
                    ],
                    [
                        5.783694147088868,
                        0.0,
                        13.319881548422043,
                        0.0
                    ]
                ]
            },
            "est_params": {
                "mui": [
                    10.0,
                    -65.67025183610068,
                    579.1034276539401,
                    7771.947208483286
                ],
                "Si": [
                    [
                        1e-06,
                        0.0,
                        0.0,
                        0.0
                    ],
                    [
                        0.0,
                        0.9047468299128856,
                        -8.814304858812806,
                        -117.33807289967899
                    ],
                    [
                        0.0,
                        -8.814304858812806,
                        86.67270696178369,
                        1153.843200391438
                    ],
                    [
                        0.0,
                        -117.33807289967899,
                        1153.843200391438,
                        15361.509255260968
                    ]
                ]
            },
            "est_tgt": [
                0
            ]
        },
        "2": {
            "intv_type": "do",
            "inode": 2,
            "new_mui": 10.0,
            "true_params": {
                "Si": [
                    [
                        1.0,
                        -6.620584375186187,
                        -4.82075639047144e-17,
                        5.783694147088868
                    ],
                    [
                        -6.620584375186187,
                        44.83213746895947,
                        3.1916224435334176e-16,
                        -38.29143510107236
                    ],
                    [
                        -4.82075639047144e-17,
                        3.1916224435334176e-16,
                        2.323969217627123e-33,
                        -2.7881780520110925e-16
                    ],
                    [
                        5.783694147088868,
                        -38.29143510107236,
                        -2.7881780520110925e-16,
                        34.45111798707003
                    ]
                ],