{
    "expt_args": {
        "save_dir": "expt_logs_29.04.24-3",
        "exp_name": "97",
        "num_nodes": 4,
        "obs_noise_mean": 0.5,
        "obs_noise_var": 1.0,
        "max_edge_strength": 20.0,
        "num_parents": 2,
        "new_noise_mean": 10.0,
        "mix_samples": 2048,
        "stage2_samples": 2048,
        "intv_targets": [
            0,
            1,
            2,
            3
        ]
    },
    "intv_args_dict": {
        "0": {
            "intv_type": "do",
            "inode": 0,
            "new_mui": 10.0,
            "true_params": {
                "Si": [
                    [
                        7.877267744089237e-32,
                        -2.802494623369698e-16,
                        -3.285378942307144e-15,
                        -9.472403984518907e-15
                    ],
                    [
                        -2.802494623369698e-16,
                        0.9999999999999978,
                        11.668594542242712,
                        33.563113961182005
                    ],
                    [
                        -3.285378942307144e-15,
                        11.668594542242712,
                        137.1560985912567,
                        395.98249450906803
                    ],
                    [
                        -9.472403984518907e-15,
                        33.563113961182005,
                        395.98249450906803,
                        1146.3888195349691
                    ]
                ],
                "mui": [
                    10.000000000000016,
                    47.74165695436308,
                    494.19319397980297,
                    1329.427441135944
                ],
                "Ai": [
                    [
                        0.0,
                        0.0,
                        0.0,
                        0.0
                    ],
                    [
                        4.72416569543631,
                        0.0,
                        0.0,
                        0.0
                    ],
                    [
                        -6.338484379550284,
                        11.668594542242735,
                        0.0,
                        0.0
                    ],
                    [
                        0.0,
                        -17.173406762702836,
                        4.3481261209486854,
                        0.0
                    ]
                ]
            },
            "est_params": {
                "mui": [
                    10.000000000000005,
                    47.71664984164282,
                    493.9322247383204,
                    1328.7550179137886
                ],
                "Si": [
                    [
                        1e-06,
                        5.33262256908326e-29,
                        1.3780879250288313e-27,
                        -2.1626747085726556e-27
                    ],
                    [
                        5.33262256908326e-29,
                        0.9234137195783793,
                        10.79678061118887,
                        31.058937654825538
                    ],
                    [
                        1.3780879250288313e-27,
                        10.79678061118887,
                        127.30075313416948,
                        367.741998293601
                    ],
                    [
                        -2.1626747085726556e-27,
                        31.058937654825538,
                        367.741998293601,
                        1065.585171360686
                    ]
                ]
            },
            "est_tgt": [
                0
            ]
        },
        "1": {
            "intv_type": "do",
            "inode": 1,
            "new_mui": 10.0,
            "true_params": {
                "Si": [
                    [
                        0.9999999999999998,
                        -2.0687297097721319e-16,
                        -6.338484379550285,
                        -27.56052949794781
                    ],
                    [
                        -2.0687297097721319e-16,
                        4.27964261209389e-32,
                        1.3112610950902255e-15,
                        5.701528618945587e-15
                    ],
                    [
                        -6.338484379550285,
                        1.3112610950902255e-15,
                        41.17638422980297,
                        179.04011183582577
                    ],
                    [
                        -27.56052949794781,
                        5.701528618945587e-15,
                        179.04011183582577,
                        779.4889869709278
                    ]
                ],
                "mui": [
                    0.49999999999999994,
                    10.000000000000002,
                    114.01670323265222,
                    324.5249379233212
                ],
                "Ai": [
                    [
                        0.0,
                        0.0,
                        0.0,
                        0.0
                    ],
                    [
                        0.0,
                        0.0,
                        0.0,
                        0.0
                    ],
                    [
                        -6.338484379550284,
                        11.668594542242735,
                        0.0,
                        0.0
                    ],
                    [
                        0.0,
                        -17.173406762702836,
                        4.3481261209486854,
                        0.0
                    ]
                ]
            },
            "est_params": {
                "mui": [
                    0.45973298335439705,
                    10.000000000000002,
                    114.27949704994222,
                    325.70002402683406
                ],
                "Si": [
                    [
                        1.0566192637530358,
                        -1.3015312147814095e-17,
                        -6.693417797027781,
                        -29.106905357743763
                    ],
                    [
                        -1.3015312147814095e-17,
                        1e-06,
                        8.589901421526972e-17,
                        3.708341062817856e-16
                    ],
                    [
                        -6.693417797027781,
                        8.589901421526972e-17,
                        43.390259650059896,
                        188.6369372393691
                    ],
                    [
                        -29.106905357743763,
                        3.708341062817856e-16,
                        188.6369372393691,
                        821.1803962427546
                    ]
                ]
            },
            "est_tgt": [
                1
            ]
        },
        "2": {
            "intv_type": "do",
            "inode": 2,
            "new_mui": 10.0,
            "true_params": {
                "Si": [
                    [
                        1.0,
                        4.72416569543631,
                        0.0,
                        -81.13001910213467
                    ],
                    [
                        4.72416569543631,
                        23.31774151793723,
                        0.0,
                        -400.44505987509996
                    ],
                    [
                        0.0,
                        0.0,
                        0.0,
                        0.0
                    ],
                    [
                        -81.13001910213467,
                        -400.44505987509996,
                        0.0,
                        6878.005899349984
                    ]
                ],