{
    "expt_args": {
        "exp_name": "4",
        "num_nodes": 4,
        "obs_noise_mean": 0.5,
        "obs_noise_var": 1.0,
        "max_edge_strength": 10,
        "num_parents": 2,
        "new_noise_mean": 10.0,
        "mix_samples": 16384,
        "stage2_samples": 16384,
        "intv_targets": [
            0,
            1,
            2,
            3
        ]
    },
    "intv_args_dict": {
        "0": {
            "intv_type": "do",
            "inode": 0,
            "new_mui": 10.0,
            "true_params": {
                "Si": [
                    [
                        7.354150262318164e-32,
                        -2.7069016373355253e-16,
                        -1.1169141173974695e-15,
                        7.98106743799506e-15
                    ],
                    [
                        -2.7069016373355253e-16,
                        1.0000000000000022,
                        4.186687553568602,
                        -29.851208185300845
                    ],
                    [
                        -1.1169141173974695e-15,
                        4.186687553568602,
                        18.52835267120621,
                        -131.0432980317831
                    ],
                    [
                        7.98106743799506e-15,
                        -29.851208185300845,
                        -131.0432980317831,
                        928.8863307769826
                    ]
                ],
                "mui": [
                    10.000000000000004,
                    -21.628249637103284,
                    -57.23909836390801,
                    444.0738470442707
                ],
                "Ai": [
                    [
                        0.0,
                        0.0,
                        0.0,
                        0.0
                    ],
                    [
                        -2.212824963710327,
                        0.0,
                        0.0,
                        0.0
                    ],
                    [
                        3.281162519722673,
                        4.186687553568594,
                        0.0,
                        0.0
                    ],
                    [
                        0.0,
                        -4.456368070604318,
                        -6.065616263399152,
                        0.0
                    ]
                ]
            },
            "est_params": {
                "mui": [
                    10.000000000000002,
                    -21.629614938047887,
                    -57.232217285603404,
                    444.0208493130378
                ],
                "Si": [
                    [
                        1e-06,
                        -1.169990801286011e-17,
                        -4.9917731654757943e-17,
                        3.5482373459073954e-16
                    ],
                    [
                        -1.169990801286011e-17,
                        1.0004133715713446,
                        4.2022527308108675,
                        -29.962326496898246
                    ],
                    [
                        -4.9917731654757943e-17,
                        4.2022527308108675,
                        18.624442166481,
                        -131.75373779347922
                    ],
                    [
                        3.5482373459073954e-16,
                        -29.962326496898246,
                        -131.75373779347922,
                        934.0909351634508
                    ]
                ]
            },
            "est_tgt": [
                0
            ]
        },
        "1": {
            "intv_type": "do",
            "inode": 1,
            "new_mui": 10.0,
            "true_params": {
                "Si": [
                    [
                        1.0,
                        -5.097216732978676e-32,
                        3.281162519722673,
                        -19.90227274248559
                    ],
                    [
                        -5.097216732978676e-32,
                        3.9868997231729727e-32,
                        1.9930544461954223e-16,
                        -1.2210073284017157e-15
                    ],
                    [
                        3.281162519722673,
                        1.9930544461954223e-16,
                        11.766027480832843,
                        -71.36820764334105
                    ],
                    [
                        -19.90227274248559,
                        -1.2210073284017157e-15,
                        -71.36820764334105,
                        433.89216097109716
                    ]
                ],
                "mui": [
                    0.49999999999998634,
                    10.00000000000001,
                    44.00745679554727,
                    -310.9960263559503
                ],
                "Ai": [
                    [
                        0.0,
                        0.0,
                        0.0,
                        0.0
                    ],
                    [
                        0.0,
                        0.0,
                        0.0,
                        0.0
                    ],
                    [
                        3.281162519722673,
                        4.186687553568594,
                        0.0,
                        0.0
                    ],
                    [
                        0.0,
                        -4.456368070604318,
                        -6.065616263399152,
                        0.0
                    ]
                ]
            },
            "est_params": {
                "mui": [
                    0.5012310293812499,
                    9.999999999999995,
                    44.01450239884793,
                    -311.0371399934997
                ],
                "Si": [
                    [
                        0.9551329236421928,
                        7.50525546654083e-30,
                        3.1351703258372163,
                        -18.994078814798314
                    ],
                    [
                        7.459021859970764e-30,
                        1e-06,
                        6.225817460725184e-28,
                        -3.749483848023651e-27
                    ],
                    [
                        3.1351703258372168,
                        6.226742132856585e-28,
                        11.297411243527756,
                        -68.45216219322118
                    ],
                    [
                        -18.994078814798314,
                        -3.750470164963812e-27,
                        -68.45216219322118,
                        415.7585317412158
                    ]
                ]
            },
            "est_tgt": [
                1
            ]
        },
        "2": {
            "intv_type": "do",
            "inode": 2,
            "new_mui": 10.0,
            "true_params": {
                "Si": [
                    [
                        1.0,
                        -2.212824963710327,
                        0.0,
                        9.861162514114861
                    ],
                    [
                        -2.212824963710327,
                        5.89659432001961,
                        0.0,
                        -26.277394653042172
                    ],
                    [
                        0.0,
                        0.0,
                        0.0,
                        0.0
                    ],
                    [
                        9.861162514114861,
                        -26.277394653042172,
                        0.0,
                        118.10174251048578
                    ]
                ],