{
    "expt_args": {
        "save_dir": "expt_logs_30.04.24-test",
        "exp_name": "126",
        "num_nodes": 4,
        "obs_noise_mean": 0.0,
        "obs_noise_var": 1.0,
        "max_edge_strength": 1.0,
        "graph_sparsity_method": "num_parents",
        "adj_dense_prop": null,
        "num_parents": 2,
        "new_noise_mean": 1.0,
        "mix_samples": 65536,
        "stage2_samples": 65536,
        "gmm_tol": 0.001,
        "intv_targets": [
            0,
            1,
            2,
            3
        ]
    },
    "intv_args_dict": {
        "0": {
            "intv_type": "do",
            "inode": 0,
            "new_mui": 1.0,
            "true_params": {
                "Si": [
                    [
                        0.0,
                        0.0,
                        0.0,
                        0.0
                    ],
                    [
                        0.0,
                        1.0,
                        0.6510824834765887,
                        -0.5032887377895698
                    ],
                    [
                        0.0,
                        0.6510824834765887,
                        1.4239084002900424,
                        -0.3276824813058308
                    ],
                    [
                        0.0,
                        -0.5032887377895698,
                        -0.3276824813058308,
                        1.2532995535858185
                    ]
                ],
                "mui": [
                    1.0,
                    0.6015896772851552,
                    -0.26161867649981907,
                    0.34220108579822794
                ],
                "Ai": [
                    [
                        0.0,
                        0.0,
                        0.0,
                        0.0
                    ],
                    [
                        0.6015896772851552,
                        0.0,
                        0.0,
                        0.0
                    ],
                    [
                        -0.6533031776205175,
                        0.6510824834765887,
                        0.0,
                        0.0
                    ],
                    [
                        0.6449743951463084,
                        -0.5032887377895698,
                        0.0,
                        0.0
                    ]
                ]
            },
            "est_params": {
                "mui": [
                    0.9999998752496129,
                    0.6034898590941732,
                    -0.26174019190619413,
                    0.34534793362631144
                ],
                "Si": [
                    [
                        1.0099744569551137e-06,
                        5.720210835297852e-07,
                        9.480785675808246e-07,
                        -1.0069471759230188e-06
                    ],
                    [
                        5.720210835297851e-07,
                        0.9899929086998281,
                        0.646355089244538,
                        -0.48213025215586325
                    ],
                    [
                        9.480785675808246e-07,
                        0.646355089244538,
                        1.4010923507944697,
                        -0.323355358961891
                    ],
                    [
                        -1.006947175923019e-06,
                        -0.48213025215586325,
                        -0.323355358961891,
                        1.234358636621986
                    ]
                ]
            },
            "est_tgt": [
                0
            ]
        },
        "1": {
            "intv_type": "do",
            "inode": 1,
            "new_mui": 1.0,
            "true_params": {
                "Si": [
                    [
                        1.0,
                        0.0,
                        -0.6533031776205175,
                        0.6449743951463084
                    ],
                    [
                        0.0,
                        0.0,
                        0.0,
                        0.0
                    ],
                    [
                        -0.6533031776205175,
                        0.0,
                        1.4268050418890654,
                        -0.42136382183295457
                    ],
                    [
                        0.6449743951463084,
                        0.0,
                        -0.42136382183295457,
                        1.4159919703943464
                    ]
                ],
                "mui": [
                    0.0,
                    1.0,
                    0.6510824834765887,
                    -0.5032887377895698
                ],
                "Ai": [
                    [
                        0.0,
                        0.0,
                        0.0,
                        0.0
                    ],
                    [
                        0.0,
                        0.0,
                        0.0,
                        0.0
                    ],
                    [
                        -0.6533031776205175,
                        0.6510824834765887,
                        0.0,
                        0.0
                    ],
                    [
                        0.6449743951463084,
                        -0.5032887377895698,
                        0.0,
                        0.0
                    ]
                ]
            },
            "est_params": {
                "mui": [
                    -0.002479301488098975,
                    0.9999981571984469,
                    0.6574789118336735,
                    -0.5009716130352277
                ],
                "Si": [
                    [
                        0.9884340318383715,
                        -1.1899447729722653e-06,
                        -0.6385126294127974,
                        0.6472746315340401
                    ],
                    [
                        -1.1899447729722653e-06,
                        1.0102028654468848e-06,
                        2.1030074200404334e-06,
                        -6.04181939267895e-07
                    ],
                    [
                        -0.6385126294127974,
                        2.1030074200404334e-06,
                        1.4153509405826632,
                        -0.4102140723481247
                    ],
                    [
                        0.6472746315340401,
                        -6.04181939267895e-07,
                        -0.4102140723481247,
                        1.411667977235883
                    ]
                ]
            },
            "est_tgt": [
                1
            ]
        },
        "2": {
            "intv_type": "do",
            "inode": 2,
            "new_mui": 1.0,
            "true_params": {
                "Si": [
                    [
                        1.0,
                        0.6015896772851552,
                        0.0,
                        0.34220108579822794
                    ],
                    [
                        0.6015896772851552,
                        1.3619101398160571,
                        0.0,
                        -0.2974240970175842
                    ],
                    [
                        0.0,
                        0.0,
                        0.0,
                        0.0
                    ],
                    [
                        0.34220108579822794,
                        -0.2974240970175842,
                        0.0,
                        1.3704011367073046
                    ]
                ],
                "mui": [
                    0.0,
                    0.0,
                    1.0,
                    0.0
                ],