{
    "expt_args": {
        "save_dir": "expt_logs_30.04.24-test",
        "exp_name": "146",
        "num_nodes": 4,
        "obs_noise_mean": 0.0,
        "obs_noise_var": 1.0,
        "max_edge_strength": 1.0,
        "graph_sparsity_method": "num_parents",
        "adj_dense_prop": null,
        "num_parents": 2,
        "new_noise_mean": 1.0,
        "mix_samples": 4096,
        "stage2_samples": 4096,
        "gmm_tol": 0.001,
        "intv_targets": [
            0,
            1,
            2,
            3
        ]
    },
    "intv_args_dict": {
        "0": {
            "intv_type": "do",
            "inode": 0,
            "new_mui": 1.0,
            "true_params": {
                "Si": [
                    [
                        0.0,
                        0.0,
                        0.0,
                        0.0
                    ],
                    [
                        0.0,
                        1.0,
                        0.6247256729401061,
                        -0.43723557854618106
                    ],
                    [
                        0.0,
                        0.6247256729401061,
                        1.3902821664304683,
                        -0.9730364121596501
                    ],
                    [
                        0.0,
                        -0.43723557854618106,
                        -0.9730364121596501,
                        1.6810127341411714
                    ]
                ],
                "mui": [
                    1.0,
                    -0.6633864013293541,
                    -1.0924365403477234,
                    1.6429931868682108
                ],
                "Ai": [
                    [
                        0.0,
                        0.0,
                        0.0,
                        0.0
                    ],
                    [
                        -0.6633864013293541,
                        0.0,
                        0.0,
                        0.0
                    ],
                    [
                        -0.6780020243579274,
                        0.6247256729401061,
                        0.0,
                        0.0
                    ],
                    [
                        0.8784141989486302,
                        -0.0,
                        -0.6998841211190305,
                        0.0
                    ]
                ]
            },
            "est_params": {
                "mui": [
                    1.0000028626447037,
                    -0.6974489482596747,
                    -1.10625056813413,
                    1.598676866982146
                ],
                "Si": [
                    [
                        1.0086436750773948e-06,
                        -1.5260794732359138e-06,
                        -1.9475064943711233e-06,
                        -8.517159234439372e-07
                    ],
                    [
                        -1.5260794732359138e-06,
                        1.0249852886735809,
                        0.6576236297656533,
                        -0.3669157210741252
                    ],
                    [
                        -1.9475064943711233e-06,
                        0.6576236297656534,
                        1.3260221191458967,
                        -0.8826616484220701
                    ],
                    [
                        -8.517159234439372e-07,
                        -0.3669157210741252,
                        -0.8826616484220702,
                        1.5801498521033204
                    ]
                ]
            },
            "est_tgt": [
                0,
                2
            ]
        },
        "1": {
            "intv_type": "do",
            "inode": 1,
            "new_mui": 1.0,
            "true_params": {
                "Si": [
                    [
                        1.0,
                        0.0,
                        -0.6780020243579274,
                        1.3529370498833018
                    ],
                    [
                        0.0,
                        0.0,
                        0.0,
                        0.0
                    ],
                    [
                        -0.6780020243579274,
                        0.0,
                        1.4596867450334476,
                        -1.6171781797687514
                    ],
                    [
                        1.3529370498833018,
                        0.0,
                        -1.6171781797687514,
                        3.3202764439414896
                    ]
                ],
                "mui": [
                    0.0,
                    1.0,
                    0.6247256729401061,
                    -0.43723557854618106
                ],
                "Ai": [
                    [
                        0.0,
                        0.0,
                        0.0,
                        0.0
                    ],
                    [
                        0.0,
                        0.0,
                        0.0,
                        0.0
                    ],
                    [
                        -0.6780020243579274,
                        0.6247256729401061,
                        0.0,
                        0.0
                    ],
                    [
                        0.8784141989486302,
                        -0.0,
                        -0.6998841211190305,
                        0.0
                    ]
                ]
            },
            "est_params": {
                "mui": [
                    -0.0540572915702884,
                    1.0000031109339358,
                    0.7463389097075876,
                    -0.5618202682035242
                ],
                "Si": [
                    [
                        1.0037870202146326,
                        -4.110539679246874e-06,
                        -0.658477386326036,
                        1.3357288733838544
                    ],
                    [
                        -4.110539679246874e-06,
                        1.0130143489720586e-06,
                        6.466635234714364e-06,
                        -4.522517703989463e-06
                    ],
                    [
                        -0.658477386326036,
                        6.466635234714364e-06,
                        1.3987837701234298,
                        -1.4697772787662402
                    ],
                    [
                        1.3357288733838544,
                        -4.522517703989464e-06,
                        -1.4697772787662402,
                        3.2281182077667605
                    ]
                ]
            },
            "est_tgt": [
                1,
                2,
                3
            ]
        },
        "2": {
            "intv_type": "do",
            "inode": 2,
            "new_mui": 1.0,
            "true_params": {
                "Si": [
                    [
                        1.0,
                        -0.6633864013293541,
                        0.0,
                        0.8784141989486302
                    ],
                    [
                        -0.6633864013293541,
                        1.440081517468711,
                        0.0,
                        -0.582728034317139
                    ],
                    [
                        0.0,
                        0.0,
                        0.0,
                        0.0
                    ],
                    [
                        0.8784141989486302,
                        -0.582728034317139,
                        0.0,
                        1.7716115049145635
                    ]
                ],