{
    "expt_args": {
        "save_dir": "expt_logs_30.04.24-test",
        "exp_name": "96",
        "num_nodes": 4,
        "obs_noise_mean": 0.0,
        "obs_noise_var": 1.0,
        "max_edge_strength": 1.0,
        "graph_sparsity_method": "num_parents",
        "adj_dense_prop": null,
        "num_parents": 2,
        "new_noise_mean": 1.0,
        "mix_samples": 1024,
        "stage2_samples": 1024,
        "gmm_tol": 0.001,
        "intv_targets": [
            0,
            1,
            2,
            3
        ]
    },
    "intv_args_dict": {
        "0": {
            "intv_type": "do",
            "inode": 0,
            "new_mui": 1.0,
            "true_params": {
                "Si": [
                    [
                        0.0,
                        0.0,
                        0.0,
                        0.0
                    ],
                    [
                        0.0,
                        1.0,
                        0.6955283544791484,
                        -0.999636354107093
                    ],
                    [
                        0.0,
                        0.6955283544791484,
                        1.483759691884472,
                        -0.6952754284496416
                    ],
                    [
                        0.0,
                        -0.999636354107093,
                        -0.6952754284496416,
                        1.9992728404525213
                    ]
                ],
                "mui": [
                    1.0,
                    -0.6363722335886125,
                    0.23529540418481598,
                    -0.28705563708465576
                ],
                "Ai": [
                    [
                        0.0,
                        0.0,
                        0.0,
                        0.0
                    ],
                    [
                        -0.6363722335886125,
                        0.0,
                        0.0,
                        0.0
                    ],
                    [
                        0.6779103366489239,
                        0.6955283544791484,
                        0.0,
                        0.0
                    ],
                    [
                        -0.9231964565241637,
                        -0.999636354107093,
                        0.0,
                        0.0
                    ]
                ]
            },
            "est_params": {
                "mui": [
                    0.9999966340604497,
                    -0.645205324436855,
                    0.12185040075604336,
                    -0.3642853822643984
                ],
                "Si": [
                    [
                        1.0050736734733693e-06,
                        -3.463868217083056e-06,
                        -2.9357521344285272e-06,
                        7.104832946177627e-06
                    ],
                    [
                        -3.4638682170830556e-06,
                        0.9958921963053079,
                        0.5978985163762854,
                        -1.0241904020508743
                    ],
                    [
                        -2.9357521344285272e-06,
                        0.5978985163762854,
                        1.1947721829900382,
                        -0.5775663017689351
                    ],
                    [
                        7.104832946177629e-06,
                        -1.0241904020508743,
                        -0.5775663017689351,
                        1.962748447259786
                    ]
                ]
            },
            "est_tgt": [
                0
            ]
        },
        "1": {
            "intv_type": "do",
            "inode": 1,
            "new_mui": 1.0,
            "true_params": {
                "Si": [
                    [
                        1.0,
                        0.0,
                        0.6779103366489239,
                        -0.9231964565241637
                    ],
                    [
                        0.0,
                        0.0,
                        0.0,
                        0.0
                    ],
                    [
                        0.6779103366489239,
                        0.0,
                        1.4595624245354573,
                        -0.6258444206353895
                    ],
                    [
                        -0.9231964565241637,
                        0.0,
                        -0.6258444206353895,
                        1.8522916973387722
                    ]
                ],
                "mui": [
                    0.0,
                    1.0,
                    0.6955283544791484,
                    -0.999636354107093
                ],
                "Ai": [
                    [
                        0.0,
                        0.0,
                        0.0,
                        0.0
                    ],
                    [
                        0.0,
                        0.0,
                        0.0,
                        0.0
                    ],
                    [
                        0.6779103366489239,
                        0.6955283544791484,
                        0.0,
                        0.0
                    ],
                    [
                        -0.9231964565241637,
                        -0.999636354107093,
                        0.0,
                        0.0
                    ]
                ]
            },
            "est_params": {
                "mui": [
                    0.03878461435658205,
                    0.9999998430259484,
                    0.7916121724343994,
                    -1.1678873674290202
                ],
                "Si": [
                    [
                        0.8996539771667665,
                        -7.830166798090478e-07,
                        0.7138835579328551,
                        -0.9310361013486719
                    ],
                    [
                        -7.830166798090479e-07,
                        1.0045712756741238e-06,
                        -3.271146150420847e-08,
                        -4.420196156258514e-08
                    ],
                    [
                        0.7138835579328551,
                        -3.271146150420849e-08,
                        1.6504385305630174,
                        -0.7411497690962395
                    ],
                    [
                        -0.931036101348672,
                        -4.420196156258548e-08,
                        -0.7411497690962395,
                        1.9356445187681093
                    ]
                ]
            },
            "est_tgt": [
                1,
                3
            ]
        },
        "2": {
            "intv_type": "do",
            "inode": 2,
            "new_mui": 1.0,
            "true_params": {
                "Si": [
                    [
                        1.0,
                        -0.6363722335886125,
                        0.0,
                        -0.28705563708465576
                    ],
                    [
                        -0.6363722335886125,
                        1.4049696196825596,
                        0.0,
                        -0.8169621171713284
                    ],
                    [
                        0.0,
                        0.0,
                        0.0,
                        0.0
                    ],
                    [
                        -0.28705563708465576,
                        -0.8169621171713284,
                        0.0,
                        2.081673779234599
                    ]
                ],
                "mui": [
                    0.0,
                    0.0,
                    1.0,
                    0.0
                ],