{
    "expt_args": {
        "save_dir": "expt_logs_30.04.24-test",
        "exp_name": "48",
        "num_nodes": 4,
        "obs_noise_mean": 0.0,
        "obs_noise_var": 1.0,
        "max_edge_strength": 1.0,
        "graph_sparsity_method": "num_parents",
        "adj_dense_prop": null,
        "num_parents": 2,
        "new_noise_mean": 1.0,
        "mix_samples": 1024,
        "stage2_samples": 1024,
        "gmm_tol": 0.001,
        "intv_targets": [
            0,
            1,
            2,
            3
        ]
    },
    "intv_args_dict": {
        "0": {
            "intv_type": "do",
            "inode": 0,
            "new_mui": 1.0,
            "true_params": {
                "Si": [
                    [
                        0.0,
                        0.0,
                        0.0,
                        0.0
                    ],
                    [
                        0.0,
                        1.0,
                        0.9470397711540757,
                        1.119414146828131
                    ],
                    [
                        0.0,
                        0.9470397711540757,
                        1.896884328147564,
                        1.6260033394621165
                    ],
                    [
                        0.0,
                        1.119414146828131,
                        1.6260033394621165,
                        2.5733009882207982
                    ]
                ],
                "mui": [
                    1.0,
                    0.9076184268575185,
                    0.14168183083516606,
                    0.6097778230672849
                ],
                "Ai": [
                    [
                        0.0,
                        0.0,
                        0.0,
                        0.0
                    ],
                    [
                        0.9076184268575185,
                        0.0,
                        0.0,
                        0.0
                    ],
                    [
                        -0.7178689164312004,
                        0.9470397711540757,
                        0.0,
                        0.0
                    ],
                    [
                        -0.0,
                        0.5835093213249918,
                        0.5658736220233687,
                        0.0
                    ]
                ]
            },
            "est_params": {
                "mui": [
                    0.9999947926644516,
                    0.8591912341313858,
                    -0.0045259684736103905,
                    0.4865858648879523
                ],
                "Si": [
                    [
                        1.021310656597622e-06,
                        -4.523714997019281e-06,
                        -9.049237544275856e-06,
                        -1.0475567116450684e-05
                    ],
                    [
                        -4.52371499701928e-06,
                        0.8484581571279635,
                        0.7889844622828784,
                        0.8741835772807882
                    ],
                    [
                        -9.049237544275854e-06,
                        0.7889844622828784,
                        1.6211282089443022,
                        1.3041611832923579
                    ],
                    [
                        -1.047556711645068e-05,
                        0.8741835772807882,
                        1.3041611832923576,
                        2.0417457050651486
                    ]
                ]
            },
            "est_tgt": [
                0
            ]
        },
        "1": {
            "intv_type": "do",
            "inode": 1,
            "new_mui": 1.0,
            "true_params": {
                "Si": [
                    [
                        1.0,
                        0.0,
                        -0.7178689164312004,
                        -0.4062230838789143
                    ],
                    [
                        0.0,
                        0.0,
                        0.0,
                        0.0
                    ],
                    [
                        -0.7178689164312004,
                        0.0,
                        1.5153357811781059,
                        0.8574885470768655
                    ],
                    [
                        -0.4062230838789143,
                        0.0,
                        0.8574885470768655,
                        1.4852301499779417
                    ]
                ],
                "mui": [
                    0.0,
                    1.0,
                    0.9470397711540757,
                    1.119414146828131
                ],
                "Ai": [
                    [
                        0.0,
                        0.0,
                        0.0,
                        0.0
                    ],
                    [
                        0.0,
                        0.0,
                        0.0,
                        0.0
                    ],
                    [
                        -0.7178689164312004,
                        0.9470397711540757,
                        0.0,
                        0.0
                    ],
                    [
                        -0.0,
                        0.5835093213249918,
                        0.5658736220233687,
                        0.0
                    ]
                ]
            },
            "est_params": {
                "mui": [
                    0.09012018887139911,
                    1.0000005286678109,
                    0.9110537044413448,
                    1.03407460602016
                ],
                "Si": [
                    [
                        1.0282326452036232,
                        1.700309163088803e-06,
                        -0.6960305789398459,
                        -0.5505255460138507
                    ],
                    [
                        1.700309163088803e-06,
                        1.004515677225781e-06,
                        -5.293264039006928e-07,
                        7.563933918183009e-07
                    ],
                    [
                        -0.6960305789398459,
                        -5.293264039006928e-07,
                        1.424585627580598,
                        0.9262624562496908
                    ],
                    [
                        -0.5505255460138507,
                        7.563933918183009e-07,
                        0.926262456249691,
                        1.7484783112353754
                    ]
                ]
            },
            "est_tgt": [
                1,
                2
            ]
        },
        "2": {
            "intv_type": "do",
            "inode": 2,
            "new_mui": 1.0,
            "true_params": {
                "Si": [
                    [
                        1.0,
                        0.9076184268575185,
                        0.0,
                        0.5296038122776873
                    ],
                    [
                        0.9076184268575185,
                        1.8237712087713165,
                        0.0,
                        1.0641875002822108
                    ],
                    [
                        0.0,
                        0.0,
                        0.0,
                        0.0
                    ],
                    [
                        0.5296038122776873,
                        1.0641875002822108,
                        0.0,
                        1.6209633260522125
                    ]
                ],
                "mui": [
                    0.0,
                    0.0,
                    1.0,
                    0.5658736220233687
                ],