{
    "expt_args": {
        "save_dir": "expt_logs_29.04.24-6",
        "exp_name": "170",
        "num_nodes": 4,
        "obs_noise_mean": 0.5,
        "obs_noise_var": 1.0,
        "max_edge_strength": 1.0,
        "num_parents": 2,
        "new_noise_mean": 10.0,
        "mix_samples": 4096,
        "stage2_samples": 4096,
        "intv_targets": [
            0,
            1,
            2,
            3
        ]
    },
    "intv_args_dict": {
        "0": {
            "intv_type": "do",
            "inode": 0,
            "new_mui": 10.0,
            "true_params": {
                "Si": [
                    [
                        0.0,
                        0.0,
                        0.0,
                        0.0
                    ],
                    [
                        0.0,
                        1.0,
                        -0.8320276594216315,
                        1.0598350388580922
                    ],
                    [
                        0.0,
                        -0.8320276594216315,
                        1.6922700260426384,
                        -1.3752827310396372
                    ],
                    [
                        0.0,
                        1.0598350388580922,
                        -1.3752827310396372,
                        2.366763606101711
                    ]
                ],
                "mui": [
                    10.0,
                    4.396667983051824,
                    1.5878706283210249,
                    2.57098580864881
                ],
                "Ai": [
                    [
                        0.0,
                        0.0,
                        0.0,
                        0.0
                    ],
                    [
                        0.3896667983051824,
                        0.0,
                        0.0,
                        0.0
                    ],
                    [
                        0.4746019999513659,
                        -0.8320276594216315,
                        0.0,
                        0.0
                    ],
                    [
                        -0.0,
                        0.6492537970593859,
                        -0.4934706642855049,
                        0.0
                    ]
                ]
            },
            "est_params": {
                "mui": [
                    10.0,
                    4.423281506026817,
                    1.5476358982698144,
                    2.6316185749657404
                ],
                "Si": [
                    [
                        1e-06,
                        0.0,
                        0.0,
                        0.0
                    ],
                    [
                        0.0,
                        0.8806831620782347,
                        -0.6854731385733985,
                        0.9014278200961946
                    ],
                    [
                        0.0,
                        -0.6854731385733985,
                        1.5651586601210383,
                        -1.2054831923546419
                    ],
                    [
                        0.0,
                        0.9014278200961946,
                        -1.2054831923546419,
                        2.167992343774178
                    ]
                ]
            },
            "est_tgt": [
                0
            ]
        },
        "1": {
            "intv_type": "do",
            "inode": 1,
            "new_mui": 10.0,
            "true_params": {
                "Si": [
                    [
                        1.0,
                        0.0,
                        0.4746019999513659,
                        -0.23420216418722972
                    ],
                    [
                        0.0,
                        0.0,
                        0.0,
                        0.0
                    ],
                    [
                        0.4746019999513659,
                        0.0,
                        1.2252470583578363,
                        -0.6046234798017023
                    ],
                    [
                        -0.23420216418722972,
                        0.0,
                        -0.6046234798017023,
                        1.2983639502203597
                    ]
                ],
                "mui": [
                    0.5,
                    10.0,
                    -7.582975594240632,
                    10.734513974344555
                ],
                "Ai": [
                    [
                        0.0,
                        0.0,
                        0.0,
                        0.0
                    ],
                    [
                        0.0,
                        0.0,
                        0.0,
                        0.0
                    ],
                    [
                        0.4746019999513659,
                        -0.8320276594216315,
                        0.0,
                        0.0
                    ],
                    [
                        -0.0,
                        0.6492537970593859,
                        -0.4934706642855049,
                        0.0
                    ]
                ]
            },
            "est_params": {
                "mui": [
                    0.48409369033928296,
                    10.0,
                    -7.581697618749585,
                    10.716085232182552
                ],
                "Si": [
                    [
                        1.0354155616035388,
                        0.0,
                        0.5146199292397805,
                        -0.20337638496413404
                    ],
                    [
                        0.0,
                        1e-06,
                        0.0,
                        0.0
                    ],
                    [
                        0.5146199292397805,
                        0.0,
                        1.2329275581549861,
                        -0.6516570421648945
                    ],
                    [
                        -0.20337638496413404,
                        0.0,
                        -0.6516570421648945,
                        1.415765280103551
                    ]
                ]
            },
            "est_tgt": [
                1
            ]
        },
        "2": {
            "intv_type": "do",
            "inode": 2,
            "new_mui": 10.0,
            "true_params": {
                "Si": [
                    [
                        1.0,
                        0.3896667983051824,
                        0.0,
                        0.25299264838761354
                    ],
                    [
                        0.3896667983051824,
                        1.1518402137014117,
                        0.0,
                        0.747836632351336
                    ],
                    [
                        0.0,
                        0.0,
                        0.0,
                        0.0
                    ],
                    [
                        0.25299264838761354,
                        0.747836632351336,
                        0.0,
                        1.485535773134209
                    ]
                ],
                "mui": [
                    0.5,
                    0.6948333991525912,
                    10.0,
                    -3.9835834201315503
                ],