{
    "expt_args": {
        "save_dir": "expt_logs_29.04.24-6",
        "exp_name": "124",
        "num_nodes": 4,
        "obs_noise_mean": 0.5,
        "obs_noise_var": 1.0,
        "max_edge_strength": 1.0,
        "num_parents": 2,
        "new_noise_mean": 10.0,
        "mix_samples": 16384,
        "stage2_samples": 16384,
        "intv_targets": [
            0,
            1,
            2,
            3
        ]
    },
    "intv_args_dict": {
        "0": {
            "intv_type": "do",
            "inode": 0,
            "new_mui": 10.0,
            "true_params": {
                "Si": [
                    [
                        0.0,
                        0.0,
                        0.0,
                        0.0
                    ],
                    [
                        0.0,
                        1.0,
                        0.8282888588828945,
                        -0.22834956352044714
                    ],
                    [
                        0.0,
                        0.8282888588828945,
                        1.6860624337495276,
                        -0.4648277188397645
                    ],
                    [
                        0.0,
                        -0.22834956352044714,
                        -0.4648277188397645,
                        1.1281475726383905
                    ]
                ],
                "mui": [
                    10.0,
                    -3.7585988862775466,
                    4.085318560903903,
                    -7.405877074254988
                ],
                "Ai": [
                    [
                        0.0,
                        0.0,
                        0.0,
                        0.0
                    ],
                    [
                        -0.4258598886277547,
                        0.0,
                        0.0,
                        0.0
                    ],
                    [
                        0.669852414341725,
                        0.8282888588828945,
                        0.0,
                        0.0
                    ],
                    [
                        -0.6779602465801899,
                        -0.0,
                        -0.27568831944500627,
                        0.0
                    ]
                ]
            },
            "est_params": {
                "mui": [
                    10.0,
                    -3.7724497350008517,
                    4.053157467547842,
                    -7.397720695962828
                ],
                "Si": [
                    [
                        1e-06,
                        0.0,
                        0.0,
                        0.0
                    ],
                    [
                        0.0,
                        1.015789309550359,
                        0.843803409078535,
                        -0.2649254054343458
                    ],
                    [
                        0.0,
                        0.843803409078535,
                        1.7354425364214603,
                        -0.5141290902852721
                    ],
                    [
                        0.0,
                        -0.2649254054343458,
                        -0.5141290902852721,
                        1.0959085060968203
                    ]
                ]
            },
            "est_tgt": [
                0
            ]
        },
        "1": {
            "intv_type": "do",
            "inode": 1,
            "new_mui": 10.0,
            "true_params": {
                "Si": [
                    [
                        1.0,
                        0.0,
                        0.669852414341725,
                        -0.8626307329662402
                    ],
                    [
                        0.0,
                        0.0,
                        0.0,
                        0.0
                    ],
                    [
                        0.669852414341725,
                        0.0,
                        1.448702256999438,
                        -0.8535235986078141
                    ],
                    [
                        -0.8626307329662402,
                        0.0,
                        -0.8535235986078141,
                        1.8201358309362845
                    ]
                ],
                "mui": [
                    0.5,
                    10.0,
                    9.117814795999807,
                    -2.3526551614100946
                ],
                "Ai": [
                    [
                        0.0,
                        0.0,
                        0.0,
                        0.0
                    ],
                    [
                        0.0,
                        0.0,
                        0.0,
                        0.0
                    ],
                    [
                        0.669852414341725,
                        0.8282888588828945,
                        0.0,
                        0.0
                    ],
                    [
                        -0.6779602465801899,
                        -0.0,
                        -0.27568831944500627,
                        0.0
                    ]
                ]
            },
            "est_params": {
                "mui": [
                    0.5214825004804597,
                    10.0,
                    9.146653629957024,
                    -2.3768688028135205
                ],
                "Si": [
                    [
                        1.0090114089894018,
                        0.0,
                        0.6767049998167003,
                        -0.8595328605587449
                    ],
                    [
                        0.0,
                        1e-06,
                        0.0,
                        0.0
                    ],
                    [
                        0.6767049998167003,
                        0.0,
                        1.455197283596603,
                        -0.859924640541461
                    ],
                    [
                        -0.8595328605587449,
                        0.0,
                        -0.859924640541461,
                        1.8324653197388596
                    ]
                ]
            },
            "est_tgt": [
                1,
                2,
                3
            ]
        },
        "2": {
            "intv_type": "do",
            "inode": 2,
            "new_mui": 10.0,
            "true_params": {
                "Si": [
                    [
                        1.0,
                        -0.4258598886277547,
                        0.0,
                        -0.6779602465801899
                    ],
                    [
                        -0.4258598886277547,
                        1.1813566447420436,
                        0.0,
                        0.2887160751026848
                    ],
                    [
                        0.0,
                        0.0,
                        0.0,
                        0.0
                    ],
                    [
                        -0.6779602465801899,
                        0.2887160751026848,
                        0.0,
                        1.459630095943072
                    ]
                ],
                "mui": [
                    0.5,
                    0.28707005568612265,
                    10.0,
                    -2.5958633177401573
                ],