{
    "expt_args": {
        "save_dir": "expt_logs_29.04.24-6",
        "exp_name": "195",
        "num_nodes": 4,
        "obs_noise_mean": 0.5,
        "obs_noise_var": 1.0,
        "max_edge_strength": 1.0,
        "num_parents": 2,
        "new_noise_mean": 10.0,
        "mix_samples": 8192,
        "stage2_samples": 8192,
        "intv_targets": [
            0,
            1,
            2,
            3
        ]
    },
    "intv_args_dict": {
        "0": {
            "intv_type": "do",
            "inode": 0,
            "new_mui": 10.0,
            "true_params": {
                "Si": [
                    [
                        0.0,
                        0.0,
                        0.0,
                        0.0
                    ],
                    [
                        0.0,
                        1.0,
                        -0.26627793715569636,
                        0.22390468533735775
                    ],
                    [
                        0.0,
                        -0.26627793715569636,
                        1.070903939815893,
                        -0.05962087773112691
                    ],
                    [
                        0.0,
                        0.22390468533735775,
                        -0.05962087773112691,
                        1.0501333081160211
                    ]
                ],
                "mui": [
                    10.0,
                    5.272222227417183,
                    -3.977265708352283,
                    7.694063385087181
                ],
                "Ai": [
                    [
                        0.0,
                        0.0,
                        0.0,
                        0.0
                    ],
                    [
                        0.4772222227417183,
                        0.0,
                        0.0,
                        0.0
                    ],
                    [
                        -0.3073389249409224,
                        -0.26627793715569636,
                        0.0,
                        0.0
                    ],
                    [
                        0.6013588126228713,
                        0.22390468533735775,
                        0.0,
                        0.0
                    ]
                ]
            },
            "est_params": {
                "mui": [
                    10.0,
                    5.291996386960792,
                    -4.004203952986248,
                    7.717510684717264
                ],
                "Si": [
                    [
                        1e-06,
                        0.0,
                        0.0,
                        0.0
                    ],
                    [
                        0.0,
                        1.0149812450037845,
                        -0.2556246886716664,
                        0.24460653968611668
                    ],
                    [
                        0.0,
                        -0.2556246886716664,
                        1.070991889336048,
                        -0.037611786038107685
                    ],
                    [
                        0.0,
                        0.24460653968611668,
                        -0.037611786038107685,
                        1.0886487614980769
                    ]
                ]
            },
            "est_tgt": [
                0
            ]
        },
        "1": {
            "intv_type": "do",
            "inode": 1,
            "new_mui": 10.0,
            "true_params": {
                "Si": [
                    [
                        1.0,
                        0.0,
                        -0.3073389249409224,
                        0.6013588126228713
                    ],
                    [
                        0.0,
                        0.0,
                        0.0,
                        0.0
                    ],
                    [
                        -0.3073389249409224,
                        0.0,
                        1.0944572147838418,
                        -0.18482097097526287
                    ],
                    [
                        0.6013588126228713,
                        0.0,
                        -0.18482097097526287,
                        1.3616324215191895
                    ]
                ],
                "mui": [
                    0.5,
                    10.0,
                    -2.3164488340274247,
                    3.039726259685013
                ],
                "Ai": [
                    [
                        0.0,
                        0.0,
                        0.0,
                        0.0
                    ],
                    [
                        0.0,
                        0.0,
                        0.0,
                        0.0
                    ],
                    [
                        -0.3073389249409224,
                        -0.26627793715569636,
                        0.0,
                        0.0
                    ],
                    [
                        0.6013588126228713,
                        0.22390468533735775,
                        0.0,
                        0.0
                    ]
                ]
            },
            "est_params": {
                "mui": [
                    0.484491324968652,
                    10.0,
                    -2.356534325987981,
                    3.004574425946546
                ],
                "Si": [
                    [
                        0.9640448881084054,
                        0.0,
                        -0.30695010388965155,
                        0.5751598224618478
                    ],
                    [
                        0.0,
                        1e-06,
                        0.0,
                        0.0
                    ],
                    [
                        -0.30695010388965155,
                        0.0,
                        1.1006661110360692,
                        -0.19409478882154824
                    ],
                    [
                        0.5751598224618478,
                        0.0,
                        -0.19409478882154824,
                        1.3332389135843827
                    ]
                ]
            },
            "est_tgt": [
                1
            ]
        },
        "2": {
            "intv_type": "do",
            "inode": 2,
            "new_mui": 10.0,
            "true_params": {
                "Si": [
                    [
                        1.0,
                        0.4772222227417183,
                        0.0,
                        0.7082111042418502
                    ],
                    [
                        0.4772222227417183,
                        1.2277410498785462,
                        0.0,
                        0.5618787626740203
                    ],
                    [
                        0.0,
                        0.0,
                        0.0,
                        0.0
                    ],
                    [
                        0.7082111042418502,
                        0.5618787626740203,
                        0.0,
                        1.551696276287482
                    ]
                ],
                "mui": [
                    0.5,
                    0.7386111113708591,
                    10.0,
                    0.9660578947896039
                ],