{
    "expt_args": {
        "save_dir": "expt_logs_29.04.24-6",
        "exp_name": "79",
        "num_nodes": 4,
        "obs_noise_mean": 0.5,
        "obs_noise_var": 1.0,
        "max_edge_strength": 1.0,
        "num_parents": 2,
        "new_noise_mean": 10.0,
        "mix_samples": 131072,
        "stage2_samples": 131072,
        "intv_targets": [
            0,
            1,
            2,
            3
        ]
    },
    "intv_args_dict": {
        "0": {
            "intv_type": "do",
            "inode": 0,
            "new_mui": 10.0,
            "true_params": {
                "Si": [
                    [
                        0.0,
                        0.0,
                        0.0,
                        0.0
                    ],
                    [
                        0.0,
                        1.0,
                        0.3359178528559972,
                        -0.9374791015364944
                    ],
                    [
                        0.0,
                        0.3359178528559972,
                        1.1128408038673834,
                        -0.31491596688550855
                    ],
                    [
                        0.0,
                        -0.9374791015364944,
                        -0.31491596688550855,
                        1.8788670658176727
                    ]
                ],
                "mui": [
                    10.0,
                    8.750535066249878,
                    -1.3468116685664955,
                    -4.084974753592133
                ],
                "Ai": [
                    [
                        0.0,
                        0.0,
                        0.0,
                        0.0
                    ],
                    [
                        0.8250535066249878,
                        0.0,
                        0.0,
                        0.0
                    ],
                    [
                        -0.4786272619362265,
                        0.3359178528559972,
                        0.0,
                        0.0
                    ],
                    [
                        0.3618468998279391,
                        -0.9374791015364944,
                        0.0,
                        0.0
                    ]
                ]
            },
            "est_params": {
                "mui": [
                    10.0,
                    8.753553148978051,
                    -1.3527085966594035,
                    -4.0751575672020275
                ],
                "Si": [
                    [
                        1e-06,
                        0.0,
                        0.0,
                        0.0
                    ],
                    [
                        0.0,
                        1.0041887751788687,
                        0.33791087283718346,
                        -0.9418335235849612
                    ],
                    [
                        0.0,
                        0.33791087283718346,
                        1.1120589021503628,
                        -0.3213970008767042
                    ],
                    [
                        0.0,
                        -0.9418335235849612,
                        -0.3213970008767042,
                        1.8895245161636127
                    ]
                ]
            },
            "est_tgt": [
                0
            ]
        },
        "1": {
            "intv_type": "do",
            "inode": 1,
            "new_mui": 10.0,
            "true_params": {
                "Si": [
                    [
                        1.0,
                        0.0,
                        -0.4786272619362265,
                        0.3618468998279391
                    ],
                    [
                        0.0,
                        0.0,
                        0.0,
                        0.0
                    ],
                    [
                        -0.4786272619362265,
                        0.0,
                        1.2290840558685692,
                        -0.17318979090475853
                    ],
                    [
                        0.3618468998279391,
                        0.0,
                        -0.17318979090475853,
                        1.1309331789150905
                    ]
                ],
                "mui": [
                    0.5,
                    10.0,
                    3.6198648975918584,
                    -8.693867565450974
                ],
                "Ai": [
                    [
                        0.0,
                        0.0,
                        0.0,
                        0.0
                    ],
                    [
                        0.0,
                        0.0,
                        0.0,
                        0.0
                    ],
                    [
                        -0.4786272619362265,
                        0.3359178528559972,
                        0.0,
                        0.0
                    ],
                    [
                        0.3618468998279391,
                        -0.9374791015364944,
                        0.0,
                        0.0
                    ]
                ]
            },
            "est_params": {
                "mui": [
                    0.5014079406470826,
                    9.999999999999996,
                    3.6109309342565363,
                    -8.703846222284978
                ],
                "Si": [
                    [
                        1.018354608238681,
                        -1.0877202338290767e-25,
                        -0.4846500459745257,
                        0.3797940418594931
                    ],
                    [
                        -1.0877201664205e-25,
                        1e-06,
                        4.876830080634431e-26,
                        -4.0517433729933206e-26
                    ],
                    [
                        -0.4846500459745257,
                        4.8768295991445977e-26,
                        1.2485564799015985,
                        -0.17210316831656197
                    ],
                    [
                        0.3797940418594931,
                        -4.051743324844337e-26,
                        -0.17210316831656197,
                        1.158379917805144
                    ]
                ]
            },
            "est_tgt": [
                1
            ]
        },
        "2": {
            "intv_type": "do",
            "inode": 2,
            "new_mui": 10.0,
            "true_params": {
                "Si": [
                    [
                        1.0,
                        0.8250535066249878,
                        0.0,
                        -0.4116235202823885
                    ],
                    [
                        0.8250535066249878,
                        1.680713288794189,
                        0.0,
                        -1.2770905303548008
                    ],
                    [
                        0.0,
                        0.0,
                        0.0,
                        0.0
                    ],
                    [
                        -0.4116235202823885,
                        -1.2770905303548008,
                        0.0,
                        2.0483009882673384
                    ]
                ],
                "mui": [
                    0.5,
                    0.9125267533124939,
                    10.0,
                    -0.17455131090944145
                ],