{
    "expt_args": {
        "save_dir": "all_expt_logs/expt_logs_sim_compsel_n48_middleout_oracle_corr-half",
        "exp_name": "92",
        "num_nodes": 4,
        "num_tgt_prior": 5,
        "obs_noise_mean": 0.0,
        "obs_noise_var": 1.0,
        "obs_noise_gamma_shape": 2.0,
        "noise_type": "gaussian",
        "max_edge_strength": 1.0,
        "graph_sparsity_method": "adj_dense_prop",
        "adj_dense_prop": 0.8,
        "num_parents": null,
        "new_noise_mean": 1.0,
        "mix_samples": 16384,
        "stage2_samples": 16384,
        "gmm_tol": 0.001,
        "intv_type": "do",
        "new_noise_var": null,
        "dtype": "simulation",
        "cutoff_drop_ratio": 0.07,
        "intv_targets": [
            0,
            3
        ]
    },
    "intv_args_dict": {
        "0": {
            "intv_type": "do",
            "inode": 0,
            "new_mui": 1.0,
            "new_vari": null,
            "noise_type": "gaussian",
            "obs_noise_gamma_shape": 2.0,
            "true_params": {
                "Si": [
                    [
                        1e-09,
                        0.0,
                        -5.028104784678855e-10,
                        -9.29497309901201e-10
                    ],
                    [
                        0.0,
                        1.0,
                        -0.7769437520644658,
                        -0.026870000306991826
                    ],
                    [
                        -5.028104784678855e-10,
                        -0.7769437520644658,
                        1.6036415941248285,
                        0.8428363525750622
                    ],
                    [
                        -9.29497309901201e-10,
                        -0.026870000306991826,
                        0.8428363525750622,
                        1.676340031015614
                    ]
                ],
                "mui": [
                    1.0,
                    0.0,
                    -0.5028104784678855,
                    -0.9294973099012009
                ],
                "Ai": [
                    [
                        0.0,
                        0.0,
                        0.0,
                        0.0
                    ],
                    [
                        0.0,
                        0.0,
                        0.0,
                        0.0
                    ],
                    [
                        -0.5028104784678855,
                        -0.7769437520644658,
                        0.0,
                        0.0
                    ],
                    [
                        -0.5162072727503557,
                        0.6117465876632388,
                        0.8219598732512136,
                        0.0
                    ]
                ]
            },
            "est_params": {
                "mui": [
                    1.0000026066403782,
                    -0.020761031529062824,
                    -0.49159678444056476,
                    -0.9356086978480064
                ],
                "Si": [
                    [
                        1.0140128281341149e-06,
                        4.6467841041184643e-07,
                        4.4315041230034635e-07,
                        -5.814425850959838e-07
                    ],
                    [
                        4.6467841041184616e-07,
                        1.0350231424104415,
                        -0.807683794495542,
                        -0.03376229382093823
                    ],
                    [
                        4.431504123003464e-07,
                        -0.807683794495542,
                        1.5850500568881039,
                        0.7870831952504024
                    ],
                    [
                        -5.814425850959835e-07,
                        -0.03376229382093825,
                        0.7870831952504024,
                        1.619501380286422
                    ]
                ]
            },
            "est_tgt": [
                0,
                2
            ],
            "oracle_est_tgt": [
                0,
                2
            ]
        },
        "3": {
            "intv_type": "do",
            "inode": 3,
            "new_mui": 1.0,
            "new_vari": null,
            "noise_type": "gaussian",
            "obs_noise_gamma_shape": 2.0,
            "true_params": {
                "Si": [
                    [
                        1.0,
                        0.0,
                        -0.5028104784678855,
                        0.0
                    ],
                    [
                        0.0,
                        1.0,
                        -0.7769437520644658,
                        0.0
                    ],
                    [
                        -0.5028104784678855,
                        -0.7769437520644658,
                        1.856459971129114,
                        0.0
                    ],
                    [
                        0.0,
                        0.0,
                        0.0,
                        1e-09
                    ]
                ],
                "mui": [
                    0.0,
                    0.0,
                    0.0,
                    1.0
                ],
                "Ai": [
                    [
                        0.0,
                        0.0,
                        0.0,
                        0.0
                    ],
                    [
                        0.0,
                        0.0,
                        0.0,
                        0.0
                    ],
                    [
                        -0.5028104784678855,
                        -0.7769437520644658,
                        0.0,
                        0.0
                    ],
                    [
                        0.0,
                        0.0,
                        0.0,
                        0.0
                    ]
                ]
            },
            "est_params": {
                "mui": [
                    0.0057258213886450735,
                    -0.01857387939521417,
                    0.027151485741517406,
                    1.0000003801406625
                ],
                "Si": [
                    [
                        0.989191724845278,
                        -0.0073055134656189406,
                        -0.47051372783514733,
                        -1.0828331515210606e-07
                    ],
                    [
                        -0.007305513465618944,
                        1.0000401472787812,
                        -0.7679932069389602,
                        7.942669827646534e-08
                    ],
                    [
                        -0.47051372783514733,
                        -0.7679932069389602,
                        1.820660845119629,
                        7.847432645332722e-07
                    ],
                    [
                        -1.0828331515210563e-07,
                        7.942669827646546e-08,
                        7.847432645332722e-07,
                        1.0048174230978964e-06
                    ]
                ]
            },
            "est_tgt": [
                2,
                3
            ],
            "oracle_est_tgt": [
                2,
                3
            ]
        },
        "obs": {
            "intv_type": "obs",
            "noise_type": "gaussian",
            "obs_noise_gamma_shape": 2.0,