{
    "expt_args": {
        "save_dir": "all_expt_logs/expt_logs_sim_compsel_n48_middleout_oracle_corr-half",
        "exp_name": "98",
        "num_nodes": 4,
        "num_tgt_prior": 5,
        "obs_noise_mean": 0.0,
        "obs_noise_var": 1.0,
        "obs_noise_gamma_shape": 2.0,
        "noise_type": "gaussian",
        "max_edge_strength": 1.0,
        "graph_sparsity_method": "adj_dense_prop",
        "adj_dense_prop": 0.8,
        "num_parents": null,
        "new_noise_mean": 1.0,
        "mix_samples": 1048576,
        "stage2_samples": 1048576,
        "gmm_tol": 0.001,
        "intv_type": "do",
        "new_noise_var": null,
        "dtype": "simulation",
        "cutoff_drop_ratio": 0.07,
        "intv_targets": [
            2,
            1
        ]
    },
    "intv_args_dict": {
        "2": {
            "intv_type": "do",
            "inode": 2,
            "new_mui": 1.0,
            "new_vari": null,
            "noise_type": "gaussian",
            "obs_noise_gamma_shape": 2.0,
            "true_params": {
                "Si": [
                    [
                        1.0,
                        0.827005336433841,
                        0.0,
                        -0.03702795136330672
                    ],
                    [
                        0.827005336433841,
                        1.6839378264900504,
                        0.0,
                        -0.7882971798821281
                    ],
                    [
                        0.0,
                        0.0,
                        1e-09,
                        9.30069702160265e-10
                    ],
                    [
                        -0.03702795136330672,
                        -0.7882971798821281,
                        9.30069702160265e-10,
                        1.5754422733842914
                    ]
                ],
                "mui": [
                    0.0,
                    0.0,
                    1.0,
                    0.930069702160265
                ],
                "Ai": [
                    [
                        0.0,
                        0.0,
                        0.0,
                        0.0
                    ],
                    [
                        0.827005336433841,
                        0.0,
                        0.0,
                        0.0
                    ],
                    [
                        0.0,
                        0.0,
                        0.0,
                        0.0
                    ],
                    [
                        0.5895732065201614,
                        -0.7576748665074607,
                        0.930069702160265,
                        0.0
                    ]
                ]
            },
            "est_params": {
                "mui": [
                    0.0004974643216530246,
                    -0.0023209116282008665,
                    1.0000000378315104,
                    0.9304429673727083
                ],
                "Si": [
                    [
                        1.0009063525009438,
                        0.8273429187883455,
                        8.791502915603681e-09,
                        -0.037343464884116793
                    ],
                    [
                        0.8273429187883455,
                        1.6846666749893517,
                        -6.77641543068664e-08,
                        -0.7864133211000307
                    ],
                    [
                        8.791502915603676e-09,
                        -6.776415430686646e-08,
                        1.0105736810177054e-06,
                        2.9922466721265486e-08
                    ],
                    [
                        -0.037343464884116793,
                        -0.7864133211000305,
                        2.9922466721265486e-08,
                        1.5683731342341725
                    ]
                ]
            },
            "est_tgt": [
                2
            ],
            "oracle_est_tgt": [
                2
            ]
        },
        "1": {
            "intv_type": "do",
            "inode": 1,
            "new_mui": 1.0,
            "new_vari": null,
            "noise_type": "gaussian",
            "obs_noise_gamma_shape": 2.0,
            "true_params": {
                "Si": [
                    [
                        1.0,
                        0.0,
                        0.0,
                        0.5895732065201614
                    ],
                    [
                        0.0,
                        1e-09,
                        5.457157766737592e-10,
                        -2.501211566323399e-10
                    ],
                    [
                        0.0,
                        5.457157766737592e-10,
                        1.0000000002978058,
                        0.9300697020237699
                    ],
                    [
                        0.5895732065201614,
                        -2.501211566323399e-10,
                        0.9300697020237699,
                        2.2126262167855097
                    ]
                ],
                "mui": [
                    0.0,
                    1.0,
                    0.5457157766737591,
                    -0.2501211566323399
                ],
                "Ai": [
                    [
                        0.0,
                        0.0,
                        0.0,
                        0.0
                    ],
                    [
                        0.0,
                        0.0,
                        0.0,
                        0.0
                    ],
                    [
                        -0.0,
                        0.5457157766737591,
                        0.0,
                        0.0
                    ],
                    [
                        0.5895732065201614,
                        -0.7576748665074607,
                        0.930069702160265,
                        0.0
                    ]
                ]
            },
            "est_params": {
                "mui": [
                    -0.00046742250329323255,
                    0.9999998913722842,
                    0.5445318788029854,
                    -0.2502806620873642
                ],
                "Si": [
                    [
                        1.0006402703879718,
                        8.665236096363763e-08,
                        0.0005782828007012997,
                        0.5931522190034401
                    ],
                    [
                        8.66523609636377e-08,
                        1.0101022443980504e-06,
                        9.88012841873708e-08,
                        1.7122693099364558e-07
                    ],
                    [
                        0.000578282800701299,
                        9.880128418737073e-08,
                        0.9994954293424112,
                        0.9306786400203265
                    ],
                    [
                        0.5931522190034401,
                        1.7122693099364547e-07,
                        0.9306786400203265,
                        2.2187731891527465
                    ]
                ]
            },
            "est_tgt": [
                1
            ],
            "oracle_est_tgt": [
                1
            ]
        },
        "obs": {
            "intv_type": "obs",
            "noise_type": "gaussian",
            "obs_noise_gamma_shape": 2.0,