{
    "expt_args": {
        "save_dir": "all_expt_logs/expt_logs_sim_compsel_n48_middleout_oracle_corr-half",
        "exp_name": "47",
        "num_nodes": 4,
        "num_tgt_prior": 5,
        "obs_noise_mean": 0.0,
        "obs_noise_var": 1.0,
        "obs_noise_gamma_shape": 2.0,
        "noise_type": "gaussian",
        "max_edge_strength": 1.0,
        "graph_sparsity_method": "adj_dense_prop",
        "adj_dense_prop": 0.8,
        "num_parents": null,
        "new_noise_mean": 1.0,
        "mix_samples": 8192,
        "stage2_samples": 8192,
        "gmm_tol": 0.001,
        "intv_type": "do",
        "new_noise_var": null,
        "dtype": "simulation",
        "cutoff_drop_ratio": 0.07,
        "intv_targets": [
            0,
            1
        ]
    },
    "intv_args_dict": {
        "0": {
            "intv_type": "do",
            "inode": 0,
            "new_mui": 1.0,
            "new_vari": null,
            "noise_type": "gaussian",
            "obs_noise_gamma_shape": 2.0,
            "true_params": {
                "Si": [
                    [
                        1e-09,
                        0.0,
                        8.093531876975717e-10,
                        -9.296150499602641e-11
                    ],
                    [
                        0.0,
                        1.0,
                        0.7639549007746658,
                        1.427372303143458
                    ],
                    [
                        8.093531876975717e-10,
                        0.7639549007746658,
                        1.583627091072682,
                        1.8301687328918996
                    ],
                    [
                        -9.296150499602641e-11,
                        1.427372303143458,
                        1.8301687328918996,
                        3.58457835660776
                    ]
                ],
                "mui": [
                    1.0,
                    0.0,
                    0.8093531876975716,
                    -0.0929615049960264
                ],
                "Ai": [
                    [
                        0.0,
                        0.0,
                        0.0,
                        0.0
                    ],
                    [
                        0.0,
                        0.0,
                        0.0,
                        0.0
                    ],
                    [
                        0.8093531876975716,
                        0.7639549007746658,
                        0.0,
                        0.0
                    ],
                    [
                        -0.6916567846364556,
                        0.8622590745749791,
                        0.7397206667506717,
                        0.0
                    ]
                ]
            },
            "est_params": {
                "mui": [
                    1.0000003939177429,
                    0.0023082876569786295,
                    0.825079520127538,
                    -0.1023603579557609
                ],
                "Si": [
                    [
                        1.0197627948875257e-06,
                        2.475905333807371e-07,
                        -7.07974160163278e-07,
                        -7.480895620467571e-07
                    ],
                    [
                        2.475905333807371e-07,
                        1.0095808765259697,
                        0.7854838822955038,
                        1.4497910142658244
                    ],
                    [
                        -7.079741601632783e-07,
                        0.7854838822955038,
                        1.6074767476237295,
                        1.8675559007758682
                    ],
                    [
                        -7.48089562046758e-07,
                        1.4497910142658244,
                        1.8675559007758686,
                        3.6575903891807617
                    ]
                ]
            },
            "est_tgt": [
                0,
                3
            ],
            "oracle_est_tgt": [
                0
            ]
        },
        "1": {
            "intv_type": "do",
            "inode": 1,
            "new_mui": 1.0,
            "new_vari": null,
            "noise_type": "gaussian",
            "obs_noise_gamma_shape": 2.0,
            "true_params": {
                "Si": [
                    [
                        1.0,
                        0.0,
                        0.8093531876975716,
                        -0.0929615049960264
                    ],
                    [
                        0.0,
                        1e-09,
                        7.639549007746659e-10,
                        1.427372303143458e-09
                    ],
                    [
                        0.8093531876975716,
                        7.639549007746659e-10,
                        1.6550525830198475,
                        0.6644819774394221
                    ],
                    [
                        -0.0929615049960264,
                        1.427372303143458e-09,
                        0.6644819774394221,
                        1.5558285082665764
                    ]
                ],
                "mui": [
                    0.0,
                    1.0,
                    0.7639549007746658,
                    1.427372303143458
                ],
                "Ai": [
                    [
                        0.0,
                        0.0,
                        0.0,
                        0.0
                    ],
                    [
                        0.0,
                        0.0,
                        0.0,
                        0.0
                    ],
                    [
                        0.8093531876975716,
                        0.7639549007746658,
                        0.0,
                        0.0
                    ],
                    [
                        -0.6916567846364556,
                        0.8622590745749791,
                        0.7397206667506717,
                        0.0
                    ]
                ]
            },
            "est_params": {
                "mui": [
                    0.014681897470736477,
                    1.0000007132828002,
                    0.7592701070836846,
                    1.4150542780394328
                ],
                "Si": [
                    [
                        1.0077112899697243,
                        4.701449621378986e-06,
                        0.8137228162349623,
                        -0.061699520278703325
                    ],
                    [
                        4.701449621378986e-06,
                        1.009998830782731e-06,
                        4.899788910333527e-06,
                        -5.796957789224216e-07
                    ],
                    [
                        0.8137228162349623,
                        4.899788910333525e-06,
                        1.6516804476984743,
                        0.6921627280660368
                    ],
                    [
                        -0.06169952027870333,
                        -5.796957789224206e-07,
                        0.6921627280660368,
                        1.5347989911444146
                    ]
                ]
            },
            "est_tgt": [
                1,
                3
            ],
            "oracle_est_tgt": [
                1,
                3
            ]
        },
        "obs": {
            "intv_type": "obs",
            "noise_type": "gaussian",
            "obs_noise_gamma_shape": 2.0,